slug,title,institution,field,old,new,source
/programs/columbia-transplant-anesthesiology,Transplant Anesthesiology Fellowship,Columbia University Irving Medical Center,Duration,1–2 years,1 or 2 years (combined liver transplantation and major vascular anesthesiology fellowship),https://www.anesthesiology.cuimc.columbia.edu/transplant-anesthesiology-fellowship
/programs/columbia-transplant-anesthesiology,Transplant Anesthesiology Fellowship,Columbia University Irving Medical Center,International applicants,Check with programme,Possible if eligible for US employment; ECFMG certificate required where applicable,https://www.anesthesiology.cuimc.columbia.edu/file/2581/download?token=aR8nO_nw
/programs/columbia-transplant-anesthesiology,Transplant Anesthesiology Fellowship,Columbia University Irving Medical Center,Application method,Submit the official application and checklist materials to the programme coordinator.,"Complete the Fellowship Interest Form and document checklist (CV, personal statement, 3 references incl. current PD, USMLE Steps 1-3, ABA ITE and Basic Exam scores, transcript, MSPE, ECFMG certificate if applicable, photo) and email to the Education and Project Coordinator",https://www.anesthesiology.cuimc.columbia.edu/file/2581/download?token=aR8nO_nw
/programs/columbia-transplant-anesthesiology,Transplant Anesthesiology Fellowship,Columbia University Irving Medical Center,Visa support,Not stated on official page,No H-1B sponsorship: NewYork-Presbyterian Hospital and Columbia University do not sponsor H-1B visas for GME,https://www.anesthesiology.cuimc.columbia.edu/file/2591/download?token=LuHPkr4a
/programs/columbia-transplant-anesthesiology,Transplant Anesthesiology Fellowship,Columbia University Irving Medical Center,Department,,"Department of Anesthesiology, Columbia University Irving Medical Center",https://www.anesthesiology.cuimc.columbia.edu/transplant-anesthesiology-fellowship
/programs/columbia-transplant-anesthesiology,Transplant Anesthesiology Fellowship,Columbia University Irving Medical Center,Start,Confirm current intake with the programme,Not stated on official page,https://www.anesthesiology.cuimc.columbia.edu/transplant-anesthesiology-fellowship
/programs/columbia-transplant-anesthesiology,Transplant Anesthesiology Fellowship,Columbia University Irving Medical Center,Deadline,Confirm current intake with the programme,Not stated on official page,https://www.anesthesiology.cuimc.columbia.edu/transplant-anesthesiology-fellowship
/programs/columbia-transplant-anesthesiology,Transplant Anesthesiology Fellowship,Columbia University Irving Medical Center,Positions,,Not stated on official page,https://www.anesthesiology.cuimc.columbia.edu/transplant-anesthesiology-fellowship
/programs/columbia-transplant-anesthesiology,Transplant Anesthesiology Fellowship,Columbia University Irving Medical Center,Licence requirement,,Not stated on official page,https://www.anesthesiology.cuimc.columbia.edu/transplant-anesthesiology-fellowship
/programs/columbia-university-complex-family-planning-fellowship,Complex Family Planning Fellowship,Columbia University,Accreditation,ACGME-accredited Complex Family Planning pathway,ACGME-accredited (since 2021),https://www.obgyn.columbia.edu/education/fellowships/complex-family-planning
/programs/columbia-university-complex-family-planning-fellowship,Complex Family Planning Fellowship,Columbia University,Application method,ERAS and NRMP Match,NRMP Match,https://www.obgyn.columbia.edu/education/fellowships/complex-family-planning
/programs/columbia-university-complex-family-planning-fellowship,Complex Family Planning Fellowship,Columbia University,Department,,"Department of Obstetrics and Gynecology, Columbia University Irving Medical Center",https://www.obgyn.columbia.edu/education/fellowships/complex-family-planning
/programs/columbia-university-complex-family-planning-fellowship,Complex Family Planning Fellowship,Columbia University,Deadline,The published 2026 application cycle has closed; confirm the next ERAS and NRMP cycle,Not stated on official page,https://www.obgyn.columbia.edu/education/fellowships/complex-family-planning
/programs/columbia-university-complex-family-planning-fellowship,Complex Family Planning Fellowship,Columbia University,International applicants,Check with programme,Not stated on official page,https://www.obgyn.columbia.edu/education/fellowships/complex-family-planning
/programs/columbia-university-complex-family-planning-fellowship,Complex Family Planning Fellowship,Columbia University,Positions,,Not stated on official page,https://www.obgyn.columbia.edu/education/fellowships/complex-family-planning
/programs/columbia-university-complex-family-planning-fellowship,Complex Family Planning Fellowship,Columbia University,Funding,,Not stated on official page,https://www.obgyn.columbia.edu/education/fellowships/complex-family-planning
/programs/columbia-university-complex-family-planning-fellowship,Complex Family Planning Fellowship,Columbia University,Visa support,,Not stated on official page,https://www.obgyn.columbia.edu/education/fellowships/complex-family-planning
/programs/columbia-university-complex-family-planning-fellowship,Complex Family Planning Fellowship,Columbia University,Licence requirement,,Not stated on official page,https://www.obgyn.columbia.edu/education/fellowships/complex-family-planning
/programs/columbia-university-gynecologic-oncology-fellowship,Gynecologic Oncology Fellowship,Columbia University,Accreditation,Listed by the Society of Gynecologic Oncology; confirm current ACGME status,ACGME-accredited,https://www.obgyn.columbia.edu/education/fellowships/gynecologic-oncology
/programs/columbia-university-gynecologic-oncology-fellowship,Gynecologic Oncology Fellowship,Columbia University,Department,,"Department of Obstetrics and Gynecology, Columbia University Vagelos College of Physicians and Surgeons (joint with Weill Cornell; NewYork-Presbyterian)",https://www.obgyn.columbia.edu/education/fellowships/gynecologic-oncology
/programs/columbia-university-gynecologic-oncology-fellowship,Gynecologic Oncology Fellowship,Columbia University,Duration,3 years,3 years (1 research year + 2 clinical years rotating between Columbia and Weill Cornell),https://www.obgyn.columbia.edu/education/fellowships/gynecologic-oncology
/programs/columbia-university-gynecologic-oncology-fellowship,Gynecologic Oncology Fellowship,Columbia University,Start,Annual academic intake; confirm exact date with programme,Not stated on official page,https://www.obgyn.columbia.edu/education/fellowships/gynecologic-oncology
/programs/columbia-university-gynecologic-oncology-fellowship,Gynecologic Oncology Fellowship,Columbia University,Deadline,Follow the current ERAS and NRMP Gynecologic Oncology fellowship timeline,Not stated on official page,https://www.obgyn.columbia.edu/education/fellowships/gynecologic-oncology
/programs/columbia-university-gynecologic-oncology-fellowship,Gynecologic Oncology Fellowship,Columbia University,International applicants,Check with programme,Not stated on official page,https://www.obgyn.columbia.edu/education/fellowships/gynecologic-oncology
/programs/columbia-university-gynecologic-oncology-fellowship,Gynecologic Oncology Fellowship,Columbia University,Positions,,Not stated on official page,https://www.obgyn.columbia.edu/education/fellowships/gynecologic-oncology
/programs/columbia-university-gynecologic-oncology-fellowship,Gynecologic Oncology Fellowship,Columbia University,Funding,,Not stated on official page,https://www.obgyn.columbia.edu/education/fellowships/gynecologic-oncology
/programs/columbia-university-gynecologic-oncology-fellowship,Gynecologic Oncology Fellowship,Columbia University,Visa support,,Not stated on official page,https://www.obgyn.columbia.edu/education/fellowships/gynecologic-oncology
/programs/columbia-university-gynecologic-oncology-fellowship,Gynecologic Oncology Fellowship,Columbia University,Licence requirement,,Not stated on official page,https://www.obgyn.columbia.edu/education/fellowships/gynecologic-oncology
/programs/complex-family-planning-fellowship-stanford,Complex Family Planning Fellowship,Stanford Medicine,Accreditation,,ACGME-accredited,https://med.stanford.edu/obgyn/divisions/gyn/fellowships.html
/programs/complex-family-planning-fellowship-stanford,Complex Family Planning Fellowship,Stanford Medicine,Department,,"Division of Gynecology, Department of Obstetrics and Gynecology",https://med.stanford.edu/obgyn/divisions/gyn/fellowships.html
/programs/complex-family-planning-fellowship-stanford,Complex Family Planning Fellowship,Stanford Medicine,State or region,,California,https://med.stanford.edu/obgyn/divisions/gyn/fellowships.html
/programs/complex-family-planning-fellowship-stanford,Complex Family Planning Fellowship,Stanford Medicine,Start,Annual academic intake,Not stated on official page,https://med.stanford.edu/obgyn/divisions/gyn/fellowships.html
/programs/complex-family-planning-fellowship-stanford,Complex Family Planning Fellowship,Stanford Medicine,Deadline,Follow the current annual application cycle,Not stated on official page,https://med.stanford.edu/obgyn/divisions/gyn/fellowships.html
/programs/complex-family-planning-fellowship-stanford,Complex Family Planning Fellowship,Stanford Medicine,International applicants,Check with programme,Not stated on official page,https://med.stanford.edu/obgyn/divisions/gyn/fellowships.html
/programs/complex-family-planning-fellowship-stanford,Complex Family Planning Fellowship,Stanford Medicine,Application method,,Not stated on official page,https://med.stanford.edu/obgyn/divisions/gyn/fellowships.html
/programs/complex-family-planning-fellowship-stanford,Complex Family Planning Fellowship,Stanford Medicine,Positions,,Not stated on official page,https://med.stanford.edu/obgyn/divisions/gyn/fellowships.html
/programs/complex-family-planning-fellowship-stanford,Complex Family Planning Fellowship,Stanford Medicine,Funding,,Not stated on official page,https://med.stanford.edu/obgyn/divisions/gyn/fellowships.html
/programs/complex-family-planning-fellowship-stanford,Complex Family Planning Fellowship,Stanford Medicine,Visa support,,Not stated on official page,https://med.stanford.edu/obgyn/divisions/gyn/fellowships.html
/programs/complex-family-planning-fellowship-stanford,Complex Family Planning Fellowship,Stanford Medicine,Licence requirement,,Not stated on official page,https://med.stanford.edu/obgyn/divisions/gyn/fellowships.html
/programs/cooper-medical-school-of-rowan-university-cooper-university-hospital-urogynecology-reconstructive-pelvic-surgery-fellowship,Urogynecology & Reconstructive Pelvic Surgery Fellowship,Cooper Medical School of Rowan University / Cooper University Hospital,Duration,3 years for OBGYN pathways; confirm urology-entry options,3 years,https://www.cooperhealth.edu/graduate-medical-education/fellowships/urogynecology-and-reconstructive-pelvic-surgery
/programs/cooper-medical-school-of-rowan-university-cooper-university-hospital-urogynecology-reconstructive-pelvic-surgery-fellowship,Urogynecology & Reconstructive Pelvic Surgery Fellowship,Cooper Medical School of Rowan University / Cooper University Hospital,Positions,1 position in the published 2026 cycle,1 fellow per year,https://www.cooperhealth.edu/graduate-medical-education/fellowships/urogynecology-and-reconstructive-pelvic-surgery
/programs/cooper-medical-school-of-rowan-university-cooper-university-hospital-urogynecology-reconstructive-pelvic-surgery-fellowship,Urogynecology & Reconstructive Pelvic Surgery Fellowship,Cooper Medical School of Rowan University / Cooper University Hospital,Accreditation,Listed in the American Urogynecologic Society 2026 programme guide; confirm current ACGME status,ACGME-accredited,https://www.cooperhealth.edu/graduate-medical-education/fellowships/urogynecology-and-reconstructive-pelvic-surgery
/programs/cooper-medical-school-of-rowan-university-cooper-university-hospital-urogynecology-reconstructive-pelvic-surgery-fellowship,Urogynecology & Reconstructive Pelvic Surgery Fellowship,Cooper Medical School of Rowan University / Cooper University Hospital,Eligibility,"Completed eligible Obstetrics and Gynaecology or Urology residency; ERAS, NRMP and institution-specific requirements apply",Satisfactory completion of an ACGME- or RCPSC-approved Obstetrics and Gynecology or Urology residency,https://www.cooperhealth.edu/graduate-medical-education/fellowships/urogynecology-and-reconstructive-pelvic-surgery/apply
/programs/cooper-medical-school-of-rowan-university-cooper-university-hospital-urogynecology-reconstructive-pelvic-surgery-fellowship,Urogynecology & Reconstructive Pelvic Surgery Fellowship,Cooper Medical School of Rowan University / Cooper University Hospital,International applicants,Check with programme,"Accepted applicants must be a US citizen, permanent resident, or hold a J-1 visa",https://www.cooperhealth.edu/graduate-medical-education/fellowships/urogynecology-and-reconstructive-pelvic-surgery/apply
/programs/cooper-medical-school-of-rowan-university-cooper-university-hospital-urogynecology-reconstructive-pelvic-surgery-fellowship,Urogynecology & Reconstructive Pelvic Surgery Fellowship,Cooper Medical School of Rowan University / Cooper University Hospital,Visa support,,J-1 visa only (no other visa types stated),https://www.cooperhealth.edu/graduate-medical-education/fellowships/urogynecology-and-reconstructive-pelvic-surgery/apply
/programs/cooper-medical-school-of-rowan-university-cooper-university-hospital-urogynecology-reconstructive-pelvic-surgery-fellowship,Urogynecology & Reconstructive Pelvic Surgery Fellowship,Cooper Medical School of Rowan University / Cooper University Hospital,Application method,ERAS and NRMP Match,"ERAS only (3 letters incl. one from current/most recent training director, personal statement); NRMP Match",https://www.cooperhealth.edu/graduate-medical-education/fellowships/urogynecology-and-reconstructive-pelvic-surgery/apply
/programs/cooper-medical-school-of-rowan-university-cooper-university-hospital-urogynecology-reconstructive-pelvic-surgery-fellowship,Urogynecology & Reconstructive Pelvic Surgery Fellowship,Cooper Medical School of Rowan University / Cooper University Hospital,Department,,"Division of Urogynecology and Reconstructive Pelvic Surgery, Department of Obstetrics and Gynecology, Cooper University Hospital",https://www.cooperhealth.edu/graduate-medical-education/fellowships/urogynecology-and-reconstructive-pelvic-surgery
/programs/cooper-medical-school-of-rowan-university-cooper-university-hospital-urogynecology-reconstructive-pelvic-surgery-fellowship,Urogynecology & Reconstructive Pelvic Surgery Fellowship,Cooper Medical School of Rowan University / Cooper University Hospital,Funding,,Not stated on official page,https://www.cooperhealth.edu/graduate-medical-education/fellowships/urogynecology-and-reconstructive-pelvic-surgery
/programs/cooper-medical-school-of-rowan-university-cooper-university-hospital-urogynecology-reconstructive-pelvic-surgery-fellowship,Urogynecology & Reconstructive Pelvic Surgery Fellowship,Cooper Medical School of Rowan University / Cooper University Hospital,Licence requirement,,Not stated on official page,https://www.cooperhealth.edu/graduate-medical-education/fellowships/urogynecology-and-reconstructive-pelvic-surgery
/programs/cooper-university-hospital-gynecologic-oncology-fellowship,Gynecologic Oncology Fellowship,Cooper University Hospital,Positions,,1 fellow per year,https://www.cooperhealth.edu/graduate-medical-education/fellowships/gynecologic-oncology
/programs/cooper-university-hospital-gynecologic-oncology-fellowship,Gynecologic Oncology Fellowship,Cooper University Hospital,Accreditation,Listed by the Society of Gynecologic Oncology; confirm current ACGME status,ACGME-accredited,https://www.cooperhealth.edu/graduate-medical-education/fellowships/gynecologic-oncology
/programs/cooper-university-hospital-gynecologic-oncology-fellowship,Gynecologic Oncology Fellowship,Cooper University Hospital,Deadline,Follow the current ERAS and NRMP Gynecologic Oncology fellowship timeline,6 April 2026 (published deadline for the current ERAS cycle; next cycle not yet posted),https://www.cooperhealth.edu/graduate-medical-education/fellowships/gynecologic-oncology/apply
/programs/cooper-university-hospital-gynecologic-oncology-fellowship,Gynecologic Oncology Fellowship,Cooper University Hospital,Eligibility,"Completed Obstetrics and Gynaecology residency; ERAS, NRMP and institution-specific requirements apply",Successful completion of a four-year Obstetrics and Gynecology residency,https://www.cooperhealth.edu/graduate-medical-education/fellowships/gynecologic-oncology/apply
/programs/cooper-university-hospital-gynecologic-oncology-fellowship,Gynecologic Oncology Fellowship,Cooper University Hospital,International applicants,Check with programme,"Accepted applicants must be a US citizen, resident alien, or hold a J-1 visa",https://www.cooperhealth.edu/graduate-medical-education/fellowships/gynecologic-oncology/apply
/programs/cooper-university-hospital-gynecologic-oncology-fellowship,Gynecologic Oncology Fellowship,Cooper University Hospital,Visa support,,J-1 visa only (no other visa types stated),https://www.cooperhealth.edu/graduate-medical-education/fellowships/gynecologic-oncology/apply
/programs/cooper-university-hospital-gynecologic-oncology-fellowship,Gynecologic Oncology Fellowship,Cooper University Hospital,Application method,ERAS and NRMP Match,ERAS only (3 letters incl. one from training director; SGO SLOEs accepted; personal statement; CREOG scores emailed to programme),https://www.cooperhealth.edu/graduate-medical-education/fellowships/gynecologic-oncology/apply
/programs/cooper-university-hospital-gynecologic-oncology-fellowship,Gynecologic Oncology Fellowship,Cooper University Hospital,Duration,3 years,3 years (second year is 12 months of research),https://www.cooperhealth.edu/graduate-medical-education/fellowships/gynecologic-oncology
/programs/cooper-university-hospital-gynecologic-oncology-fellowship,Gynecologic Oncology Fellowship,Cooper University Hospital,Department,,"Division of Gynecologic Oncology, Department of Obstetrics and Gynecology, Cooper University Hospital",https://www.cooperhealth.edu/graduate-medical-education/fellowships/gynecologic-oncology
/programs/cooper-university-hospital-gynecologic-oncology-fellowship,Gynecologic Oncology Fellowship,Cooper University Hospital,Start,Annual academic intake; confirm exact date with programme,Not stated on official page,https://www.cooperhealth.edu/graduate-medical-education/fellowships/gynecologic-oncology
/programs/cooper-university-hospital-gynecologic-oncology-fellowship,Gynecologic Oncology Fellowship,Cooper University Hospital,Funding,,Not stated on official page,https://www.cooperhealth.edu/graduate-medical-education/fellowships/gynecologic-oncology
/programs/cooper-university-hospital-gynecologic-oncology-fellowship,Gynecologic Oncology Fellowship,Cooper University Hospital,Licence requirement,,Not stated on official page,https://www.cooperhealth.edu/graduate-medical-education/fellowships/gynecologic-oncology
/programs/cornea-external-disease-fellowship-wilmer,Cornea & External Disease Fellowship,Johns Hopkins Medicine,Duration,1 year,1 year; two-year appointments considered for applicants with a serious commitment to research,https://www.hopkinsmedicine.org/wilmer/education/clinical-training/fellowships/cornea
/programs/cornea-external-disease-fellowship-wilmer,Cornea & External Disease Fellowship,Johns Hopkins Medicine,Application method,,SF Match (include a small photo with application),https://www.hopkinsmedicine.org/wilmer/education/clinical-training/fellowships/cornea
/programs/cornea-external-disease-fellowship-wilmer,Cornea & External Disease Fellowship,Johns Hopkins Medicine,Licence requirement,,Maryland medical licence required; applicants must be eligible for Maryland licensure,https://www.hopkinsmedicine.org/wilmer/education/clinical-training/fellowships/cornea
/programs/cornea-external-disease-fellowship-wilmer,Cornea & External Disease Fellowship,Johns Hopkins Medicine,Department,,"Wilmer Eye Institute, Johns Hopkins Medicine",https://www.hopkinsmedicine.org/wilmer/education/clinical-training/fellowships/cornea
/programs/cornea-external-disease-fellowship-wilmer,Cornea & External Disease Fellowship,Johns Hopkins Medicine,Start,Annual academic intake,Not stated on official page,https://www.hopkinsmedicine.org/wilmer/education/clinical-training/fellowships/cornea
/programs/cornea-external-disease-fellowship-wilmer,Cornea & External Disease Fellowship,Johns Hopkins Medicine,Deadline,Follow the current ophthalmology fellowship match timeline,Not stated on official page,https://www.hopkinsmedicine.org/wilmer/education/clinical-training/fellowships/cornea
/programs/cornea-external-disease-fellowship-wilmer,Cornea & External Disease Fellowship,Johns Hopkins Medicine,International applicants,Check with programme,Not stated on official page,https://www.hopkinsmedicine.org/wilmer/education/clinical-training/fellowships/cornea
/programs/cornea-external-disease-fellowship-wilmer,Cornea & External Disease Fellowship,Johns Hopkins Medicine,Accreditation,,Not stated on official page,https://www.hopkinsmedicine.org/wilmer/education/clinical-training/fellowships/cornea
/programs/cornea-external-disease-fellowship-wilmer,Cornea & External Disease Fellowship,Johns Hopkins Medicine,Positions,,Not stated on official page,https://www.hopkinsmedicine.org/wilmer/education/clinical-training/fellowships/cornea
/programs/cornea-external-disease-fellowship-wilmer,Cornea & External Disease Fellowship,Johns Hopkins Medicine,Funding,,Not stated on official page,https://www.hopkinsmedicine.org/wilmer/education/clinical-training/fellowships/cornea
/programs/cornea-external-disease-fellowship-wilmer,Cornea & External Disease Fellowship,Johns Hopkins Medicine,Visa support,,Not stated on official page,https://www.hopkinsmedicine.org/wilmer/education/clinical-training/fellowships/cornea
/programs/critical-care-anesthesiology-fellowship-ucsf,Critical Care Anesthesiology Fellowship,UCSF Health,Duration,1 year,1 year; two-year track for those seeking certification through the American Board of Emergency Medicine; optional second clinical/research year depending on funding,https://anesthesia.ucsf.edu/opportunities/critical-care-anesthesiology-fellowship
/programs/critical-care-anesthesiology-fellowship-ucsf,Critical Care Anesthesiology Fellowship,UCSF Health,Application method,SF Match,"SF Match (common application) plus 3 letters, USMLE/FLEX scores and ITE scores sent to programme coordinator; virtual interviews January-April",https://anesthesia.ucsf.edu/opportunities/critical-care-anesthesiology-fellowship
/programs/critical-care-anesthesiology-fellowship-ucsf,Critical Care Anesthesiology Fellowship,UCSF Health,Deadline,1 March in the year before starting; earlier submission encouraged,1 March of the year before the fellowship start (submission by 1 February encouraged); rolling interviews,https://anesthesia.ucsf.edu/opportunities/critical-care-anesthesiology-fellowship
/programs/critical-care-anesthesiology-fellowship-ucsf,Critical Care Anesthesiology Fellowship,UCSF Health,Department,,"Division of Critical Care Medicine, UCSF Department of Anesthesia and Perioperative Care",https://anesthesia.ucsf.edu/opportunities/critical-care-anesthesiology-fellowship
/programs/critical-care-anesthesiology-fellowship-ucsf,Critical Care Anesthesiology Fellowship,UCSF Health,Start,Annual academic intake,Not stated on official page,https://anesthesia.ucsf.edu/opportunities/critical-care-anesthesiology-fellowship
/programs/critical-care-anesthesiology-fellowship-ucsf,Critical Care Anesthesiology Fellowship,UCSF Health,Positions,,Not stated on official page,https://anesthesia.ucsf.edu/opportunities/critical-care-anesthesiology-fellowship
/programs/critical-care-anesthesiology-fellowship-ucsf,Critical Care Anesthesiology Fellowship,UCSF Health,Funding,,Not stated on official page,https://anesthesia.ucsf.edu/opportunities/critical-care-anesthesiology-fellowship
/programs/critical-care-anesthesiology-fellowship-ucsf,Critical Care Anesthesiology Fellowship,UCSF Health,Visa support,,Not stated on official page,https://anesthesia.ucsf.edu/opportunities/critical-care-anesthesiology-fellowship
/programs/critical-care-anesthesiology-fellowship-ucsf,Critical Care Anesthesiology Fellowship,UCSF Health,Licence requirement,,Not stated on official page,https://anesthesia.ucsf.edu/opportunities/critical-care-anesthesiology-fellowship
/programs/regional-anesthesia-acute-pain-fellowship-ucsf,Regional Anesthesiology and Acute Pain Medicine Fellowship,UCSF Health,Application method,SF Match,SF Match (Regional Anesthesiology and Acute Pain Medicine match); virtual interviews February–April,https://anesthesia.ucsf.edu/opportunities/regional-anesthesia
/programs/regional-anesthesia-acute-pain-fellowship-ucsf,Regional Anesthesiology and Acute Pain Medicine Fellowship,UCSF Health,Start,Confirm current intake with the programme,Not stated on official page,https://anesthesia.ucsf.edu/opportunities/regional-anesthesia
/programs/regional-anesthesia-acute-pain-fellowship-ucsf,Regional Anesthesiology and Acute Pain Medicine Fellowship,UCSF Health,Deadline,Confirm current intake with the programme,Not stated on official page,https://anesthesia.ucsf.edu/opportunities/regional-anesthesia
/programs/regional-anesthesia-acute-pain-fellowship-ucsf,Regional Anesthesiology and Acute Pain Medicine Fellowship,UCSF Health,Eligibility,Confirm programme-specific prior training and clinical appointment requirements,Not stated on official page,https://anesthesia.ucsf.edu/opportunities/regional-anesthesia
/programs/regional-anesthesia-acute-pain-fellowship-ucsf,Regional Anesthesiology and Acute Pain Medicine Fellowship,UCSF Health,International applicants,Check with programme,Not stated on official page,https://anesthesia.ucsf.edu/opportunities/regional-anesthesia
/programs/regional-anesthesia-acute-pain-fellowship-ucsf,Regional Anesthesiology and Acute Pain Medicine Fellowship,UCSF Health,Positions,,Not stated on official page,https://anesthesia.ucsf.edu/opportunities/regional-anesthesia
/programs/regional-anesthesia-acute-pain-fellowship-ucsf,Regional Anesthesiology and Acute Pain Medicine Fellowship,UCSF Health,Licence requirement,,Not stated on official page,https://anesthesia.ucsf.edu/opportunities/regional-anesthesia
/programs/regional-anesthesiology-acute-pain-fellowship-ucla,Regional Anesthesiology and Acute Pain Medicine Fellowship,UCLA Health,Start,Confirm current intake with the programme,1 August 2027 (expected start date 1 August),https://www.uclahealth.org/departments/anes/education/fellowship-programs/regional-anesthesiology-and-acute-pain-medicine-fellowship/application-process
/programs/regional-anesthesiology-acute-pain-fellowship-ucla,Regional Anesthesiology and Acute Pain Medicine Fellowship,UCLA Health,Deadline,Confirm current intake with the programme,2027–28 cycle: applications opened 5 January 2026; deadline 4 March 2026 (closed). 2028–29 dates not yet posted,https://www.uclahealth.org/departments/anes/education/fellowship-programs/regional-anesthesiology-and-acute-pain-medicine-fellowship/application-process
/programs/regional-anesthesiology-acute-pain-fellowship-ucla,Regional Anesthesiology and Acute Pain Medicine Fellowship,UCLA Health,Eligibility,Confirm programme-specific prior training and clinical appointment requirements,Successful completion of an ACGME-accredited anesthesiology residency and a valid California medical licence before appointment,https://www.uclahealth.org/departments/anes/education/fellowship-programs/regional-anesthesiology-and-acute-pain-medicine-fellowship/application-process
/programs/regional-anesthesiology-acute-pain-fellowship-ucla,Regional Anesthesiology and Acute Pain Medicine Fellowship,UCLA Health,International applicants,Check with programme,IMGs may apply; valid ECFMG certificate and notarized English translations of diploma/transcripts required (ACGME-accredited anesthesiology residency still required),https://www.uclahealth.org/departments/anes/education/fellowship-programs/regional-anesthesiology-and-acute-pain-medicine-fellowship/application-process
/programs/regional-anesthesiology-acute-pain-fellowship-ucla,Regional Anesthesiology and Acute Pain Medicine Fellowship,UCLA Health,Application method,See official programme page,SF Match (CAS application) plus supplemental documents emailed to the department,https://www.uclahealth.org/departments/anes/education/fellowship-programs/regional-anesthesiology-and-acute-pain-medicine-fellowship/application-process
/programs/regional-anesthesiology-acute-pain-fellowship-ucla,Regional Anesthesiology and Acute Pain Medicine Fellowship,UCLA Health,Positions,,4 per year,https://www.uclahealth.org/departments/anes/education/fellowship-programs/regional-anesthesiology-and-acute-pain-medicine-fellowship/application-process
/programs/regional-anesthesiology-acute-pain-fellowship-ucla,Regional Anesthesiology and Acute Pain Medicine Fellowship,UCLA Health,Funding,Not stated on official page,Salary not stated; fellows may work as attending staff 1–2 days/week for additional income,https://www.uclahealth.org/departments/anes/education/fellowship-programs/regional-anesthesiology-and-acute-pain-medicine-fellowship
/programs/regional-anesthesiology-acute-pain-fellowship-ucla,Regional Anesthesiology and Acute Pain Medicine Fellowship,UCLA Health,Licence requirement,,Valid California medical licence before appointment,https://www.uclahealth.org/departments/anes/education/fellowship-programs/regional-anesthesiology-and-acute-pain-medicine-fellowship/application-process
/programs/regional-anesthesiology-fellowship-university-washington,Regional Anesthesiology Fellowship,University of Washington,Start,Confirm current intake with the programme,Fall of each year,https://anesthesiology.uw.edu/education/fellowship-program/regional-anesthesiology/
/programs/regional-anesthesiology-fellowship-university-washington,Regional Anesthesiology Fellowship,University of Washington,Deadline,Confirm current intake with the programme,Rolling – applications accepted on an ongoing basis,https://anesthesiology.uw.edu/education/fellowship-program/regional-anesthesiology/
/programs/regional-anesthesiology-fellowship-university-washington,Regional Anesthesiology Fellowship,University of Washington,Application method,See official programme page,"Direct application to the department (Application for Faculty Fellowship, CV, personal statement, 3 references, etc.) via the fellowship administrator",https://anesthesiology.uw.edu/education/fellowship-program/regional-anesthesiology/
/programs/regional-anesthesiology-fellowship-university-washington,Regional Anesthesiology Fellowship,University of Washington,Funding,Not stated on official page,Paid per UW GME salary schedule; academic allowance; internal moonlighting may be approved. Fellows work 40% as Acting Instructor,https://anesthesiology.uw.edu/education/fellowship-program/regional-anesthesiology/
/programs/regional-anesthesiology-fellowship-university-washington,Regional Anesthesiology Fellowship,University of Washington,Licence requirement,,Current medical licence required with application,https://anesthesiology.uw.edu/education/fellowship-program/regional-anesthesiology/
/programs/regional-anesthesiology-fellowship-university-washington,Regional Anesthesiology Fellowship,University of Washington,International applicants,Yes,Yes – ECFMG documentation and citizenship-status documentation (if applicable) required,https://anesthesiology.uw.edu/education/fellowship-program/regional-anesthesiology/
/programs/regional-anesthesiology-fellowship-university-washington,Regional Anesthesiology Fellowship,University of Washington,Positions,,Not stated on official page,https://anesthesiology.uw.edu/education/fellowship-program/regional-anesthesiology/
/programs/reproductive-endocrinology-infertility-stanford,Reproductive Endocrinology & Infertility Fellowship,Stanford Medicine,Application method,,ERAS application; NRMP Match,https://med.stanford.edu/obgyn/divisions/rei/fellowship.html
/programs/reproductive-endocrinology-infertility-stanford,Reproductive Endocrinology & Infertility Fellowship,Stanford Medicine,Department,,"Department of Obstetrics & Gynecology, Division of Reproductive Endocrinology & Infertility",https://med.stanford.edu/obgyn/divisions/rei/fellowship.html
/programs/reproductive-endocrinology-infertility-stanford,Reproductive Endocrinology & Infertility Fellowship,Stanford Medicine,State or region,,California,https://med.stanford.edu/obgyn/divisions/rei/fellowship.html
/programs/reproductive-endocrinology-infertility-stanford,Reproductive Endocrinology & Infertility Fellowship,Stanford Medicine,International applicants,Check with programme,Not stated on official page,https://med.stanford.edu/obgyn/divisions/rei/fellowship.html
/programs/reproductive-endocrinology-infertility-stanford,Reproductive Endocrinology & Infertility Fellowship,Stanford Medicine,Accreditation,,Not stated on official page,https://med.stanford.edu/obgyn/divisions/rei/fellowship.html
/programs/reproductive-endocrinology-infertility-stanford,Reproductive Endocrinology & Infertility Fellowship,Stanford Medicine,Positions,,Not stated on official page,https://med.stanford.edu/obgyn/divisions/rei/fellowship.html
/programs/reproductive-endocrinology-infertility-stanford,Reproductive Endocrinology & Infertility Fellowship,Stanford Medicine,Funding,,Not stated on official page,https://med.stanford.edu/obgyn/divisions/rei/fellowship.html
/programs/reproductive-endocrinology-infertility-stanford,Reproductive Endocrinology & Infertility Fellowship,Stanford Medicine,Visa support,,Not stated on official page,https://med.stanford.edu/obgyn/divisions/rei/fellowship.html
/programs/reproductive-endocrinology-infertility-stanford,Reproductive Endocrinology & Infertility Fellowship,Stanford Medicine,Licence requirement,,Not stated on official page,https://med.stanford.edu/obgyn/divisions/rei/fellowship.html
/programs/roswell-park-cancer-institute-gynecologic-oncology-fellowship,Gynecologic Oncology Fellowship,Roswell Park Cancer Institute,Start,Annual academic intake; confirm exact date with programme,1 August 2027,https://www.roswellpark.org/education/clinical-fellowships/gynecologic-oncology
/programs/roswell-park-cancer-institute-gynecologic-oncology-fellowship,Gynecologic Oncology Fellowship,Roswell Park Cancer Institute,Deadline,Follow the current ERAS and NRMP Gynecologic Oncology fellowship timeline,6 April 2026 for the academic year beginning 1 August 2027,https://www.roswellpark.org/education/clinical-fellowships/gynecologic-oncology
/programs/roswell-park-cancer-institute-gynecologic-oncology-fellowship,Gynecologic Oncology Fellowship,Roswell Park Cancer Institute,Eligibility,"Completed Obstetrics and Gynaecology residency; ERAS, NRMP and institution-specific requirements apply",Completion of an ACGME OB/GYN residency or equivalent; passage of USMLE Steps 1–3 (or NBME I–III); able to obtain a New York State medical licence; eligible for ABOG certification,https://www.roswellpark.org/education/clinical-fellowships/gynecologic-oncology
/programs/roswell-park-cancer-institute-gynecologic-oncology-fellowship,Gynecologic Oncology Fellowship,Roswell Park Cancer Institute,International applicants,Check with programme,Yes – foreign medical graduates with equivalent qualifications may apply; must have completed all three USMLE steps,https://www.roswellpark.org/education/clinical-fellowships/gynecologic-oncology
/programs/roswell-park-cancer-institute-gynecologic-oncology-fellowship,Gynecologic Oncology Fellowship,Roswell Park Cancer Institute,Accreditation,Listed by the Society of Gynecologic Oncology; confirm current ACGME status,Aligned with ABOG and ACGME objectives (page does not explicitly state ACGME accreditation),https://www.roswellpark.org/education/clinical-fellowships/gynecologic-oncology
/programs/roswell-park-cancer-institute-gynecologic-oncology-fellowship,Gynecologic Oncology Fellowship,Roswell Park Cancer Institute,Application method,ERAS and NRMP Match,ERAS,https://www.roswellpark.org/education/clinical-fellowships/gynecologic-oncology
/programs/roswell-park-cancer-institute-gynecologic-oncology-fellowship,Gynecologic Oncology Fellowship,Roswell Park Cancer Institute,Funding,,Paid; salary and benefits per University at Buffalo Jacobs School of Medicine GME schedule,https://medicine.buffalo.edu/offices/gme/residents/employment/salary-benefits-support.host.html/content/shared/smbs/gme/r/fin-supt/salary-benefits.detail.html
/programs/roswell-park-cancer-institute-gynecologic-oncology-fellowship,Gynecologic Oncology Fellowship,Roswell Park Cancer Institute,Licence requirement,,Ability to obtain a New York State medical licence,https://www.roswellpark.org/education/clinical-fellowships/gynecologic-oncology
/programs/roswell-park-cancer-institute-gynecologic-oncology-fellowship,Gynecologic Oncology Fellowship,Roswell Park Cancer Institute,Positions,,Not stated on official page,https://www.roswellpark.org/education/clinical-fellowships/gynecologic-oncology
/programs/roswell-park-cancer-institute-gynecologic-oncology-fellowship,Gynecologic Oncology Fellowship,Roswell Park Cancer Institute,Visa support,,Not stated on official page,https://www.roswellpark.org/education/clinical-fellowships/gynecologic-oncology
/programs/roswell-park-cancer-institute-gynecologic-oncology-fellowship,Gynecologic Oncology Fellowship,Roswell Park Cancer Institute,Department,,Not stated on official page,https://www.roswellpark.org/education/clinical-fellowships/gynecologic-oncology
/programs/rush-university-complex-family-planning-fellowship,Complex Family Planning Fellowship,Rush University,Start,1 August 2027 for the published cycle,1 August 2027,https://www.rushu.rush.edu/education-training/graduate-medical-education/fellowship-programs/complex-family-planning-fellowship/how-apply
/programs/rush-university-complex-family-planning-fellowship,Complex Family Planning Fellowship,Rush University,Deadline,The published 2026 application cycle has closed; confirm the next ERAS and NRMP cycle,2026 cycle (Aug 2027 start): applications opened 12 Nov 2025; SFP-recommended close 4 May 2026; rank lists due 9 Sep 2026; match results 23 Sep 2026 (cycle closed). Next cycle dates not yet posted,https://www.rushu.rush.edu/education-training/graduate-medical-education/fellowship-programs/complex-family-planning-fellowship/how-apply
/programs/rush-university-complex-family-planning-fellowship,Complex Family Planning Fellowship,Rush University,Funding,,"Paid – annual salary, health insurance, CME funding and Master's programme tuition (amount not stated)",https://www.rushu.rush.edu/education-and-training/graduate-medical-education/fellowship-programs/complex-family-planning-fellowship
/programs/rush-university-complex-family-planning-fellowship,Complex Family Planning Fellowship,Rush University,International applicants,Check with programme,Not stated on official page,https://www.rushu.rush.edu/education-training/graduate-medical-education/fellowship-programs/complex-family-planning-fellowship/how-apply
/programs/rush-university-complex-family-planning-fellowship,Complex Family Planning Fellowship,Rush University,Positions,,Not stated on official page,https://www.rushu.rush.edu/education-training/graduate-medical-education/fellowship-programs/complex-family-planning-fellowship/how-apply
/programs/rush-university-complex-family-planning-fellowship,Complex Family Planning Fellowship,Rush University,Visa support,,Not stated on official page,https://www.rushu.rush.edu/education-training/graduate-medical-education/fellowship-programs/complex-family-planning-fellowship/how-apply
/programs/rush-university-complex-family-planning-fellowship,Complex Family Planning Fellowship,Rush University,Licence requirement,,Not stated on official page,https://www.rushu.rush.edu/education-training/graduate-medical-education/fellowship-programs/complex-family-planning-fellowship/how-apply
/programs/rush-university-complex-family-planning-fellowship,Complex Family Planning Fellowship,Rush University,Department,,Not stated on official page,https://www.rushu.rush.edu/education-training/graduate-medical-education/fellowship-programs/complex-family-planning-fellowship/how-apply
/programs/rutgers-cancer-institute-of-new-jersey-gynecologic-oncology-fellowship,Gynecologic Oncology Fellowship,Rutgers Cancer Institute of New Jersey,Duration,3 years,3 years (36 months),https://cinj.org/education/gynecologic-oncology-fellowship
/programs/rutgers-cancer-institute-of-new-jersey-gynecologic-oncology-fellowship,Gynecologic Oncology Fellowship,Rutgers Cancer Institute of New Jersey,Eligibility,"Completed Obstetrics and Gynaecology residency; ERAS, NRMP and institution-specific requirements apply",Satisfactory completion of an accredited OB/GYN residency; board eligible or board certified; able to secure a New Jersey medical licence,https://cinj.org/education/gynecologic-oncology-fellowship
/programs/rutgers-cancer-institute-of-new-jersey-gynecologic-oncology-fellowship,Gynecologic Oncology Fellowship,Rutgers Cancer Institute of New Jersey,Accreditation,Listed by the Society of Gynecologic Oncology; confirm current ACGME status,ACGME,https://cinj.org/education/gynecologic-oncology-fellowship
/programs/rutgers-cancer-institute-of-new-jersey-gynecologic-oncology-fellowship,Gynecologic Oncology Fellowship,Rutgers Cancer Institute of New Jersey,Application method,ERAS and NRMP Match,ERAS (by SGO-set deadline) and NRMP Match,https://cinj.org/education/gynecologic-oncology-fellowship
/programs/rutgers-cancer-institute-of-new-jersey-gynecologic-oncology-fellowship,Gynecologic Oncology Fellowship,Rutgers Cancer Institute of New Jersey,Deadline,Follow the current ERAS and NRMP Gynecologic Oncology fellowship timeline,By the deadline established by the Society of Gynecologic Oncology (date not stated on page),https://cinj.org/education/gynecologic-oncology-fellowship
/programs/rutgers-cancer-institute-of-new-jersey-gynecologic-oncology-fellowship,Gynecologic Oncology Fellowship,Rutgers Cancer Institute of New Jersey,Positions,,1 per year,https://cinj.org/education/gynecologic-oncology-fellowship
/programs/rutgers-cancer-institute-of-new-jersey-gynecologic-oncology-fellowship,Gynecologic Oncology Fellowship,Rutgers Cancer Institute of New Jersey,Licence requirement,,Able to secure a New Jersey medical licence,https://cinj.org/education/gynecologic-oncology-fellowship
/programs/rutgers-cancer-institute-of-new-jersey-gynecologic-oncology-fellowship,Gynecologic Oncology Fellowship,Rutgers Cancer Institute of New Jersey,Start,Annual academic intake; confirm exact date with programme,Not stated on official page,https://cinj.org/education/gynecologic-oncology-fellowship
/programs/rutgers-cancer-institute-of-new-jersey-gynecologic-oncology-fellowship,Gynecologic Oncology Fellowship,Rutgers Cancer Institute of New Jersey,International applicants,Check with programme,Not stated on official page,https://cinj.org/education/gynecologic-oncology-fellowship
/programs/rutgers-cancer-institute-of-new-jersey-gynecologic-oncology-fellowship,Gynecologic Oncology Fellowship,Rutgers Cancer Institute of New Jersey,Funding,,Not stated on official page,https://cinj.org/education/gynecologic-oncology-fellowship
/programs/rutgers-cancer-institute-of-new-jersey-gynecologic-oncology-fellowship,Gynecologic Oncology Fellowship,Rutgers Cancer Institute of New Jersey,Visa support,,Not stated on official page,https://cinj.org/education/gynecologic-oncology-fellowship
/programs/rutgers-cancer-institute-of-new-jersey-gynecologic-oncology-fellowship,Gynecologic Oncology Fellowship,Rutgers Cancer Institute of New Jersey,Department,,Not stated on official page,https://cinj.org/education/gynecologic-oncology-fellowship
/programs/st-luke-s-university-health-network-gynecologic-oncology-fellowship,Gynecologic Oncology Fellowship,St. Luke’s University Health Network,Accreditation,Listed by the Society of Gynecologic Oncology; confirm current ACGME status,ACGME (new three-year programme),https://www.slhn.org/graduate-medical-education/residencies-and-fellowships/gynecologic-oncology-fellowship
/programs/st-luke-s-university-health-network-gynecologic-oncology-fellowship,Gynecologic Oncology Fellowship,St. Luke’s University Health Network,Funding,,"Paid; St. Luke's GME scale effective 1 July 2026: $73,095 (PGY1) to $92,253 (PGY7) plus $2,500 annual stipend and benefits; fellow PGY level not stated",https://www.slhn.org/-/media/slhn/GME/File/PDF/Residency-Program-Benefits-List.ashx
/programs/st-luke-s-university-health-network-gynecologic-oncology-fellowship,Gynecologic Oncology Fellowship,St. Luke’s University Health Network,Start,Annual academic intake; confirm exact date with programme,Not stated on official page,https://www.slhn.org/graduate-medical-education/residencies-and-fellowships/gynecologic-oncology-fellowship
/programs/st-luke-s-university-health-network-gynecologic-oncology-fellowship,Gynecologic Oncology Fellowship,St. Luke’s University Health Network,Deadline,Follow the current ERAS and NRMP Gynecologic Oncology fellowship timeline,Not stated on official page,https://www.slhn.org/graduate-medical-education/residencies-and-fellowships/gynecologic-oncology-fellowship
/programs/st-luke-s-university-health-network-gynecologic-oncology-fellowship,Gynecologic Oncology Fellowship,St. Luke’s University Health Network,International applicants,Check with programme,Not stated on official page,https://www.slhn.org/graduate-medical-education/residencies-and-fellowships/gynecologic-oncology-fellowship
/programs/st-luke-s-university-health-network-gynecologic-oncology-fellowship,Gynecologic Oncology Fellowship,St. Luke’s University Health Network,Positions,,Not stated on official page,https://www.slhn.org/graduate-medical-education/residencies-and-fellowships/gynecologic-oncology-fellowship
/programs/st-luke-s-university-health-network-gynecologic-oncology-fellowship,Gynecologic Oncology Fellowship,St. Luke’s University Health Network,Visa support,,Not stated on official page,https://www.slhn.org/graduate-medical-education/residencies-and-fellowships/gynecologic-oncology-fellowship
/programs/st-luke-s-university-health-network-gynecologic-oncology-fellowship,Gynecologic Oncology Fellowship,St. Luke’s University Health Network,Licence requirement,,Not stated on official page,https://www.slhn.org/graduate-medical-education/residencies-and-fellowships/gynecologic-oncology-fellowship
/programs/st-luke-s-university-health-network-gynecologic-oncology-fellowship,Gynecologic Oncology Fellowship,St. Luke’s University Health Network,Department,,Not stated on official page,https://www.slhn.org/graduate-medical-education/residencies-and-fellowships/gynecologic-oncology-fellowship
/programs/suny-downstate-medical-center-gynecologic-oncology-fellowship,Gynecologic Oncology Fellowship,SUNY/Downstate Medical Center,Deadline,Follow the current ERAS and NRMP Gynecologic Oncology fellowship timeline,Current cycle not posted; page still shows only an outdated deadline (apply by 1 May 2023 for 1 July 2024 start),https://www.downstate.edu/education-training/fellowship-residency-programs/obstetrics-gynecology/oncology/fellowship.html
/programs/suny-downstate-medical-center-gynecologic-oncology-fellowship,Gynecologic Oncology Fellowship,SUNY/Downstate Medical Center,Start,Annual academic intake; confirm exact date with programme,1 July (per last posted cycle),https://www.downstate.edu/education-training/fellowship-residency-programs/obstetrics-gynecology/oncology/fellowship.html
/programs/suny-downstate-medical-center-gynecologic-oncology-fellowship,Gynecologic Oncology Fellowship,SUNY/Downstate Medical Center,International applicants,Check with programme,Not stated on official page,https://www.downstate.edu/education-training/fellowship-residency-programs/obstetrics-gynecology/oncology/fellowship.html
/programs/suny-downstate-medical-center-gynecologic-oncology-fellowship,Gynecologic Oncology Fellowship,SUNY/Downstate Medical Center,Positions,,Not stated on official page,https://www.downstate.edu/education-training/fellowship-residency-programs/obstetrics-gynecology/oncology/fellowship.html
/programs/suny-downstate-medical-center-gynecologic-oncology-fellowship,Gynecologic Oncology Fellowship,SUNY/Downstate Medical Center,Funding,,Not stated on official page,https://www.downstate.edu/education-training/fellowship-residency-programs/obstetrics-gynecology/oncology/fellowship.html
/programs/suny-downstate-medical-center-gynecologic-oncology-fellowship,Gynecologic Oncology Fellowship,SUNY/Downstate Medical Center,Visa support,,Not stated on official page,https://www.downstate.edu/education-training/fellowship-residency-programs/obstetrics-gynecology/oncology/fellowship.html
/programs/suny-downstate-medical-center-gynecologic-oncology-fellowship,Gynecologic Oncology Fellowship,SUNY/Downstate Medical Center,Licence requirement,,Not stated on official page,https://www.downstate.edu/education-training/fellowship-residency-programs/obstetrics-gynecology/oncology/fellowship.html
/programs/suny-downstate-medical-center-gynecologic-oncology-fellowship,Gynecologic Oncology Fellowship,SUNY/Downstate Medical Center,Department,,Not stated on official page,https://www.downstate.edu/education-training/fellowship-residency-programs/obstetrics-gynecology/oncology/fellowship.html
/programs/university-of-iowa-hospitals-and-clinics-gynecologic-oncology-fellowship,Gynecologic Oncology Fellowship,University of Iowa Hospitals and Clinics,Start,Annual academic intake; confirm exact date with programme,July 2027 for the 2026 recruitment cycle (July start),https://obgyn.medicine.uiowa.edu/education/fellowships/gynecologic-oncology/how-apply
/programs/university-of-iowa-hospitals-and-clinics-gynecologic-oncology-fellowship,Gynecologic Oncology Fellowship,University of Iowa Hospitals and Clinics,Deadline,Follow the current ERAS and NRMP Gynecologic Oncology fellowship timeline,"2026 cycle (July 2027 start): ERAS deadline 6 April 2026; next cycle follows SGO key dates, not yet posted on programme page",https://obgyn.medicine.uiowa.edu/education/fellowships/gynecologic-oncology/how-apply
/programs/university-of-iowa-hospitals-and-clinics-gynecologic-oncology-fellowship,Gynecologic Oncology Fellowship,University of Iowa Hospitals and Clinics,Positions,,1 position (starting July 2027),https://obgyn.medicine.uiowa.edu/education/fellowships/gynecologic-oncology/how-apply
/programs/university-of-iowa-hospitals-and-clinics-gynecologic-oncology-fellowship,Gynecologic Oncology Fellowship,University of Iowa Hospitals and Clinics,Eligibility,"Completed Obstetrics and Gynaecology residency; ERAS, NRMP and institution-specific requirements apply",Completed medical school and an Obstetrics and Gynecology residency at an accredited institution; CREOG scores emailed to coordinator,https://obgyn.medicine.uiowa.edu/education/fellowships/gynecologic-oncology/how-apply
/programs/university-of-iowa-hospitals-and-clinics-gynecologic-oncology-fellowship,Gynecologic Oncology Fellowship,University of Iowa Hospitals and Clinics,International applicants,Check with programme,Accepted via ERAS; international residents directed to apply through ECFMG/ERAS,https://obgyn.medicine.uiowa.edu/education/fellowships/gynecologic-oncology/how-apply
/programs/university-of-iowa-hospitals-and-clinics-gynecologic-oncology-fellowship,Gynecologic Oncology Fellowship,University of Iowa Hospitals and Clinics,Accreditation,Listed by the Society of Gynecologic Oncology; confirm current ACGME status,ACGME-accredited (three-year fellowship),https://obgyn.medicine.uiowa.edu/education/fellowships/gynecologic-oncology
/programs/university-of-iowa-hospitals-and-clinics-gynecologic-oncology-fellowship,Gynecologic Oncology Fellowship,University of Iowa Hospitals and Clinics,Application method,ERAS and NRMP Match,ERAS and NRMP Match (NRMP programme no. 1203225F0),https://obgyn.medicine.uiowa.edu/education/fellowships/gynecologic-oncology/how-apply
/programs/university-of-iowa-hospitals-and-clinics-gynecologic-oncology-fellowship,Gynecologic Oncology Fellowship,University of Iowa Hospitals and Clinics,Funding,,Paid GME position; competitive stipends and health coverage per UI Health Care GME,https://gme.uihealthcare.org/benefits
/programs/university-of-iowa-hospitals-and-clinics-gynecologic-oncology-fellowship,Gynecologic Oncology Fellowship,University of Iowa Hospitals and Clinics,Department,,"Department of Obstetrics and Gynecology, Carver College of Medicine",https://obgyn.medicine.uiowa.edu/education/fellowships/gynecologic-oncology
/programs/university-of-iowa-hospitals-and-clinics-gynecologic-oncology-fellowship,Gynecologic Oncology Fellowship,University of Iowa Hospitals and Clinics,Visa support,,Not stated on official page,https://obgyn.medicine.uiowa.edu/education/fellowships/gynecologic-oncology
/programs/university-of-iowa-hospitals-and-clinics-gynecologic-oncology-fellowship,Gynecologic Oncology Fellowship,University of Iowa Hospitals and Clinics,Licence requirement,,Not stated on official page,https://obgyn.medicine.uiowa.edu/education/fellowships/gynecologic-oncology
/programs/university-of-iowa-hospitals-and-clinics-urogynecology-reconstructive-pelvic-surgery-fellowship,Urogynecology & Reconstructive Pelvic Surgery Fellowship,University of Iowa Hospitals and Clinics,Duration,3 years for OBGYN pathways; confirm urology-entry options,3 years (OBGYN track); 2 years (Urology track),https://obgyn.medicine.uiowa.edu/education/fellowships/urogynecology-and-reconstructive-pelvic-surgery
/programs/university-of-iowa-hospitals-and-clinics-urogynecology-reconstructive-pelvic-surgery-fellowship,Urogynecology & Reconstructive Pelvic Surgery Fellowship,University of Iowa Hospitals and Clinics,Start,Early August 2027 for the published cycle; confirm with programme,July 2028 for the current recruitment cycle (July 2027 for the 2026 cycle),https://obgyn.medicine.uiowa.edu/education/fellowships/urogynecology-and-reconstructive-pelvic-surgery/how-apply
/programs/university-of-iowa-hospitals-and-clinics-urogynecology-reconstructive-pelvic-surgery-fellowship,Urogynecology & Reconstructive Pelvic Surgery Fellowship,University of Iowa Hospitals and Clinics,Deadline,Participated in the 2026 ERAS and NRMP cycle; confirm the next cycle,2026 cycle deadline was 26 January 2026; next cycle follows AUGS fellowship key dates (not yet posted on programme page),https://obgyn.medicine.uiowa.edu/education/fellowships/urogynecology-and-reconstructive-pelvic-surgery/how-apply
/programs/university-of-iowa-hospitals-and-clinics-urogynecology-reconstructive-pelvic-surgery-fellowship,Urogynecology & Reconstructive Pelvic Surgery Fellowship,University of Iowa Hospitals and Clinics,Positions,1 position in the published 2026 cycle,"2 positions starting July 2028 (1 OBGYN-trained, 1 urology-trained); 1 position in the 2026 cycle",https://obgyn.medicine.uiowa.edu/education/fellowships/urogynecology-and-reconstructive-pelvic-surgery/how-apply
/programs/university-of-iowa-hospitals-and-clinics-urogynecology-reconstructive-pelvic-surgery-fellowship,Urogynecology & Reconstructive Pelvic Surgery Fellowship,University of Iowa Hospitals and Clinics,Eligibility,"Completed eligible Obstetrics and Gynaecology or Urology residency; ERAS, NRMP and institution-specific requirements apply",Completed medical school and an Obstetrics and Gynecology residency (OBGYN track) or Urology residency (Urology track) at an accredited institution; 3 letters incl. 2 SLOEs; CREOG scores,https://obgyn.medicine.uiowa.edu/education/fellowships/urogynecology-and-reconstructive-pelvic-surgery/how-apply
/programs/university-of-iowa-hospitals-and-clinics-urogynecology-reconstructive-pelvic-surgery-fellowship,Urogynecology & Reconstructive Pelvic Surgery Fellowship,University of Iowa Hospitals and Clinics,International applicants,Check with programme,Accepted via ERAS; international residents directed to apply through ECFMG/ERAS,https://obgyn.medicine.uiowa.edu/education/fellowships/urogynecology-and-reconstructive-pelvic-surgery/how-apply
/programs/university-of-iowa-hospitals-and-clinics-urogynecology-reconstructive-pelvic-surgery-fellowship,Urogynecology & Reconstructive Pelvic Surgery Fellowship,University of Iowa Hospitals and Clinics,Accreditation,Listed in the American Urogynecologic Society 2026 programme guide; confirm current ACGME status,ACGME-accredited (both tracks),https://obgyn.medicine.uiowa.edu/education/fellowships/urogynecology-and-reconstructive-pelvic-surgery
/programs/university-of-iowa-hospitals-and-clinics-urogynecology-reconstructive-pelvic-surgery-fellowship,Urogynecology & Reconstructive Pelvic Surgery Fellowship,University of Iowa Hospitals and Clinics,Application method,ERAS and NRMP Match,ERAS and NRMP Match (NRMP programme no. 1203221F0),https://obgyn.medicine.uiowa.edu/education/fellowships/urogynecology-and-reconstructive-pelvic-surgery/how-apply
/programs/university-of-iowa-hospitals-and-clinics-urogynecology-reconstructive-pelvic-surgery-fellowship,Urogynecology & Reconstructive Pelvic Surgery Fellowship,University of Iowa Hospitals and Clinics,Funding,,Paid GME position; competitive stipends and health coverage per UI Health Care GME,https://gme.uihealthcare.org/benefits
/programs/university-of-iowa-hospitals-and-clinics-urogynecology-reconstructive-pelvic-surgery-fellowship,Urogynecology & Reconstructive Pelvic Surgery Fellowship,University of Iowa Hospitals and Clinics,Department,,"Department of Obstetrics and Gynecology, Carver College of Medicine",https://obgyn.medicine.uiowa.edu/education/fellowships/urogynecology-and-reconstructive-pelvic-surgery
/programs/university-of-iowa-hospitals-and-clinics-urogynecology-reconstructive-pelvic-surgery-fellowship,Urogynecology & Reconstructive Pelvic Surgery Fellowship,University of Iowa Hospitals and Clinics,Visa support,,Not stated on official page,https://obgyn.medicine.uiowa.edu/education/fellowships/urogynecology-and-reconstructive-pelvic-surgery
/programs/university-of-iowa-hospitals-and-clinics-urogynecology-reconstructive-pelvic-surgery-fellowship,Urogynecology & Reconstructive Pelvic Surgery Fellowship,University of Iowa Hospitals and Clinics,Licence requirement,,Not stated on official page,https://obgyn.medicine.uiowa.edu/education/fellowships/urogynecology-and-reconstructive-pelvic-surgery
/programs/university-of-kansas-gynecologic-oncology-fellowship,Gynecologic Oncology Fellowship,University of Kansas,Start,Annual academic intake; confirm exact date with programme,1 July (academic year July 1 - June 30),https://www.kumc.edu/school-of-medicine/academics/departments/ob-gyn/academics/gynecologic-oncology-fellowship/salary-and-benefits.html
/programs/university-of-kansas-gynecologic-oncology-fellowship,Gynecologic Oncology Fellowship,University of Kansas,Deadline,Follow the current ERAS and NRMP Gynecologic Oncology fellowship timeline,ERAS interview season opens 16 November 2026; SGO deadline for upload to ERAS 5 April 2027; interview invitations 10 May 2027; virtual interviews 2 and 4 June 2027,https://www.kumc.edu/school-of-medicine/academics/departments/ob-gyn/academics/gynecologic-oncology-fellowship/application-information.html
/programs/university-of-kansas-gynecologic-oncology-fellowship,Gynecologic Oncology Fellowship,University of Kansas,Eligibility,"Completed Obstetrics and Gynaecology residency; ERAS, NRMP and institution-specific requirements apply","Medical degree and completion of OB/GYN residency; USMLE/COMLEX transcripts, CREOG scores, 3 letters (SLOE)",https://www.kumc.edu/school-of-medicine/academics/departments/ob-gyn/academics/gynecologic-oncology-fellowship/application-information.html
/programs/university-of-kansas-gynecologic-oncology-fellowship,Gynecologic Oncology Fellowship,University of Kansas,International applicants,Check with programme,Accepted; valid ECFMG certificate required for graduates of medical schools outside the US or Canada,https://www.kumc.edu/school-of-medicine/academics/departments/ob-gyn/academics/gynecologic-oncology-fellowship/application-information.html
/programs/university-of-kansas-gynecologic-oncology-fellowship,Gynecologic Oncology Fellowship,University of Kansas,Funding,,"Salaried: PGY-5 $83,587; PGY-6 $86,914; PGY-7 $90,628 (2026-27), plus health/dental/vision insurance, 20 days vacation",https://www.kumc.edu/school-of-medicine/academics/departments/ob-gyn/academics/gynecologic-oncology-fellowship/salary-and-benefits.html
/programs/university-of-kansas-gynecologic-oncology-fellowship,Gynecologic Oncology Fellowship,University of Kansas,Department,,"Department of Obstetrics and Gynecology, KU School of Medicine",https://www.kumc.edu/school-of-medicine/academics/departments/ob-gyn/academics/gynecologic-oncology-fellowship.html
/programs/university-of-kansas-gynecologic-oncology-fellowship,Gynecologic Oncology Fellowship,University of Kansas,Positions,,Not stated on official page,https://www.kumc.edu/school-of-medicine/academics/departments/ob-gyn/academics/gynecologic-oncology-fellowship.html
/programs/university-of-kansas-gynecologic-oncology-fellowship,Gynecologic Oncology Fellowship,University of Kansas,Visa support,,Not stated on official page,https://www.kumc.edu/school-of-medicine/academics/departments/ob-gyn/academics/gynecologic-oncology-fellowship.html
/programs/university-of-kansas-gynecologic-oncology-fellowship,Gynecologic Oncology Fellowship,University of Kansas,Licence requirement,,Not stated on official page,https://www.kumc.edu/school-of-medicine/academics/departments/ob-gyn/academics/gynecologic-oncology-fellowship.html
/programs/university-of-kentucky-gynecologic-oncology-fellowship,Gynecologic Oncology Fellowship,University of Kentucky,Duration,3 years,"3 years (12 months research + 24 months clinical) or 4-year track (24 months research + 24 months clinical, offered every other year)",https://medicine.uky.edu/departments/obgyn/uk-gynecologic-oncology-fellowship
/programs/university-of-kentucky-gynecologic-oncology-fellowship,Gynecologic Oncology Fellowship,University of Kentucky,Deadline,Follow the current ERAS and NRMP Gynecologic Oncology fellowship timeline,6 April 2027 (via ERAS),https://medicine.uky.edu/departments/obgyn/uk-gynecologic-oncology-fellowship
/programs/university-of-kentucky-gynecologic-oncology-fellowship,Gynecologic Oncology Fellowship,University of Kentucky,Positions,,"Complement of five fellows, accepted in a 2-1-2 alternating schema",https://medicine.uky.edu/departments/obgyn/uk-gynecologic-oncology-fellowship
/programs/university-of-kentucky-gynecologic-oncology-fellowship,Gynecologic Oncology Fellowship,University of Kentucky,Accreditation,Listed by the Society of Gynecologic Oncology; confirm current ACGME status,Fully accredited by the ACGME,https://medicine.uky.edu/departments/obgyn/uk-gynecologic-oncology-fellowship
/programs/university-of-kentucky-gynecologic-oncology-fellowship,Gynecologic Oncology Fellowship,University of Kentucky,Eligibility,"Completed Obstetrics and Gynaecology residency; ERAS, NRMP and institution-specific requirements apply","Completed Obstetrics and Gynaecology residency; standard ERAS application incl. MSPE, three letters (two SLOEs) and CREOG scores",https://medicine.uky.edu/departments/obgyn/uk-gynecologic-oncology-fellowship
/programs/university-of-kentucky-gynecologic-oncology-fellowship,Gynecologic Oncology Fellowship,University of Kentucky,Department,,"Department of Obstetrics and Gynecology, Division of Gynecologic Oncology",https://medicine.uky.edu/departments/obgyn/uk-gynecologic-oncology-fellowship
/programs/university-of-kentucky-gynecologic-oncology-fellowship,Gynecologic Oncology Fellowship,University of Kentucky,Start,Annual academic intake; confirm exact date with programme,Not stated on official page,https://medicine.uky.edu/departments/obgyn/uk-gynecologic-oncology-fellowship
/programs/university-of-kentucky-gynecologic-oncology-fellowship,Gynecologic Oncology Fellowship,University of Kentucky,International applicants,Check with programme,Not stated on official page,https://medicine.uky.edu/departments/obgyn/uk-gynecologic-oncology-fellowship
/programs/university-of-kentucky-gynecologic-oncology-fellowship,Gynecologic Oncology Fellowship,University of Kentucky,Funding,,Not stated on official page,https://medicine.uky.edu/departments/obgyn/uk-gynecologic-oncology-fellowship
/programs/university-of-kentucky-gynecologic-oncology-fellowship,Gynecologic Oncology Fellowship,University of Kentucky,Visa support,,Not stated on official page,https://medicine.uky.edu/departments/obgyn/uk-gynecologic-oncology-fellowship
/programs/university-of-kentucky-gynecologic-oncology-fellowship,Gynecologic Oncology Fellowship,University of Kentucky,Licence requirement,,Not stated on official page,https://medicine.uky.edu/departments/obgyn/uk-gynecologic-oncology-fellowship
/programs/university-of-louisville-urogynecology-reconstructive-pelvic-surgery-fellowship,Urogynecology & Reconstructive Pelvic Surgery Fellowship,University of Louisville,Duration,3 years for OBGYN pathways; confirm urology-entry options,3 years (PGY5-PGY7),https://medicine.louisville.edu/academics-programs/academic-departments/obgyn-homepage/obgyn-academics-and-programs/obgyn-training/obgyn-urogynecology-and-reconstructive-pelvic-surgery-urps-fellowship-program
/programs/university-of-louisville-urogynecology-reconstructive-pelvic-surgery-fellowship,Urogynecology & Reconstructive Pelvic Surgery Fellowship,University of Louisville,Deadline,Participated in the 2026 ERAS and NRMP cycle; confirm the next cycle,"2026 cycle (2027 start): ERAS opened 12 Nov 2025, deadline 26 Jan 2026, Match Day 5 Aug 2026; next cycle not yet posted",https://medicine.louisville.edu/academics-programs/academic-departments/obgyn-homepage/obgyn-academics-and-programs/obgyn-training/obgyn-urogynecology-and-reconstructive-pelvic-surgery-urps-fellowship-program
/programs/university-of-louisville-urogynecology-reconstructive-pelvic-surgery-fellowship,Urogynecology & Reconstructive Pelvic Surgery Fellowship,University of Louisville,Accreditation,Listed in the American Urogynecologic Society 2026 programme guide; confirm current ACGME status,ACGME-accredited (three-year),https://medicine.louisville.edu/academics-programs/academic-departments/obgyn-homepage/obgyn-academics-and-programs/obgyn-training/obgyn-urogynecology-and-reconstructive-pelvic-surgery-urps-fellowship-program
/programs/university-of-louisville-urogynecology-reconstructive-pelvic-surgery-fellowship,Urogynecology & Reconstructive Pelvic Surgery Fellowship,University of Louisville,Eligibility,"Completed eligible Obstetrics and Gynaecology or Urology residency; ERAS, NRMP and institution-specific requirements apply",Completed OBGYN residency; USMLE Step 1 PASS and Step 2 CK 225 or above to be competitive; medical school graduation within past five years,https://medicine.louisville.edu/academics-programs/academic-departments/obgyn-homepage/obgyn-academics-and-programs/obgyn-training/obgyn-urogynecology-and-reconstructive-pelvic-surgery-urps-fellowship-program
/programs/university-of-louisville-urogynecology-reconstructive-pelvic-surgery-fellowship,Urogynecology & Reconstructive Pelvic Surgery Fellowship,University of Louisville,Funding,,"Stipend 2026/27: PGY5 $74,779; PGY6 $78,154; PGY7 $81,406 plus insurance benefits",https://medicine.louisville.edu/academics-programs/academic-departments/obgyn-homepage/obgyn-academics-and-programs/obgyn-training/obgyn-urogynecology-and-reconstructive-pelvic-surgery-urps-fellowship-program
/programs/university-of-louisville-urogynecology-reconstructive-pelvic-surgery-fellowship,Urogynecology & Reconstructive Pelvic Surgery Fellowship,University of Louisville,Licence requirement,,Kentucky state law requires all PGY-2 and above trainees to be licensed to practise medicine in Kentucky,https://medicine.louisville.edu/academics-programs/academic-departments/obgyn-homepage/obgyn-academics-and-programs/obgyn-training/obgyn-urogynecology-and-reconstructive-pelvic-surgery-urps-fellowship-program
/programs/university-of-louisville-urogynecology-reconstructive-pelvic-surgery-fellowship,Urogynecology & Reconstructive Pelvic Surgery Fellowship,University of Louisville,Application method,ERAS and NRMP Match,ERAS (AUGS application) and NRMP Match,https://medicine.louisville.edu/academics-programs/academic-departments/obgyn-homepage/obgyn-academics-and-programs/obgyn-training/obgyn-urogynecology-and-reconstructive-pelvic-surgery-urps-fellowship-program
/programs/university-of-louisville-urogynecology-reconstructive-pelvic-surgery-fellowship,Urogynecology & Reconstructive Pelvic Surgery Fellowship,University of Louisville,Department,,"Department of Obstetrics, Gynecology & Women's Health, URPS Division",https://medicine.louisville.edu/academics-programs/academic-departments/obgyn-homepage/obgyn-academics-and-programs/obgyn-training/obgyn-urogynecology-and-reconstructive-pelvic-surgery-urps-fellowship-program
/programs/university-of-louisville-urogynecology-reconstructive-pelvic-surgery-fellowship,Urogynecology & Reconstructive Pelvic Surgery Fellowship,University of Louisville,International applicants,Check with programme,Not stated on official page,https://medicine.louisville.edu/academics-programs/academic-departments/obgyn-homepage/obgyn-academics-and-programs/obgyn-training/obgyn-urogynecology-and-reconstructive-pelvic-surgery-urps-fellowship-program
/programs/university-of-louisville-urogynecology-reconstructive-pelvic-surgery-fellowship,Urogynecology & Reconstructive Pelvic Surgery Fellowship,University of Louisville,Visa support,,Not stated on official page,https://medicine.louisville.edu/academics-programs/academic-departments/obgyn-homepage/obgyn-academics-and-programs/obgyn-training/obgyn-urogynecology-and-reconstructive-pelvic-surgery-urps-fellowship-program
/programs/university-of-miami-gynecologic-oncology-fellowship,Gynecologic Oncology Fellowship,University of Miami,Duration,3 years,4 years (2 years research + 2 years clinical training),https://umiamihealth.org/en/sylvester-comprehensive-cancer-center/research/education-and-training/clinical-fellowship/gynecologic-oncology-fellowship-program
/programs/university-of-miami-gynecologic-oncology-fellowship,Gynecologic Oncology Fellowship,University of Miami,Department,,"Tamer Family Department of Obstetrics, Gynecology & Reproductive Sciences, Miller School of Medicine",https://med.miami.edu/departments/obgyn/education/gynecologic-oncology-fellowship
/programs/university-of-miami-gynecologic-oncology-fellowship,Gynecologic Oncology Fellowship,University of Miami,Start,Annual academic intake; confirm exact date with programme,Not stated on official page,https://umiamihealth.org/en/sylvester-comprehensive-cancer-center/research/education-and-training/clinical-fellowship/gynecologic-oncology-fellowship-program
/programs/university-of-miami-gynecologic-oncology-fellowship,Gynecologic Oncology Fellowship,University of Miami,International applicants,Check with programme,Not stated on official page,https://umiamihealth.org/en/sylvester-comprehensive-cancer-center/research/education-and-training/clinical-fellowship/gynecologic-oncology-fellowship-program
/programs/university-of-miami-gynecologic-oncology-fellowship,Gynecologic Oncology Fellowship,University of Miami,Positions,,Not stated on official page,https://umiamihealth.org/en/sylvester-comprehensive-cancer-center/research/education-and-training/clinical-fellowship/gynecologic-oncology-fellowship-program
/programs/university-of-miami-gynecologic-oncology-fellowship,Gynecologic Oncology Fellowship,University of Miami,Funding,,Not stated on official page,https://umiamihealth.org/en/sylvester-comprehensive-cancer-center/research/education-and-training/clinical-fellowship/gynecologic-oncology-fellowship-program
/programs/university-of-miami-gynecologic-oncology-fellowship,Gynecologic Oncology Fellowship,University of Miami,Visa support,,Not stated on official page,https://umiamihealth.org/en/sylvester-comprehensive-cancer-center/research/education-and-training/clinical-fellowship/gynecologic-oncology-fellowship-program
/programs/university-of-miami-gynecologic-oncology-fellowship,Gynecologic Oncology Fellowship,University of Miami,Licence requirement,,Not stated on official page,https://umiamihealth.org/en/sylvester-comprehensive-cancer-center/research/education-and-training/clinical-fellowship/gynecologic-oncology-fellowship-program
/programs/university-of-minnesota-complex-family-planning-fellowship,Complex Family Planning Fellowship,University of Minnesota,Start,1 August 2027 for the published cycle,1 August (typical academic year start),https://med.umn.edu/obgyn/education-training/complex-family-planning-fellowship
/programs/university-of-minnesota-complex-family-planning-fellowship,Complex Family Planning Fellowship,University of Minnesota,Deadline,The published 2026 application cycle has closed; confirm the next ERAS and NRMP cycle,"2026 cycle: ERAS opened 1 Dec 2025, deadline 4 May 2026 (SFP common deadline); next cycle not yet posted",https://med.umn.edu/obgyn/education-training/complex-family-planning-fellowship/apply
/programs/university-of-minnesota-complex-family-planning-fellowship,Complex Family Planning Fellowship,University of Minnesota,Positions,,1 per year,https://med.umn.edu/obgyn/education-training/complex-family-planning-fellowship
/programs/university-of-minnesota-complex-family-planning-fellowship,Complex Family Planning Fellowship,University of Minnesota,Eligibility,"Completed Obstetrics and Gynaecology residency; ERAS, NRMP and institution-specific requirements apply","Completed ACGME- or RCPSC-accredited OBGYN residency and eligible for ABOG written exam; 3 letters, CREOG scores",https://med.umn.edu/obgyn/education-training/complex-family-planning-fellowship/apply
/programs/university-of-minnesota-complex-family-planning-fellowship,Complex Family Planning Fellowship,University of Minnesota,International applicants,Check with programme,Accepted if able to obtain J-1 visa or have resident alien status; valid ECFMG certificate required,https://med.umn.edu/obgyn/education-training/complex-family-planning-fellowship/apply
/programs/university-of-minnesota-complex-family-planning-fellowship,Complex Family Planning Fellowship,University of Minnesota,Visa support,,J-1 (ECFMG); department does not sponsor H-1B,https://med.umn.edu/obgyn/education-training/complex-family-planning-fellowship/apply
/programs/university-of-minnesota-complex-family-planning-fellowship,Complex Family Planning Fellowship,University of Minnesota,Accreditation,ACGME-accredited Complex Family Planning pathway,ACGME,https://med.umn.edu/obgyn/education-training/complex-family-planning-fellowship
/programs/university-of-minnesota-complex-family-planning-fellowship,Complex Family Planning Fellowship,University of Minnesota,Department,,"Department of Obstetrics, Gynecology and Women's Health, Division of Complex Family Planning",https://med.umn.edu/obgyn/education-training/complex-family-planning-fellowship
/programs/university-of-minnesota-complex-family-planning-fellowship,Complex Family Planning Fellowship,University of Minnesota,Funding,,Not stated on official page,https://med.umn.edu/obgyn/education-training/complex-family-planning-fellowship
/programs/university-of-minnesota-complex-family-planning-fellowship,Complex Family Planning Fellowship,University of Minnesota,Licence requirement,,Not stated on official page,https://med.umn.edu/obgyn/education-training/complex-family-planning-fellowship
/programs/university-of-minnesota-gynecologic-oncology-fellowship,Gynecologic Oncology Fellowship,University of Minnesota,Start,Annual academic intake; confirm exact date with programme,1 August (typical academic year start),https://med.umn.edu/obgyn/education-training/gyn-fellowship
/programs/university-of-minnesota-gynecologic-oncology-fellowship,Gynecologic Oncology Fellowship,University of Minnesota,Deadline,Follow the current ERAS and NRMP Gynecologic Oncology fellowship timeline,"2026 cycle: ERAS opened 1 Dec 2025, deadline 6 April 2026 (SGO common deadline); next cycle not yet posted",https://med.umn.edu/obgyn/education-training/gyn-fellowship/apply
/programs/university-of-minnesota-gynecologic-oncology-fellowship,Gynecologic Oncology Fellowship,University of Minnesota,Positions,,1 per year,https://med.umn.edu/obgyn/education-training/gyn-fellowship
/programs/university-of-minnesota-gynecologic-oncology-fellowship,Gynecologic Oncology Fellowship,University of Minnesota,Eligibility,"Completed Obstetrics and Gynaecology residency; ERAS, NRMP and institution-specific requirements apply","Completed ACGME- or RCPSC-accredited OBGYN residency and eligible for ABOG written exam; 3 letters (one SLOE), CREOG scores",https://med.umn.edu/obgyn/education-training/gyn-fellowship/apply
/programs/university-of-minnesota-gynecologic-oncology-fellowship,Gynecologic Oncology Fellowship,University of Minnesota,International applicants,Check with programme,Accepted if able to obtain J-1 visa or have resident alien status; valid ECFMG certificate required,https://med.umn.edu/obgyn/education-training/gyn-fellowship/apply
/programs/university-of-minnesota-gynecologic-oncology-fellowship,Gynecologic Oncology Fellowship,University of Minnesota,Visa support,,J-1 (ECFMG); department does not sponsor H-1B,https://med.umn.edu/obgyn/education-training/gyn-fellowship/apply
/programs/university-of-minnesota-gynecologic-oncology-fellowship,Gynecologic Oncology Fellowship,University of Minnesota,Accreditation,Listed by the Society of Gynecologic Oncology; confirm current ACGME status,ACGME,https://med.umn.edu/obgyn/education-training/gyn-fellowship
/programs/university-of-minnesota-gynecologic-oncology-fellowship,Gynecologic Oncology Fellowship,University of Minnesota,Funding,,"Paid fellowship; plus $1,200/yr administrative stipend and $7,500 research stipend when funds available",https://med.umn.edu/obgyn/education-training/gyn-fellowship
/programs/university-of-minnesota-gynecologic-oncology-fellowship,Gynecologic Oncology Fellowship,University of Minnesota,Department,,"Department of Obstetrics, Gynecology and Women's Health",https://med.umn.edu/obgyn/education-training/gyn-fellowship
/programs/university-of-minnesota-gynecologic-oncology-fellowship,Gynecologic Oncology Fellowship,University of Minnesota,Licence requirement,,Not stated on official page,https://med.umn.edu/obgyn/education-training/gyn-fellowship
/programs/university-of-washington-gynecologic-oncology-fellowship,Gynecologic Oncology Fellowship,University of Washington,Duration,3 years,"3 years (12 months research + 24 months clinical); a 4-year clinician-scientist track (24 months research, T32-supported, + 24 months clinical) is also offered",https://obgyn.uw.edu/education/fellowships/gynecologic-oncology
/programs/university-of-washington-gynecologic-oncology-fellowship,Gynecologic Oncology Fellowship,University of Washington,Deadline,Follow the current ERAS and NRMP Gynecologic Oncology fellowship timeline,2026 cycle (SGO common dates): ERAS deadline Monday 6 April 2026; in-person interviews 12 June and 17 July 2026. Next cycle not yet posted.,https://obgyn.uw.edu/education/fellowships/gynecologic-oncology
/programs/university-of-washington-gynecologic-oncology-fellowship,Gynecologic Oncology Fellowship,University of Washington,Eligibility,"Completed Obstetrics and Gynaecology residency; ERAS, NRMP and institution-specific requirements apply",US citizen or permanent resident who has completed an ACGME-accredited Obstetrics and Gynecology residency by the fellowship start date,https://obgyn.uw.edu/education/fellowships/gynecologic-oncology
/programs/university-of-washington-gynecologic-oncology-fellowship,Gynecologic Oncology Fellowship,University of Washington,International applicants,Check with programme,Not accepted: applicants must be US citizens or permanent residents; H-1B and J-1 visa holders cannot be accepted (T32 funding requirements),https://obgyn.uw.edu/education/fellowships/gynecologic-oncology
/programs/university-of-washington-gynecologic-oncology-fellowship,Gynecologic Oncology Fellowship,University of Washington,Visa support,,None: applications from H-1B and J-1 visa holders cannot be accepted,https://obgyn.uw.edu/education/fellowships/gynecologic-oncology
/programs/university-of-washington-gynecologic-oncology-fellowship,Gynecologic Oncology Fellowship,University of Washington,Application method,ERAS and NRMP Match,ERAS application plus programme supplemental questions; ERAS and NRMP Match,https://obgyn.uw.edu/education/fellowships/gynecologic-oncology
/programs/university-of-washington-gynecologic-oncology-fellowship,Gynecologic Oncology Fellowship,University of Washington,Funding,,Salary and benefits per UW Graduate Medical Education; four-year track research years supported by a T32 grant shared with Fred Hutchinson Cancer Center,https://obgyn.uw.edu/education/fellowships/gynecologic-oncology
/programs/university-of-washington-gynecologic-oncology-fellowship,Gynecologic Oncology Fellowship,University of Washington,Department,,"Department of Obstetrics and Gynecology, University of Washington School of Medicine",https://obgyn.uw.edu/education/fellowships/gynecologic-oncology
/programs/university-of-washington-gynecologic-oncology-fellowship,Gynecologic Oncology Fellowship,University of Washington,Start,Annual academic intake; confirm exact date with programme,Not stated on official page,https://obgyn.uw.edu/education/fellowships/gynecologic-oncology
/programs/university-of-washington-gynecologic-oncology-fellowship,Gynecologic Oncology Fellowship,University of Washington,Positions,,Not stated on official page,https://obgyn.uw.edu/education/fellowships/gynecologic-oncology
/programs/university-of-washington-gynecologic-oncology-fellowship,Gynecologic Oncology Fellowship,University of Washington,Licence requirement,,Not stated on official page,https://obgyn.uw.edu/education/fellowships/gynecologic-oncology
/programs/university-of-wisconsin-gynecologic-oncology-fellowship,Gynecologic Oncology Fellowship,University of Wisconsin,Duration,3 years,3 years (1 research year followed by 2 clinical years),https://www.obgyn.wisc.edu/fellowship/gyn-onc
/programs/university-of-wisconsin-gynecologic-oncology-fellowship,Gynecologic Oncology Fellowship,University of Wisconsin,Deadline,Follow the current ERAS and NRMP Gynecologic Oncology fellowship timeline,2026 cycle: ERAS deadline 6 April 2026; interview invitations 11 May 2026; interviews 30 July and 6 August 2026. Next cycle not yet posted.,https://www.obgyn.wisc.edu/fellowship/gyn-onc
/programs/university-of-wisconsin-gynecologic-oncology-fellowship,Gynecologic Oncology Fellowship,University of Wisconsin,Accreditation,Listed by the Society of Gynecologic Oncology; confirm current ACGME status,ACGME,https://www.obgyn.wisc.edu/fellowship/gyn-onc
/programs/university-of-wisconsin-gynecologic-oncology-fellowship,Gynecologic Oncology Fellowship,University of Wisconsin,Eligibility,"Completed Obstetrics and Gynaecology residency; ERAS, NRMP and institution-specific requirements apply","Completed Obstetrics and Gynaecology residency; ERAS application with three letters (incl. SGO SLOE and residency PD), personal statement, MSPE, USMLE/COMLEX scores, transcripts/diploma, photo, ECFMG status report if applicable",https://www.obgyn.wisc.edu/fellowship/gyn-onc-applications
/programs/university-of-wisconsin-gynecologic-oncology-fellowship,Gynecologic Oncology Fellowship,University of Wisconsin,International applicants,Check with programme,No explicit policy; application requirements include an ECFMG Status Report (if applicable),https://www.obgyn.wisc.edu/fellowship/gyn-onc-applications
/programs/university-of-wisconsin-gynecologic-oncology-fellowship,Gynecologic Oncology Fellowship,University of Wisconsin,Funding,,Salary and benefits per UW School of Medicine and Public Health GME Office,https://www.obgyn.wisc.edu/fellowship/gyn-onc-applications
/programs/university-of-wisconsin-gynecologic-oncology-fellowship,Gynecologic Oncology Fellowship,University of Wisconsin,Department,,"Department of Obstetrics and Gynecology, University of Wisconsin School of Medicine and Public Health",https://www.obgyn.wisc.edu/fellowship/gyn-onc
/programs/university-of-wisconsin-gynecologic-oncology-fellowship,Gynecologic Oncology Fellowship,University of Wisconsin,Start,Annual academic intake; confirm exact date with programme,Not stated on official page,https://www.obgyn.wisc.edu/fellowship/gyn-onc
/programs/university-of-wisconsin-gynecologic-oncology-fellowship,Gynecologic Oncology Fellowship,University of Wisconsin,Positions,,Not stated on official page,https://www.obgyn.wisc.edu/fellowship/gyn-onc
/programs/university-of-wisconsin-gynecologic-oncology-fellowship,Gynecologic Oncology Fellowship,University of Wisconsin,Visa support,,Not stated on official page,https://www.obgyn.wisc.edu/fellowship/gyn-onc
/programs/university-of-wisconsin-gynecologic-oncology-fellowship,Gynecologic Oncology Fellowship,University of Wisconsin,Licence requirement,,Not stated on official page,https://www.obgyn.wisc.edu/fellowship/gyn-onc
/programs/university-of-wisconsin-urogynecology-reconstructive-pelvic-surgery-fellowship,Urogynecology & Reconstructive Pelvic Surgery Fellowship,University of Wisconsin,Duration,3 years for OBGYN pathways; confirm urology-entry options,3 years for Obstetrics and Gynecology graduates; 2 or 3 years for Urology graduates,https://www.obgyn.wisc.edu/fellowship/urogynecology
/programs/university-of-wisconsin-urogynecology-reconstructive-pelvic-surgery-fellowship,Urogynecology & Reconstructive Pelvic Surgery Fellowship,University of Wisconsin,Eligibility,"Completed eligible Obstetrics and Gynaecology or Urology residency; ERAS, NRMP and institution-specific requirements apply","Completed an ACGME-accredited Obstetrics and Gynecology or Urology residency in good standing, or OBGYN/Urology training in an RCPSC-accredited programme in Canada",https://www.obgyn.wisc.edu/fellowship/urogynecology
/programs/university-of-wisconsin-urogynecology-reconstructive-pelvic-surgery-fellowship,Urogynecology & Reconstructive Pelvic Surgery Fellowship,University of Wisconsin,Accreditation,Listed in the American Urogynecologic Society 2026 programme guide; confirm current ACGME status,ACGME,https://www.obgyn.wisc.edu/fellowship/urogynecology
/programs/university-of-wisconsin-urogynecology-reconstructive-pelvic-surgery-fellowship,Urogynecology & Reconstructive Pelvic Surgery Fellowship,University of Wisconsin,Positions,Not stated in the 2026 AUGS guide,1 per year,https://www.obgyn.wisc.edu/fellowship/urogyn-apply
/programs/university-of-wisconsin-urogynecology-reconstructive-pelvic-surgery-fellowship,Urogynecology & Reconstructive Pelvic Surgery Fellowship,University of Wisconsin,Deadline,Participated in the 2026 ERAS and NRMP cycle; confirm the next cycle,2026 cycle: ERAS deadline 26 January 2026; first-round interview invites 17 February 2026; interviews 2 and 9 April 2026. Next cycle not yet posted.,https://www.obgyn.wisc.edu/fellowship/urogynecology
/programs/university-of-wisconsin-urogynecology-reconstructive-pelvic-surgery-fellowship,Urogynecology & Reconstructive Pelvic Surgery Fellowship,University of Wisconsin,International applicants,Check with programme,No explicit policy; application requirements include an ECFMG Status Report (if applicable),https://www.obgyn.wisc.edu/fellowship/urogyn-apply
/programs/university-of-wisconsin-urogynecology-reconstructive-pelvic-surgery-fellowship,Urogynecology & Reconstructive Pelvic Surgery Fellowship,University of Wisconsin,Department,,"Department of Obstetrics and Gynecology, University of Wisconsin School of Medicine and Public Health",https://www.obgyn.wisc.edu/fellowship/urogynecology
/programs/university-of-wisconsin-urogynecology-reconstructive-pelvic-surgery-fellowship,Urogynecology & Reconstructive Pelvic Surgery Fellowship,University of Wisconsin,Funding,,Not stated on official page,https://www.obgyn.wisc.edu/fellowship/urogynecology
/programs/university-of-wisconsin-urogynecology-reconstructive-pelvic-surgery-fellowship,Urogynecology & Reconstructive Pelvic Surgery Fellowship,University of Wisconsin,Visa support,,Not stated on official page,https://www.obgyn.wisc.edu/fellowship/urogynecology
/programs/university-of-wisconsin-urogynecology-reconstructive-pelvic-surgery-fellowship,Urogynecology & Reconstructive Pelvic Surgery Fellowship,University of Wisconsin,Licence requirement,,Not stated on official page,https://www.obgyn.wisc.edu/fellowship/urogynecology
/programs/upmc-urogynecology-reconstructive-pelvic-surgery-fellowship,Urogynecology & Reconstructive Pelvic Surgery Fellowship,UPMC,Duration,3 years for OBGYN pathways; confirm urology-entry options,3 years for Obstetrics and Gynecology residents; 2 years for Urology residents,https://www.obgyn.pitt.edu/fellowships/urogynecology-and-reconstructive-pelvic-surgery
/programs/upmc-urogynecology-reconstructive-pelvic-surgery-fellowship,Urogynecology & Reconstructive Pelvic Surgery Fellowship,UPMC,Eligibility,"Completed eligible Obstetrics and Gynaecology or Urology residency; ERAS, NRMP and institution-specific requirements apply",Graduate of an ACGME-accredited residency in Obstetrics and Gynecology or Urology,https://www.obgyn.pitt.edu/fellowships/urogynecology-and-reconstructive-pelvic-surgery
/programs/upmc-urogynecology-reconstructive-pelvic-surgery-fellowship,Urogynecology & Reconstructive Pelvic Surgery Fellowship,UPMC,Accreditation,Listed in the American Urogynecologic Society 2026 programme guide; confirm current ACGME status,ACGME,https://www.obgyn.pitt.edu/fellowships/urogynecology-and-reconstructive-pelvic-surgery
/programs/upmc-urogynecology-reconstructive-pelvic-surgery-fellowship,Urogynecology & Reconstructive Pelvic Surgery Fellowship,UPMC,Positions,2 positions in the published 2026 cycle,2 per year (6 fellows total),https://www.obgyn.pitt.edu/fellowships/urogynecology-and-reconstructive-pelvic-surgery
/programs/upmc-urogynecology-reconstructive-pelvic-surgery-fellowship,Urogynecology & Reconstructive Pelvic Surgery Fellowship,UPMC,Deadline,Participated in the 2026 ERAS and NRMP cycle; confirm the next cycle,ERAS December cycle; 26 January application deadline for first-round interviews (AUGS key dates); first-round offers 17 February; interviews April/May,https://www.obgyn.pitt.edu/fellowships/urogynecology-and-reconstructive-pelvic-surgery
/programs/upmc-urogynecology-reconstructive-pelvic-surgery-fellowship,Urogynecology & Reconstructive Pelvic Surgery Fellowship,UPMC,Application method,ERAS and NRMP Match,"ERAS (SLOE from urogynecology, SLOE from residency PD, plus 1 additional letter) and NRMP Match",https://www.obgyn.pitt.edu/fellowships/urogynecology-and-reconstructive-pelvic-surgery
/programs/upmc-urogynecology-reconstructive-pelvic-surgery-fellowship,Urogynecology & Reconstructive Pelvic Surgery Fellowship,UPMC,Department,,"Department of Obstetrics, Gynecology and Reproductive Sciences, University of Pittsburgh / UPMC Magee-Womens Hospital",https://www.obgyn.pitt.edu/fellowships/urogynecology-and-reconstructive-pelvic-surgery
/programs/upmc-urogynecology-reconstructive-pelvic-surgery-fellowship,Urogynecology & Reconstructive Pelvic Surgery Fellowship,UPMC,International applicants,Check with programme,Not stated on official page,https://www.obgyn.pitt.edu/fellowships
/programs/upmc-urogynecology-reconstructive-pelvic-surgery-fellowship,Urogynecology & Reconstructive Pelvic Surgery Fellowship,UPMC,Funding,,Not stated on official page,https://www.obgyn.pitt.edu/fellowships
/programs/upmc-urogynecology-reconstructive-pelvic-surgery-fellowship,Urogynecology & Reconstructive Pelvic Surgery Fellowship,UPMC,Visa support,,Not stated on official page,https://www.obgyn.pitt.edu/fellowships
/programs/upmc-urogynecology-reconstructive-pelvic-surgery-fellowship,Urogynecology & Reconstructive Pelvic Surgery Fellowship,UPMC,Licence requirement,,Not stated on official page,https://www.obgyn.pitt.edu/fellowships
/programs/urogynecology-reconstructive-pelvic-surgery-fellowship-stanford,Urogynecology & Reconstructive Pelvic Surgery Fellowship,Stanford Medicine,Accreditation,,ACGME (ABU/ABOG),https://med.stanford.edu/obgyn/divisions/gyn/fellowships.html
/programs/urogynecology-reconstructive-pelvic-surgery-fellowship-stanford,Urogynecology & Reconstructive Pelvic Surgery Fellowship,Stanford Medicine,Positions,,"1 fellow per year, alternating: OBGYN-trained fellow recruited in odd years, urology-trained fellow in even years",https://med.stanford.edu/obgyn/divisions/gyn/fellowships.html
/programs/urogynecology-reconstructive-pelvic-surgery-fellowship-stanford,Urogynecology & Reconstructive Pelvic Surgery Fellowship,Stanford Medicine,Deadline,See the current official application cycle,"Recruitment alternates by year (2025: gynecology fellow, last posted interview date 18 April 2025; 2026: urology fellow). Next cycle not posted.",https://med.stanford.edu/obgyn/divisions/gyn/fellowships.html
/programs/urogynecology-reconstructive-pelvic-surgery-fellowship-stanford,Urogynecology & Reconstructive Pelvic Surgery Fellowship,Stanford Medicine,Department,,"Division of Gynecology, Department of Obstetrics & Gynecology (joint with Stanford Urology)",https://med.stanford.edu/obgyn/divisions/gyn/fellowships.html
/programs/urogynecology-reconstructive-pelvic-surgery-fellowship-stanford,Urogynecology & Reconstructive Pelvic Surgery Fellowship,Stanford Medicine,State or region,,California,https://med.stanford.edu/obgyn/divisions/gyn/fellowships.html
/programs/urogynecology-reconstructive-pelvic-surgery-fellowship-stanford,Urogynecology & Reconstructive Pelvic Surgery Fellowship,Stanford Medicine,International applicants,Check with programme,Not stated on official page,https://med.stanford.edu/obgyn/divisions/gyn/fellowships.html
/programs/urogynecology-reconstructive-pelvic-surgery-fellowship-stanford,Urogynecology & Reconstructive Pelvic Surgery Fellowship,Stanford Medicine,Application method,,Not stated on official page,https://med.stanford.edu/obgyn/divisions/gyn/fellowships.html
/programs/urogynecology-reconstructive-pelvic-surgery-fellowship-stanford,Urogynecology & Reconstructive Pelvic Surgery Fellowship,Stanford Medicine,Funding,,Not stated on official page,https://med.stanford.edu/obgyn/divisions/gyn/fellowships.html
/programs/urogynecology-reconstructive-pelvic-surgery-fellowship-stanford,Urogynecology & Reconstructive Pelvic Surgery Fellowship,Stanford Medicine,Visa support,,Not stated on official page,https://med.stanford.edu/obgyn/divisions/gyn/fellowships.html
/programs/urogynecology-reconstructive-pelvic-surgery-fellowship-stanford,Urogynecology & Reconstructive Pelvic Surgery Fellowship,Stanford Medicine,Licence requirement,,Not stated on official page,https://med.stanford.edu/obgyn/divisions/gyn/fellowships.html
/programs/vanderbilt-adult-cardiothoracic-anesthesia,Adult Cardiothoracic Anesthesia Fellowship,Vanderbilt University Medical Center,Deadline,Confirm current intake with the programme,Applications via SF Match accepted from November through 31 January,https://www.vumc.org/anesthesiology/cardiothoracic-fellowship
/programs/vanderbilt-adult-cardiothoracic-anesthesia,Adult Cardiothoracic Anesthesia Fellowship,Vanderbilt University Medical Center,Funding,Not stated on official page,Salary not stated; CME budget provided for conference attendance,https://www.vumc.org/anesthesiology/cardiothoracic-fellowship
/programs/vanderbilt-adult-cardiothoracic-anesthesia,Adult Cardiothoracic Anesthesia Fellowship,Vanderbilt University Medical Center,International applicants,Check with programme,Institutional GME requirement: holders of a foreign medical degree need a valid ECFMG certificate; no programme-specific policy stated,https://www.vumc.org/gme/applicants
/programs/vanderbilt-adult-cardiothoracic-anesthesia,Adult Cardiothoracic Anesthesia Fellowship,Vanderbilt University Medical Center,Visa support,Not stated on official page,Not stated on programme page; VUMC GME appointment requirements state foreign nationals must hold a valid J-1 or H-1B visa,https://www.vumc.org/gme/appointments
/programs/vanderbilt-adult-cardiothoracic-anesthesia,Adult Cardiothoracic Anesthesia Fellowship,Vanderbilt University Medical Center,Department,,"Department of Anesthesiology, Vanderbilt University Medical Center",https://www.vumc.org/anesthesiology/cardiothoracic-fellowship
/programs/vanderbilt-adult-cardiothoracic-anesthesia,Adult Cardiothoracic Anesthesia Fellowship,Vanderbilt University Medical Center,Start,Confirm current intake with the programme,Not stated on official page,https://www.vumc.org/anesthesiology/cardiothoracic-fellowship
/programs/vanderbilt-adult-cardiothoracic-anesthesia,Adult Cardiothoracic Anesthesia Fellowship,Vanderbilt University Medical Center,Licence requirement,,Not stated on official page,https://www.vumc.org/anesthesiology/cardiothoracic-fellowship
/programs/vanderbilt-critical-care-medicine,Anesthesiology Critical Care Medicine Fellowship,Vanderbilt University Medical Center,Deadline,Confirm current intake with the programme,SF Match; application registration opens in November,https://www.vumc.org/anesthesiology/anesthesiology-critical-care-medicine-fellowship
/programs/vanderbilt-critical-care-medicine,Anesthesiology Critical Care Medicine Fellowship,Vanderbilt University Medical Center,International applicants,Check with programme,Institutional GME requirement: holders of a foreign medical degree need a valid ECFMG certificate; no programme-specific policy stated,https://www.vumc.org/gme/applicants
/programs/vanderbilt-critical-care-medicine,Anesthesiology Critical Care Medicine Fellowship,Vanderbilt University Medical Center,Visa support,Not stated on official page,Not stated on programme page; VUMC GME appointment requirements state foreign nationals must hold a valid J-1 or H-1B visa,https://www.vumc.org/gme/appointments
/programs/vanderbilt-critical-care-medicine,Anesthesiology Critical Care Medicine Fellowship,Vanderbilt University Medical Center,Department,,"Department of Anesthesiology, Vanderbilt University Medical Center",https://www.vumc.org/anesthesiology/cardiothoracic-fellowship
/programs/vanderbilt-critical-care-medicine,Anesthesiology Critical Care Medicine Fellowship,Vanderbilt University Medical Center,Start,Confirm current intake with the programme,Not stated on official page,https://www.vumc.org/anesthesiology/anesthesiology-critical-care-medicine-fellowship
/programs/vanderbilt-critical-care-medicine,Anesthesiology Critical Care Medicine Fellowship,Vanderbilt University Medical Center,Positions,,Not stated on official page,https://www.vumc.org/anesthesiology/anesthesiology-critical-care-medicine-fellowship
/programs/vanderbilt-critical-care-medicine,Anesthesiology Critical Care Medicine Fellowship,Vanderbilt University Medical Center,Licence requirement,,Not stated on official page,https://www.vumc.org/anesthesiology/anesthesiology-critical-care-medicine-fellowship
/programs/vanderbilt-global-anesthesiology,Global Anesthesiology Fellowship,Vanderbilt University Medical Center,International applicants,Check with programme,Institutional GME requirement: holders of a foreign medical degree need a valid ECFMG certificate; no programme-specific policy stated,https://www.vumc.org/gme/applicants
/programs/vanderbilt-global-anesthesiology,Global Anesthesiology Fellowship,Vanderbilt University Medical Center,Visa support,Not stated on official page,Not stated on programme page; VUMC GME appointment requirements state foreign nationals must hold a valid J-1 or H-1B visa,https://www.vumc.org/gme/appointments
/programs/vanderbilt-global-anesthesiology,Global Anesthesiology Fellowship,Vanderbilt University Medical Center,Department,,"Department of Anesthesiology, Vanderbilt University Medical Center",https://www.vumc.org/anesthesiology/cardiothoracic-fellowship
/programs/vanderbilt-global-anesthesiology,Global Anesthesiology Fellowship,Vanderbilt University Medical Center,Funding,Department and research funding support the fellowship; salary is equivalent to Clinical Instructor rank.,"Salary equivalent to Clinical Instructor rank over 12 months; relocation allowance $2,000 single/$3,000 family; CME fund; supported by the Department of Anesthesiology and research funding",https://www.vumc.org/anesthesiology/global-anesthesiology-fellowship
/programs/vanderbilt-global-anesthesiology,Global Anesthesiology Fellowship,Vanderbilt University Medical Center,Start,Confirm current intake with the programme,Not stated on official page,https://www.vumc.org/anesthesiology/global-anesthesiology-fellowship
/programs/vanderbilt-global-anesthesiology,Global Anesthesiology Fellowship,Vanderbilt University Medical Center,Deadline,Confirm current intake with the programme,Not stated on official page,https://www.vumc.org/anesthesiology/global-anesthesiology-fellowship
/programs/vanderbilt-global-anesthesiology,Global Anesthesiology Fellowship,Vanderbilt University Medical Center,Positions,,Not stated on official page,https://www.vumc.org/anesthesiology/global-anesthesiology-fellowship
/programs/vanderbilt-global-anesthesiology,Global Anesthesiology Fellowship,Vanderbilt University Medical Center,Licence requirement,,Not stated on official page,https://www.vumc.org/anesthesiology/global-anesthesiology-fellowship
/programs/vanderbilt-neuroanesthesiology,Neuroanesthesiology Fellowship,Vanderbilt University Medical Center,International applicants,Check with programme,Institutional GME requirement: holders of a foreign medical degree need a valid ECFMG certificate; no programme-specific policy stated,https://www.vumc.org/gme/applicants
/programs/vanderbilt-neuroanesthesiology,Neuroanesthesiology Fellowship,Vanderbilt University Medical Center,Visa support,Not stated on official page,Not stated on programme page; VUMC GME appointment requirements state foreign nationals must hold a valid J-1 or H-1B visa,https://www.vumc.org/gme/appointments
/programs/vanderbilt-neuroanesthesiology,Neuroanesthesiology Fellowship,Vanderbilt University Medical Center,Department,,"Department of Anesthesiology, Vanderbilt University Medical Center",https://www.vumc.org/anesthesiology/cardiothoracic-fellowship
/programs/vanderbilt-neuroanesthesiology,Neuroanesthesiology Fellowship,Vanderbilt University Medical Center,Eligibility,Complete an ACGME-accredited anesthesiology residency before starting; Tennessee medical-licence eligibility is required.,"Completed an ACGME-accredited anesthesiology residency, or current anesthesiology resident in good standing completing residency before the start date; must be able to obtain a Tennessee medical licence",https://www.vumc.org/anesthesiology/neuroanesthesiology-fellowship
/programs/vanderbilt-neuroanesthesiology,Neuroanesthesiology Fellowship,Vanderbilt University Medical Center,Start,Confirm current intake with the programme,Not stated on official page,https://www.vumc.org/anesthesiology/neuroanesthesiology-fellowship
/programs/vanderbilt-neuroanesthesiology,Neuroanesthesiology Fellowship,Vanderbilt University Medical Center,Deadline,Confirm current intake with the programme,Not stated on official page,https://www.vumc.org/anesthesiology/neuroanesthesiology-fellowship
/programs/vanderbilt-perioperative-medicine,Perioperative Medicine Fellowship,Vanderbilt University Medical Center,International applicants,Check with programme,Institutional GME requirement: holders of a foreign medical degree need a valid ECFMG certificate; no programme-specific policy stated,https://www.vumc.org/gme/applicants
/programs/vanderbilt-perioperative-medicine,Perioperative Medicine Fellowship,Vanderbilt University Medical Center,Visa support,Not stated on official page,Not stated on programme page; VUMC GME appointment requirements state foreign nationals must hold a valid J-1 or H-1B visa,https://www.vumc.org/gme/appointments
/programs/vanderbilt-perioperative-medicine,Perioperative Medicine Fellowship,Vanderbilt University Medical Center,Department,,"Department of Anesthesiology, Vanderbilt University Medical Center",https://www.vumc.org/anesthesiology/cardiothoracic-fellowship
/programs/vanderbilt-perioperative-medicine,Perioperative Medicine Fellowship,Vanderbilt University Medical Center,Start,Confirm current intake with the programme,Not stated on official page,https://www.vumc.org/anesthesiology/perioperative-medicine-fellowship
/programs/vanderbilt-perioperative-medicine,Perioperative Medicine Fellowship,Vanderbilt University Medical Center,Deadline,Confirm current intake with the programme,Not stated on official page,https://www.vumc.org/anesthesiology/perioperative-medicine-fellowship
/programs/vanderbilt-perioperative-medicine,Perioperative Medicine Fellowship,Vanderbilt University Medical Center,Licence requirement,,Not stated on official page,https://www.vumc.org/anesthesiology/perioperative-medicine-fellowship
/programs/vanderbilt-regional-anesthesia-acute-pain,Regional Anesthesia and Acute Pain Medicine Fellowship,Vanderbilt University Medical Center,International applicants,Check with programme,Institutional GME requirement: holders of a foreign medical degree need a valid ECFMG certificate; no programme-specific policy stated,https://www.vumc.org/gme/applicants
/programs/vanderbilt-regional-anesthesia-acute-pain,Regional Anesthesia and Acute Pain Medicine Fellowship,Vanderbilt University Medical Center,Visa support,Not stated on official page,Not stated on programme page; VUMC GME appointment requirements state foreign nationals must hold a valid J-1 or H-1B visa,https://www.vumc.org/gme/appointments
/programs/vanderbilt-regional-anesthesia-acute-pain,Regional Anesthesia and Acute Pain Medicine Fellowship,Vanderbilt University Medical Center,Department,,"Department of Anesthesiology, Vanderbilt University Medical Center",https://www.vumc.org/anesthesiology/cardiothoracic-fellowship
/programs/vanderbilt-regional-anesthesia-acute-pain,Regional Anesthesia and Acute Pain Medicine Fellowship,Vanderbilt University Medical Center,Funding,"GME compensation and benefits, with education and conference stipends; amounts are updated annually.","Salary over $80,000 per year (PGY-5 scale, updated annually by VUMC GME) plus CME and conference stipends; standard GME benefits; moonlighting available",https://www.vumc.org/anesthesiology/regional-anesthesia-and-acute-pain-medicine-fellowship
/programs/vanderbilt-regional-anesthesia-acute-pain,Regional Anesthesia and Acute Pain Medicine Fellowship,Vanderbilt University Medical Center,Licence requirement,,Tennessee medical licence required for moonlighting,https://www.vumc.org/anesthesiology/regional-anesthesia-and-acute-pain-medicine-fellowship
/programs/vanderbilt-regional-anesthesia-acute-pain,Regional Anesthesia and Acute Pain Medicine Fellowship,Vanderbilt University Medical Center,Start,Confirm current intake with the programme,Not stated on official page,https://www.vumc.org/anesthesiology/regional-anesthesia-and-acute-pain-medicine-fellowship
/programs/vanderbilt-regional-anesthesia-acute-pain,Regional Anesthesia and Acute Pain Medicine Fellowship,Vanderbilt University Medical Center,Deadline,Confirm current intake with the programme,Not stated on official page,https://www.vumc.org/anesthesiology/regional-anesthesia-and-acute-pain-medicine-fellowship
/programs/vanderbilt-university-gynecologic-oncology-fellowship,Gynecologic Oncology Fellowship,Vanderbilt University,Duration,3 years,"3 years (first year primarily research, years 2-3 clinical)",https://www.vumc.org/obgyn/fellowships
/programs/vanderbilt-university-gynecologic-oncology-fellowship,Gynecologic Oncology Fellowship,Vanderbilt University,Accreditation,Listed by the Society of Gynecologic Oncology; confirm current ACGME status,ACGME,https://www.vumc.org/obgyn/fellowships
/programs/vanderbilt-university-gynecologic-oncology-fellowship,Gynecologic Oncology Fellowship,Vanderbilt University,Positions,,1 per year,https://www.vumc.org/obgyn/fellowships
/programs/vanderbilt-university-gynecologic-oncology-fellowship,Gynecologic Oncology Fellowship,Vanderbilt University,Eligibility,"Completed Obstetrics and Gynaecology residency; ERAS, NRMP and institution-specific requirements apply",Completed an ACGME- or AOA-accredited Obstetrics and Gynecology residency in good standing,https://www.vumc.org/obgyn/fellowships
/programs/vanderbilt-university-gynecologic-oncology-fellowship,Gynecologic Oncology Fellowship,Vanderbilt University,Deadline,Follow the current ERAS and NRMP Gynecologic Oncology fellowship timeline,2026 cycle (SGO guidelines): ERAS deadline 6 April 2026; interview offers 11 May 2026; virtual interviews 17 July and 28 August 2026. Next cycle not yet posted.,https://www.vumc.org/obgyn/fellowships
/programs/vanderbilt-university-gynecologic-oncology-fellowship,Gynecologic Oncology Fellowship,Vanderbilt University,Application method,ERAS and NRMP Match,ERAS (including SGO Gynecologic Oncologist SLOE) and NRMP Match,https://www.vumc.org/obgyn/fellowships
/programs/vanderbilt-university-gynecologic-oncology-fellowship,Gynecologic Oncology Fellowship,Vanderbilt University,International applicants,Check with programme,Institutional GME requirement: holders of a foreign medical degree need a valid ECFMG certificate; no programme-specific policy stated,https://www.vumc.org/gme/applicants
/programs/vanderbilt-university-gynecologic-oncology-fellowship,Gynecologic Oncology Fellowship,Vanderbilt University,Visa support,,Not stated on programme page; VUMC GME appointment requirements state foreign nationals must hold a valid J-1 or H-1B visa,https://www.vumc.org/gme/appointments
/programs/vanderbilt-university-gynecologic-oncology-fellowship,Gynecologic Oncology Fellowship,Vanderbilt University,Department,,"Department of Obstetrics and Gynecology, Vanderbilt University Medical Center",https://www.vumc.org/obgyn/fellowships
/programs/vanderbilt-university-gynecologic-oncology-fellowship,Gynecologic Oncology Fellowship,Vanderbilt University,Start,Annual academic intake; confirm exact date with programme,Not stated on official page,https://www.vumc.org/obgyn/fellowships
/programs/vanderbilt-university-gynecologic-oncology-fellowship,Gynecologic Oncology Fellowship,Vanderbilt University,Funding,,Not stated on official page,https://www.vumc.org/obgyn/fellowships
/programs/vanderbilt-university-gynecologic-oncology-fellowship,Gynecologic Oncology Fellowship,Vanderbilt University,Licence requirement,,Not stated on official page,https://www.vumc.org/obgyn/fellowships
/programs/vanderbilt-university-medical-center-urogynecology-reconstructive-pelvic-surgery-fellowship,Urogynecology & Reconstructive Pelvic Surgery Fellowship,Vanderbilt University Medical Center,Accreditation,Listed in the American Urogynecologic Society 2026 programme guide; confirm current ACGME status,ACGME (since 2013); recognised by AUGS,https://www.vumc.org/obgyn/fellowships/urogynecology-and-reconstructive-pelvic-surgery
/programs/vanderbilt-university-medical-center-urogynecology-reconstructive-pelvic-surgery-fellowship,Urogynecology & Reconstructive Pelvic Surgery Fellowship,Vanderbilt University Medical Center,International applicants,Check with programme,Institutional GME requirement: holders of a foreign medical degree need a valid ECFMG certificate; no programme-specific policy stated,https://www.vumc.org/gme/applicants
/programs/vanderbilt-university-medical-center-urogynecology-reconstructive-pelvic-surgery-fellowship,Urogynecology & Reconstructive Pelvic Surgery Fellowship,Vanderbilt University Medical Center,Visa support,,Not stated on programme page; VUMC GME appointment requirements state foreign nationals must hold a valid J-1 or H-1B visa,https://www.vumc.org/gme/appointments
/programs/vanderbilt-university-medical-center-urogynecology-reconstructive-pelvic-surgery-fellowship,Urogynecology & Reconstructive Pelvic Surgery Fellowship,Vanderbilt University Medical Center,Department,,"Department of Obstetrics and Gynecology, Vanderbilt University Medical Center",https://www.vumc.org/obgyn/fellowships/urogynecology-and-reconstructive-pelvic-surgery
/programs/vanderbilt-university-medical-center-urogynecology-reconstructive-pelvic-surgery-fellowship,Urogynecology & Reconstructive Pelvic Surgery Fellowship,Vanderbilt University Medical Center,Funding,,Not stated on official page,https://www.vumc.org/obgyn/fellowships/urogynecology-and-reconstructive-pelvic-surgery
/programs/vanderbilt-university-medical-center-urogynecology-reconstructive-pelvic-surgery-fellowship,Urogynecology & Reconstructive Pelvic Surgery Fellowship,Vanderbilt University Medical Center,Licence requirement,,Not stated on official page,https://www.vumc.org/obgyn/fellowships/urogynecology-and-reconstructive-pelvic-surgery
