slug,title,inst,Specialty,Subspecialty,Department,Country,City,State or region,Training type,Duration,Start,Deadline,Eligibility,International applicants,Accreditation,Application method,Positions,Funding,Visa support,Licence requirement,Summary,Last verified,official_urls
/programs/burns-anaesthesia-fellowship-sunnybrook-health-sciences-centre,Burns Anaesthesia Fellowship,Sunnybrook Health Sciences Centre,Anaesthesiology,Burns anaesthesia,"Department of Anesthesia, Sunnybrook / University of Toronto Department of Anesthesiology and Pain Medicine",Canada,Toronto,Ontario,Clinical Fellowship,12 months (shorter or longer may be pursued under certain circumstances),July or January intake,Apply at least 15 months in advance; January 2027 session closed; online forms open for July 2027 and January 2028 intakes,Minimum 30 months of clinical anaesthesia training and all requisite certification exams passed in home country; preference for training completed within past seven years; fluency in English mandatory,Yes — open to international graduates; applicants whose first language is not English must pass TOEFL/TSE or IELTS,University of Toronto PGME-registered fellowship; does not count towards Royal College of Physicians and Surgeons of Canada specialty certification,Online application form via University of Toronto Department of Anesthesiology and Pain Medicine website (one intake period per application) with letter of intent and signed reference letters,Not stated on official page,Not stated on official page,Not stated on official page,"Temporary CPSO licence on acceptance, then educational licence after a mandated 1–3 month assessment period; fellow must procure malpractice insurance","A one-year fellowship focused on perioperative anaesthetic management and ICU care of patients with burn injuries at the Ross Tilley Burn Centre, the largest burn care centre in Canada.",3 October 2026,https://anesthesia.utoronto.ca/burns-anaesthesia-fellowship-shsc | https://anesthesia.utoronto.ca/applying-fellowship-program
/programs/neurotrauma-and-neuroanaesthesia-fellowship-sunnybrook-health-sciences-centre,Neurotrauma and Neuroanaesthesia Fellowship,Sunnybrook Health Sciences Centre,Anaesthesiology,Neuroanaesthesia,"Department of Anesthesia, Sunnybrook / University of Toronto Department of Anesthesiology and Pain Medicine",Canada,Toronto,Ontario,Clinical Fellowship,12 months (shorter or longer may be pursued under certain circumstances),July or January intake,Apply at least 15 months in advance; January 2027 session closed; online forms open for July 2027 and January 2028 intakes,Minimum 30 months of clinical anaesthesia training and all requisite certification exams passed in home country; preference for training completed within past seven years; fluency in English mandatory,Yes — open to international graduates; applicants whose first language is not English must pass TOEFL/TSE or IELTS,University of Toronto PGME-registered fellowship; does not count towards Royal College of Physicians and Surgeons of Canada specialty certification,Online application form via University of Toronto Department of Anesthesiology and Pain Medicine website (one intake period per application) with letter of intent and signed reference letters,1 per year,Not stated on official page,Not stated on official page,"Temporary CPSO licence on acceptance, then educational licence after a mandated 1–3 month assessment period; fellow must procure malpractice insurance",A one-year fellowship focused on skills and competencies in the perioperative management of patients undergoing complex neurosurgical and neuro-interventional procedures at Canada's largest trauma centre.,3 October 2026,https://anesthesia.utoronto.ca/neurotrauma-and-neuroanesthesia-fellowship-shsc | https://anesthesia.utoronto.ca/applying-fellowship-program
/programs/trauma-anaesthesia-fellowship-sunnybrook-health-sciences-centre,Trauma Anaesthesia Fellowship,Sunnybrook Health Sciences Centre,Anaesthesiology,Trauma anaesthesia,"Department of Anesthesia, Sunnybrook / University of Toronto Department of Anesthesiology and Pain Medicine",Canada,Toronto,Ontario,Clinical Fellowship,12 months (shorter or longer may be pursued under certain circumstances),July,"Apply at least 15 months in advance; online forms open for July 2027, July 2028 and July 2029 intakes",Minimum 30 months of clinical anaesthesia training and all requisite certification exams passed in home country; preference for training completed within past seven years; fluency in English mandatory,Yes — open to international graduates; applicants whose first language is not English must pass TOEFL/TSE or IELTS,University of Toronto PGME-registered fellowship; does not count towards Royal College of Physicians and Surgeons of Canada specialty certification,Online application form via University of Toronto Department of Anesthesiology and Pain Medicine website (one intake period per application) with letter of intent and signed reference letters,1 per year,Not stated on official page,Not stated on official page,"Temporary CPSO licence on acceptance, then educational licence after a mandated 1–3 month assessment period; fellow must procure malpractice insurance","Develops expertise in managing trauma during initial triage, intra- and post-operative care, including training in the Trauma Team Leader role at the largest trauma centre in Canada.",3 October 2026,https://anesthesia.utoronto.ca/trauma-anaesthesia-fellowship-shsc | https://anesthesia.utoronto.ca/applying-fellowship-program
/programs/anaesthesia-simulation-fellowship-sunnybrook-health-sciences-centre,Anaesthesia Simulation Fellowship,Sunnybrook Health Sciences Centre,Anaesthesiology,Simulation & medical education,"Department of Anesthesia, Sunnybrook / University of Toronto Department of Anesthesiology and Pain Medicine",Canada,Toronto,Ontario,Clinical Fellowship,12 months (shorter or longer may be pursued under certain circumstances),July or January intake,Apply at least 15 months in advance; January 2027 session closed; online forms open for July 2027 and January 2028 intakes,Minimum 30 months of clinical anaesthesia training and all requisite certification exams passed in home country; preference for training completed within past seven years; fluency in English mandatory,Yes — open to international graduates; applicants whose first language is not English must pass TOEFL/TSE or IELTS,University of Toronto PGME-registered fellowship; does not count towards Royal College of Physicians and Surgeons of Canada specialty certification,Online application form via University of Toronto Department of Anesthesiology and Pain Medicine website (one intake period per application) with letter of intent and signed reference letters,1 per year,Not stated on official page,Not stated on official page,"Temporary CPSO licence on acceptance, then educational licence after a mandated 1–3 month assessment period; fellow must procure malpractice insurance","Builds expertise in simulation-based education, evaluation, debriefing and research at the Canadian Simulation Centre for Human Performance and Crisis Management Training, with remaining time in clinical anaesthesia.",3 October 2026,https://anesthesia.utoronto.ca/anaesthesia-simulation-fellowship-shsc | https://anesthesia.utoronto.ca/applying-fellowship-program
/programs/pain-medicine-chronic-pain-fellowship-sunnybrook-health-sciences-centre,Pain Medicine / Chronic Pain Fellowship,Sunnybrook Health Sciences Centre,Anaesthesiology,Chronic pain medicine,"Department of Anesthesia, Sunnybrook / University of Toronto Department of Anesthesiology and Pain Medicine",Canada,Toronto,Ontario,Clinical Fellowship,12 months (shorter or longer may be pursued under certain circumstances),July or January intake,Apply at least 18 months in advance; January 2027 session closed; online forms open for July 2027 and January 2028 intakes,Minimum 30 months of clinical anaesthesia training and all requisite certification exams passed in home country; preference for training completed within past seven years; fluency in English mandatory,Yes — open to international graduates; applicants whose first language is not English must pass TOEFL/TSE or IELTS,University of Toronto PGME-registered fellowship; does not count towards Royal College of Physicians and Surgeons of Canada specialty certification,Online application form via University of Toronto Department of Anesthesiology and Pain Medicine website (one intake period per application) with letter of intent and signed reference letters,1 per year,Not stated on official page,Not stated on official page,"Temporary CPSO licence on acceptance, then educational licence after a mandated 1–3 month assessment period; fellow must procure malpractice insurance","A 12-month chronic pain fellowship with Acute Pain Service, regional anaesthesia and operating room experience, with fellows expected to initiate at least one research project.",3 October 2026,https://anesthesia.utoronto.ca/pain-medicinechronic-pain-fellowship-shsc | https://anesthesia.utoronto.ca/applying-fellowship-program
/programs/advanced-clinical-fellowship-in-anaesthesia-sunnybrook-health-sciences-centre,Advanced Clinical Fellowship in Anaesthesia,Sunnybrook Health Sciences Centre,Anaesthesiology,Advanced clinical anaesthesia,"Department of Anesthesia, Sunnybrook / University of Toronto Department of Anesthesiology and Pain Medicine",Canada,Toronto,Ontario,Clinical Fellowship,Most fellowships are one year,July or January intake,Apply at least 12–15 months in advance; January 2027 session closed; online forms open for July 2027 and January 2028 intakes,Minimum 30 months of clinical anaesthesia training and all requisite certification exams passed in home country; preference for training completed within past seven years; fluency in English mandatory,Yes — open to international graduates; applicants whose first language is not English must pass TOEFL/TSE or IELTS,University of Toronto PGME-registered fellowship; does not count towards Royal College of Physicians and Surgeons of Canada specialty certification,Online application form via University of Toronto Department of Anesthesiology and Pain Medicine website (one intake period per application) with letter of intent and signed reference letters,Not stated on official page,Salaried position (salary described as highly competitive),Not stated on official page,"Temporary CPSO licence on acceptance, then educational licence after a mandated 1–3 month assessment period; fellow must procure malpractice insurance",A salaried advanced clinical fellowship at Sunnybrook with formal evaluation at 6 and 12 months and a completion certificate.,3 October 2026,https://anesthesia.utoronto.ca/advanced-clinical-fellowship-anaesthesia-shsc | https://anesthesia.utoronto.ca/applying-fellowship-program
/programs/obstetrical-anaesthesia-fellowship-sunnybrook-health-sciences-centre,Obstetrical Anaesthesia Fellowship,Sunnybrook Health Sciences Centre,Anaesthesiology,Obstetric anaesthesia,"Department of Anesthesia, Sunnybrook / University of Toronto Department of Anesthesiology and Pain Medicine",Canada,Toronto,Ontario,Clinical Fellowship,12 months (shorter or longer may be pursued under certain circumstances),July or January intake,July 2027 intake: form open 15 July 2025 – 30 September 2026; January 2028 intake: form open 15 July 2026 – 28 February 2027,Minimum 30 months of clinical anaesthesia training and all requisite certification exams passed in home country; preference for training completed within past seven years; fluency in English mandatory,Yes — open to international graduates; applicants whose first language is not English must pass TOEFL/TSE or IELTS,University of Toronto PGME-registered fellowship; does not count towards Royal College of Physicians and Surgeons of Canada specialty certification,Online application form via University of Toronto Department of Anesthesiology and Pain Medicine website (one intake period per application) with letter of intent and signed reference letters,2–3 per year,Not stated on official page,Not stated on official page,"Temporary CPSO licence on acceptance, then educational licence after a mandated 1–3 month assessment period; fellow must procure malpractice insurance","A 12-month obstetric anaesthesia fellowship in Sunnybrook's obstetric centre, which manages approximately 4,250 deliveries every year.",3 October 2026,https://anesthesia.utoronto.ca/obstetrical-anaesthesia-fellowship-shsc | https://anesthesia.utoronto.ca/applying-fellowship-program
/programs/perioperative-pocus-fellowship-sunnybrook-health-sciences-centre,Perioperative POCUS Fellowship,Sunnybrook Health Sciences Centre,Anaesthesiology,Perioperative point-of-care ultrasound,"Department of Anesthesia, Sunnybrook / University of Toronto Department of Anesthesiology and Pain Medicine",Canada,Toronto,Ontario,Clinical Fellowship,12 months (shorter or longer may be pursued under certain circumstances),July or January intake,Apply at least 18 months in advance; January 2027 session closed; online forms open for July 2027 and January 2028 intakes,Minimum 30 months of clinical anaesthesia training and all requisite certification exams passed in home country; preference for training completed within past seven years; fluency in English mandatory,Yes — open to international graduates; applicants whose first language is not English must pass TOEFL/TSE or IELTS,University of Toronto PGME-registered fellowship; does not count towards Royal College of Physicians and Surgeons of Canada specialty certification,Online application form via University of Toronto Department of Anesthesiology and Pain Medicine website (one intake period per application) with letter of intent and signed reference letters,2 per year,Not stated on official page,Not stated on official page,"Temporary CPSO licence on acceptance, then educational licence after a mandated 1–3 month assessment period; fellow must procure malpractice insurance","A one-year fellowship in perioperative point-of-care ultrasound using the I-AIM framework, preparing fellows for the ASA Diagnostic POCUS Certificate and NBE Basic PTEeXAM.",3 October 2026,https://anesthesia.utoronto.ca/perioperative-pocus-fellowship-shsc | https://anesthesia.utoronto.ca/applying-fellowship-program
/programs/regional-anaesthesia-fellowship-sunnybrook-health-sciences-centre,Regional Anaesthesia Fellowship,Sunnybrook Health Sciences Centre,Anaesthesiology,Regional anaesthesia & acute pain,"Department of Anesthesia, Sunnybrook / University of Toronto Department of Anesthesiology and Pain Medicine",Canada,Toronto,Ontario,Clinical Fellowship,12 months (shorter or longer may be pursued under certain circumstances),July or January intake,Apply at least 15–18 months in advance; January 2027 session closed; online forms open for July 2027 and January 2028 intakes,Minimum 30 months of clinical anaesthesia training and all requisite certification exams passed in home country; preference for training completed within past seven years; fluency in English mandatory,Yes — open to international graduates; applicants whose first language is not English must pass TOEFL/TSE or IELTS,University of Toronto PGME-registered fellowship; does not count towards Royal College of Physicians and Surgeons of Canada specialty certification,Online application form via University of Toronto Department of Anesthesiology and Pain Medicine website (one intake period per application) with letter of intent and signed reference letters,4–6 per year,Not stated on official page,Not stated on official page,"Temporary CPSO licence on acceptance, then educational licence after a mandated 1–3 month assessment period; fellow must procure malpractice insurance","A 12-month regional anaesthesia fellowship at a centre performing more than 3,000 regional anaesthesia procedures each year, including Acute Pain Service rotation and a research project.",3 October 2026,https://anesthesia.utoronto.ca/regional-anaesthesia-fellowship-shsc | https://anesthesia.utoronto.ca/applying-fellowship-program
/programs/advanced-airway-management-fellowship-toronto-general-hospital-university-health-network,Advanced Airway Management Fellowship,Toronto General Hospital (University Health Network),Anaesthesiology,Airway management,"Department of Anesthesia and Pain Management, UHN / University of Toronto Department of Anesthesiology and Pain Medicine",Canada,Toronto,Ontario,Clinical Fellowship,12 months,Normally beginning of February and beginning of August each year,Applications open 24 months and close 12 months before the intended start date; July 2028 application form currently open,"Completed all required anaesthesia examinations, registered with the official regulatory authorities, and at least 5 years of anaesthesia training and experience at an academic centre (1 may be a rotational/internship year); 1–2 years as staff anaesthesiologist strongly advised; current ACLS certification required",Yes — applicants trained in countries where English is not the primary language must demonstrate effective communication in English,University of Toronto PGME-registered fellowship; does not count towards Royal College of Physicians and Surgeons of Canada specialty certification,Online application platform on the University of Toronto Department of Anesthesiology and Pain Medicine website; shortlisted candidates asked for references and interviewed,1 per year,Not stated on official page (travel grants available for research presentations at eligible North American meetings),Not stated on official page,Not stated on official page,"Focuses on acquiring expertise in airway evaluation and management, including care of patients undergoing complex head and neck surgery, so the fellow can serve as a resource in teaching and managing difficult airways.",3 October 2026,https://anesthesia.utoronto.ca/advanced-airway-management | https://anesthesia.utoronto.ca/applying-fellowship-program
/programs/advanced-clinical-practice-fellowship-toronto-general-hospital-university-health-network,Advanced Clinical Practice Fellowship,Toronto General Hospital (University Health Network),Anaesthesiology,Advanced clinical anaesthesia,"Department of Anesthesia and Pain Management, UHN / University of Toronto Department of Anesthesiology and Pain Medicine",Canada,Toronto,Ontario,Clinical Fellowship,12 months,Normally beginning of February and beginning of August each year,Applications close 12 months before start; January 2027 and July 2027 closed; forms open for January 2028 and July 2028,"Completed all required anaesthesia examinations, registered with the official regulatory authorities, and at least 5 years of anaesthesia training and experience at an academic centre (1 may be a rotational/internship year); 1–2 years as staff anaesthesiologist strongly advised; current ACLS certification required",Yes — applicants trained in countries where English is not the primary language must demonstrate effective communication in English,University of Toronto PGME-registered fellowship; does not count towards Royal College of Physicians and Surgeons of Canada specialty certification,Online application platform on the University of Toronto Department of Anesthesiology and Pain Medicine website; shortlisted candidates asked for references and interviewed,6 per year,Not stated on official page (travel grants available for research presentations at eligible North American meetings),Not stated on official page,Not stated on official page,"Designed for candidates wanting more experience in high-risk anaesthesia, predominantly surgical oncology, vascular, cardiac patients for non-cardiac procedures and previous organ transplant patients.",3 October 2026,https://anesthesia.utoronto.ca/advanced-clinical-practice | https://anesthesia.utoronto.ca/applying-fellowship-program
/programs/adult-cardiovascular-anesthesia-and-intensive-care-fellowship-toronto-general-hospital-university-health-network,Adult Cardiovascular Anesthesia and Intensive Care Fellowship,Toronto General Hospital (University Health Network),Anaesthesiology,Adult cardiothoracic anaesthesia,"Department of Anesthesia and Pain Management, UHN / University of Toronto Department of Anesthesiology and Pain Medicine",Canada,Toronto,Ontario,Clinical Fellowship,12 months,Normally beginning of February and beginning of August each year,Applications open 24 months and close 12 months before the intended start date,"Completed all required anaesthesia examinations, registered with the official regulatory authorities, and at least 5 years of anaesthesia training and experience at an academic centre (1 may be a rotational/internship year); 1–2 years as staff anaesthesiologist strongly advised; current ACLS certification required; significant experience managing life-threatening situations (massive transfusion, cardiac failure, vasoplegia) required",Yes — applicants trained in countries where English is not the primary language must demonstrate effective communication in English,University of Toronto PGME-registered fellowship; does not count towards Royal College of Physicians and Surgeons of Canada specialty certification,Online application platform on the University of Toronto Department of Anesthesiology and Pain Medicine website; shortlisted candidates asked for references and interviewed,8–10 per year,Not stated on official page (travel grants available for research presentations at eligible North American meetings),Not stated on official page,Not stated on official page,"A 12-month fellowship with 9 months in cardiac operating rooms and 3 months in CVICU, including dedicated TEE training, at a centre performing 30–40 heart transplants per year.",3 October 2026,https://anesthesia.utoronto.ca/adult-cardiovascular-anesthesia-and-intensive-care-tgh | https://anesthesia.utoronto.ca/applying-fellowship-program
/programs/thoracic-anesthesia-fellowship-toronto-general-hospital-university-health-network,Thoracic Anesthesia Fellowship,Toronto General Hospital (University Health Network),Anaesthesiology,Thoracic anaesthesia,"Department of Anesthesia and Pain Management, UHN / University of Toronto Department of Anesthesiology and Pain Medicine",Canada,Toronto,Ontario,Clinical Fellowship,12 months,Normally beginning of February and beginning of August each year,Applications open 24 months and close 12 months before the intended start date,"Completed all required anaesthesia examinations, registered with the official regulatory authorities, and at least 5 years of anaesthesia training and experience at an academic centre (1 may be a rotational/internship year); 1–2 years as staff anaesthesiologist strongly advised; current ACLS certification required; significant experience managing life-threatening situations required",Yes — applicants trained in countries where English is not the primary language must demonstrate effective communication in English,University of Toronto PGME-registered fellowship; does not count towards Royal College of Physicians and Surgeons of Canada specialty certification,Online application platform on the University of Toronto Department of Anesthesiology and Pain Medicine website; shortlisted candidates asked for references and interviewed,3–4 per year,Not stated on official page (travel grants available for research presentations at eligible North American meetings),Not stated on official page,Not stated on official page,"Thoracic anaesthesia fellowship emphasising care of patients with end-stage lung disease, including approximately 200 lung transplants and 60–70 pulmonary endarterectomies per year.",3 October 2026,https://anesthesia.utoronto.ca/tgh-thoracic-anesthesia | https://anesthesia.utoronto.ca/applying-fellowship-program
/programs/adult-cardiovascular-intensive-care-cvicu-fellowship-toronto-general-hospital-university-health-network,Adult Cardiovascular Intensive Care (CVICU) Fellowship,Toronto General Hospital (University Health Network),Anaesthesiology,Critical care anaesthesia,"Department of Anesthesia and Pain Management, UHN / University of Toronto Department of Anesthesiology and Pain Medicine",Canada,Toronto,Ontario,Clinical Fellowship,12 months,Typically January and July each year (may be flexible),Applications generally open ~24 months and close 12 months before the intended start date,"Completed all required specialty examinations, eligible for medical licensure in Ontario, formal specialty training in anaesthesiology, critical care medicine, cardiology or cardiac surgery; significant prior adult critical care exposure; current ACLS",Yes — international applicants considered; page cautions about transitioning into a new healthcare system; English communication must be demonstrated if training was not in English,University of Toronto PGME-registered fellowship; does not count towards Royal College of Physicians and Surgeons of Canada specialty certification,Online application platform on the University of Toronto Department of Anesthesiology and Pain Medicine website; shortlisted candidates asked for references and interviewed,2–3 per year,Not stated on official page (travel grants available for research presentations at eligible North American meetings),Not stated on official page,Not stated on official page,"Designed to build expertise in the management of critically ill patients with severe cardiovascular morbidity, from post-cardiac surgery patients to those in cardiogenic shock.",3 October 2026,https://anesthesia.utoronto.ca/adult-cardiovascular-intensive-care-cvicu-tgh | https://anesthesia.utoronto.ca/applying-fellowship-program
/programs/abdominal-organ-transplantation-anesthesia-fellowship-toronto-general-hospital-university-health-network,Abdominal Organ Transplantation Anesthesia Fellowship,Toronto General Hospital (University Health Network),Anaesthesiology,Liver transplant anaesthesia,"Department of Anesthesia and Pain Management, UHN / University of Toronto Department of Anesthesiology and Pain Medicine",Canada,Toronto,Ontario,Clinical Fellowship,12 months,Normally beginning of February and beginning of August each year,Applications open 24 months and close 12 months before the intended start date,"Completed all required anaesthesia examinations, registered with the official regulatory authorities, and at least 5 years of anaesthesia training and experience at an academic centre (1 may be a rotational/internship year); 1–2 years as staff anaesthesiologist strongly advised; current ACLS certification required; significant experience managing life-threatening situations required",Yes — applicants trained in countries where English is not the primary language must demonstrate effective communication in English,University of Toronto PGME-registered fellowship; does not count towards Royal College of Physicians and Surgeons of Canada specialty certification,Online application platform on the University of Toronto Department of Anesthesiology and Pain Medicine website; shortlisted candidates asked for references and interviewed,3–4 per year,Not stated on official page (travel grants available for research presentations at eligible North American meetings),Not stated on official page,Not stated on official page,Focuses on liver transplantation and major abdominal surgical oncology anaesthesia at the largest transplant centre in Canada.,3 October 2026,https://anesthesia.utoronto.ca/abdominal-organ-transplantation-anesthesia | https://anesthesia.utoronto.ca/applying-fellowship-program
/programs/transitional-chronic-pain-management-fellowship-toronto-general-hospital-university-health-network,Transitional / Chronic Pain Management Fellowship,Toronto General Hospital (University Health Network),Anaesthesiology,Chronic pain medicine,"Department of Anesthesia and Pain Management, UHN / University of Toronto Department of Anesthesiology and Pain Medicine",Canada,Toronto,Ontario,Clinical Fellowship,6–12 months,January or July,January 2027 intake closes 1 October 2026; July 2027 closes 1 April 2027; later intakes through July 2029 open,Anaesthesiologists interested in comprehensive pain management,Yes — applicants trained in countries where English is not the primary language must demonstrate effective communication in English,University of Toronto PGME-registered fellowship; does not count towards Royal College of Physicians and Surgeons of Canada specialty certification,Online application platform on the University of Toronto Department of Anesthesiology and Pain Medicine website; shortlisted candidates asked for references and interviewed,2 per year,Not stated on official page (travel grants available for research presentations at eligible North American meetings),Not stated on official page,Not stated on official page,"A 6- to 12-month fellowship in comprehensive pain management across the Transitional Pain Service Clinic, MSK clinics and the Ehlers-Danlos Syndrome Program.",3 October 2026,https://anesthesia.utoronto.ca/transitionalchronic-pain-management | https://anesthesia.utoronto.ca/applying-fellowship-program
/programs/joint-clinical-malignant-hyperthermia-research-fellowship-toronto-general-hospital-university-health-network,Joint Clinical / Malignant Hyperthermia Research Fellowship,Toronto General Hospital (University Health Network),Anaesthesiology,Malignant hyperthermia research,"Department of Anesthesia and Pain Management, UHN / University of Toronto Department of Anesthesiology and Pain Medicine",Canada,Toronto,Ontario,Clinical & Research Fellowship,2 years,Not stated on official page,Not stated on official page,Completed anaesthesia residency in an accredited programme; completion of at least one research project required,Yes — applicants trained in countries where English is not the primary language must demonstrate effective communication in English,University of Toronto PGME-registered fellowship; does not count towards Royal College of Physicians and Surgeons of Canada specialty certification,Send updated CV and letter of intent to the fellowship director,1 position every second year,Not stated on official page (travel grants available for research presentations at eligible North American meetings),Not stated on official page,Not stated on official page,"A two-year joint clinical and research fellowship based at TGH's Malignant Hyperthermia Investigation Unit, one of the earliest laboratories in the world performing caffeine halothane contracture testing.",3 October 2026,https://anesthesia.utoronto.ca/joint-clinicalmalignant-hyperthermia-research-fellowship-tgh | https://anesthesia.utoronto.ca/applying-fellowship-program
/programs/airway-fellowship-mount-sinai-hospital-sinai-health,Airway Fellowship,Mount Sinai Hospital (Sinai Health),Anaesthesiology,Airway management,"Department of Anesthesia and Pain Management, Mount Sinai Hospital / University of Toronto",Canada,Toronto,Ontario,Clinical Fellowship,1 year,July (July 2027 intake advertised),July 2027 intake application closed 1 June 2026; January 2026 sessions closed,Minimum 30 months of clinical anaesthesia training and all requisite anaesthesia certification exams passed in home country (University of Toronto departmental requirements); priority to applicants with simulation experience,Yes — University of Toronto fellowships accept international graduates; English proficiency required where training was not in English,University of Toronto PGME-registered fellowship; does not count towards Royal College of Physicians and Surgeons of Canada specialty certification,Online application platform on the University of Toronto Department of Anesthesiology and Pain Medicine website,Not stated on official page,Not stated on official page,Not stated on official page,Eligibility for registration with University of Toronto PGME and a postgraduate education certificate of registration from the College of Physicians and Surgeons of Ontario,"A one-year airway fellowship covering all airway techniques across high-risk obstetrics, oral and maxillofacial, head and neck and special-needs dental surgery, with one dedicated non-clinical research day per week.",3 October 2026,https://anesthesia.utoronto.ca/airway-fellowship-msh | https://anesthesia.utoronto.ca/applying-fellowship-program
/programs/obstetrical-anesthesia-fellowship-mount-sinai-hospital-sinai-health,Obstetrical Anesthesia Fellowship,Mount Sinai Hospital (Sinai Health),Anaesthesiology,Obstetric anaesthesia,"Department of Anesthesia and Pain Management, Mount Sinai Hospital / University of Toronto",Canada,Toronto,Ontario,Clinical Fellowship,1 or 2 years,July,July 2027 intake closed 31 May 2026; July 2028 intake opens 1 January 2027 and closes 31 May 2027,Minimum 30 months of clinical anaesthesia training and all requisite anaesthesia certification exams passed in home country (University of Toronto departmental requirements),Yes — University of Toronto fellowships accept international graduates; English proficiency required where training was not in English,University of Toronto PGME-registered fellowship; does not count towards Royal College of Physicians and Surgeons of Canada specialty certification,Online application platform on the University of Toronto Department of Anesthesiology and Pain Medicine website,Not stated on official page,Not stated on official page,Not stated on official page,Eligibility for registration with University of Toronto PGME and a postgraduate education certificate of registration from the College of Physicians and Surgeons of Ontario,"Advanced clinical training, teaching and research in obstetric anaesthesia at a tertiary centre delivering more than 7,000 women per year, approximately 50% high-risk.",3 October 2026,https://anesthesia.utoronto.ca/obstetrical-anesthesia-msh | https://anesthesia.utoronto.ca/applying-fellowship-program
/programs/clinical-and-basic-science-obstetric-anesthesia-fellowship-mount-sinai-hospital-sinai-health,Clinical and Basic Science Obstetric Anesthesia Fellowship,Mount Sinai Hospital (Sinai Health),Anaesthesiology,Obstetric anaesthesia,"Department of Anesthesia and Pain Management, Mount Sinai Hospital / University of Toronto",Canada,Toronto,Ontario,Clinical & Research Fellowship,Not stated on official page,Not stated on official page,January 2026 session closed; next session not stated,Completed anaesthesia residency in an accredited programme; priority to candidates with a graduate degree and interest in bench/laboratory research,Yes — University of Toronto fellowships accept international graduates; English proficiency required where training was not in English,University of Toronto PGME-registered fellowship; does not count towards Royal College of Physicians and Surgeons of Canada specialty certification,Online application platform on the University of Toronto Department of Anesthesiology and Pain Medicine website,Not stated on official page,Salaried,Not stated on official page,Eligibility for registration with University of Toronto PGME and a postgraduate education certificate of registration from the College of Physicians and Surgeons of Ontario,"A salaried joint clinical and basic science fellowship offering advanced obstetric anaesthesia training plus laboratory research on myometrial and vascular physiology, pharmacology and genetics (approximately 40 lab days per year).",3 October 2026,https://anesthesia.utoronto.ca/clinical-and-basic-science-obstetric-anesthesia-msh | https://anesthesia.utoronto.ca/applying-fellowship-program
/programs/perioperative-quality-improvement-and-patient-safety-fellowship-mount-sinai-hospital-sinai-health,Perioperative Quality Improvement and Patient Safety Fellowship,Mount Sinai Hospital (Sinai Health),Anaesthesiology,Quality improvement & patient safety,"Department of Anesthesia and Pain Management, Mount Sinai Hospital / University of Toronto",Canada,Toronto,Ontario,Clinical Fellowship,1 year,July/August,2025 application session closed; next session not stated,Minimum 30 months of clinical anaesthesia training and all requisite anaesthesia certification exams passed in home country (University of Toronto departmental requirements); preference for applicants within 7 years of training completion and with at least a year of independent practice or prior fellowship,Yes — University of Toronto fellowships accept international graduates; English proficiency required where training was not in English,University of Toronto PGME-registered fellowship; does not count towards Royal College of Physicians and Surgeons of Canada specialty certification,Online application platform on the University of Toronto Department of Anesthesiology and Pain Medicine website,Not stated on official page,Not stated on official page,Not stated on official page,Eligibility for registration with University of Toronto PGME and a postgraduate education certificate of registration from the College of Physicians and Surgeons of Ontario,"A one-year fellowship providing anaesthesiologists with the knowledge and skills to plan, execute and lead perioperative quality improvement and patient safety initiatives, aligned with a year-long QI methodology curriculum.",3 October 2026,https://anesthesia.utoronto.ca/perioperative-quality-improvement-and-patient-safety-msh | https://anesthesia.utoronto.ca/applying-fellowship-program
/programs/advanced-clinical-practice-fellowship-mount-sinai-hospital-sinai-health,Advanced Clinical Practice Fellowship,Mount Sinai Hospital (Sinai Health),Anaesthesiology,Advanced clinical anaesthesia,"Department of Anesthesia and Pain Management, Mount Sinai Hospital / University of Toronto",Canada,Toronto,Ontario,Clinical Fellowship,Minimum 12 months,Usually February and August,February 2027 closed; October 2027 intake closes 1 December 2026; February 2028 intake closes 1 April 2027,Meet University of Toronto clinical fellowship requirements; completed anaesthesia certification examinations in home jurisdiction,Yes — page notes it may benefit internationally trained anaesthesiologists seeking experience within the Canadian health care system,University of Toronto PGME-registered fellowship; does not count towards Royal College of Physicians and Surgeons of Canada specialty certification,Online application platform on the University of Toronto Department of Anesthesiology and Pain Medicine website,Not stated on official page,Not stated on official page,Not stated on official page,Eligibility for registration with University of Toronto PGME and a postgraduate education certificate of registration from the College of Physicians and Surgeons of Ontario,"Broad clinical exposure across diverse surgical services, including substantial major oncological surgery and high-risk obstetric care, building skills for safe independent practice.",3 October 2026,https://anesthesia.utoronto.ca/advanced-clinical-practice-msh | https://anesthesia.utoronto.ca/applying-fellowship-program
/programs/anesthesia-simulation-and-medical-education-fellowship-mount-sinai-hospital-sinai-health,Anesthesia Simulation and Medical Education Fellowship,Mount Sinai Hospital (Sinai Health),Anaesthesiology,Simulation & medical education,"Department of Anesthesia and Pain Management, Mount Sinai Hospital / University of Toronto",Canada,Toronto,Ontario,Clinical Fellowship,1 or 2 years,February or August,"February 2028 session closed 31 July 2026; August 2028 session open, closes 31 January 2027",Minimum 30 months of clinical anaesthesia training and all requisite anaesthesia certification exams passed in home country (University of Toronto departmental requirements); preference for candidates within seven years of completing training,Yes — University of Toronto fellowships accept international graduates; English proficiency required where training was not in English,University of Toronto PGME-registered fellowship; does not count towards Royal College of Physicians and Surgeons of Canada specialty certification,Online application platform on the University of Toronto Department of Anesthesiology and Pain Medicine website,Not stated on official page,Salaried,Not stated on official page,Eligibility for registration with University of Toronto PGME and a postgraduate education certificate of registration from the College of Physicians and Surgeons of Ontario,A one- or two-year salaried fellowship equipping physicians to conduct independent simulation and medical education research alongside clinical anaesthesia practice.,3 October 2026,https://anesthesia.utoronto.ca/anesthesia-simulation-and-education-msh | https://anesthesia.utoronto.ca/applying-fellowship-program
/programs/womens-pain-and-health-fellowship-womens-college-hospital-and-mount-sinai-hospital,Women's Pain and Health Fellowship,Women's College Hospital & Mount Sinai Hospital,Anaesthesiology,Chronic pain medicine,University of Toronto Department of Anesthesiology and Pain Medicine,Canada,Toronto,Ontario,Clinical Fellowship,12 months,"February, July or August intakes",Apply ~18 months ahead; applications close 9 months before start (e.g. July 2027 closed 30 Sept 2026; February 2028 closes 1 Feb 2027; August 2028 closes 1 Aug 2027),"Anaesthesiologists, physiatrists and gynaecologists interested in comprehensive pain management in women's health",Yes — University of Toronto fellowships accept international graduates; English proficiency required where training was not in English,University of Toronto PGME-registered fellowship; does not count towards Royal College of Physicians and Surgeons of Canada specialty certification,Online application platform on the University of Toronto Department of Anesthesiology and Pain Medicine website,Not stated on official page,Not stated on official page,Not stated on official page,Eligibility for registration with University of Toronto PGME and a postgraduate education certificate of registration from the College of Physicians and Surgeons of Ontario,"A twelve-month fellowship in comprehensive, evidence-based pain management within women's health, combining interventional pain techniques with interdisciplinary integrated care.",3 October 2026,https://anesthesia.utoronto.ca/womens-pain-and-health-fellowship | https://anesthesia.utoronto.ca/applying-fellowship-program
/programs/advanced-clinical-practice-fellowship-st-michaels-hospital-unity-health-toronto,Advanced Clinical Practice Fellowship,St. Michael's Hospital (Unity Health Toronto),Anaesthesiology,Advanced clinical anaesthesia,"Department of Anesthesia, St. Michael's Hospital / University of Toronto",Canada,Toronto,Ontario,Clinical Fellowship,6–12 months (full-time or 60–80% reduced workload on request),January or July,Online form open for 2026–2027,University of Toronto departmental requirements: minimum 30 months of clinical anaesthesia training and all requisite certification exams passed in home country,Yes — University of Toronto fellowships accept international graduates; English proficiency required where training was not in English,University of Toronto PGME-registered fellowship; does not count towards Royal College of Physicians and Surgeons of Canada specialty certification,Online application form on the University of Toronto Department of Anesthesiology and Pain Medicine website,"4 per year (2 starting each January, 2 each July)",Competitive salary and extended health benefits,Not stated on official page,Not stated on official page,"Offers trainees more experience across anaesthesia practice, including high-risk procedures, at the adult trauma centre for downtown Toronto.",3 October 2026,https://anesthesia.utoronto.ca/advanced-clinical-practice-smh | https://anesthesia.utoronto.ca/applying-fellowship-program
/programs/anesthesia-education-and-simulation-fellowship-st-michaels-hospital-unity-health-toronto,Anesthesia Education and Simulation Fellowship,St. Michael's Hospital (Unity Health Toronto),Anaesthesiology,Simulation & medical education,"Department of Anesthesia, St. Michael's Hospital / University of Toronto",Canada,Toronto,Ontario,Clinical Fellowship,Not stated on official page,July,July 2027 session form open 1 May 2026 – 30 May 2027,University of Toronto departmental requirements: minimum 30 months of clinical anaesthesia training and all requisite certification exams passed in home country,Yes — University of Toronto fellowships accept international graduates; English proficiency required where training was not in English,University of Toronto PGME-registered fellowship; does not count towards Royal College of Physicians and Surgeons of Canada specialty certification,Online application form on the University of Toronto Department of Anesthesiology and Pain Medicine website,Not stated on official page,Not stated on official page,Not stated on official page,Not stated on official page,Prepares the candidate for an academic career as a clinician educator through hospital teaching and evaluation programmes in conjunction with the Patient Simulation Centre.,3 October 2026,https://anesthesia.utoronto.ca/anesthesia-education-and-simulation-smh | https://anesthesia.utoronto.ca/applying-fellowship-program
/programs/cardiovascular-anesthesia-and-critical-care-fellowship-st-michaels-hospital-unity-health-toronto,Cardiovascular Anesthesia and Critical Care Fellowship,St. Michael's Hospital (Unity Health Toronto),Anaesthesiology,Adult cardiothoracic anaesthesia,"Department of Anesthesia, St. Michael's Hospital / University of Toronto",Canada,Toronto,Ontario,Clinical Fellowship,"1 year (four 3-month blocks: CVICU, cardiac anaesthesia, echocardiography, general anaesthesia)",Not stated on official page,Rolling basis; online form open for 2026–2027,University of Toronto departmental requirements: minimum 30 months of clinical anaesthesia training and all requisite certification exams passed in home country,Yes — University of Toronto fellowships accept international graduates; English proficiency required where training was not in English,University of Toronto PGME-registered fellowship; does not count towards Royal College of Physicians and Surgeons of Canada specialty certification,Online application form on the University of Toronto Department of Anesthesiology and Pain Medicine website,Not stated on official page,Not stated on official page,Not stated on official page,Not stated on official page,"A one-year programme at a tertiary cardiac centre with 1,200 bypass cases per year, emphasising transoesophageal echocardiography and TAVR experience alongside CVICU training.",3 October 2026,https://anesthesia.utoronto.ca/cardiovascular-anesthesia-and-critical-care-smh | https://anesthesia.utoronto.ca/applying-fellowship-program
/programs/trauma-neuroanesthesia-and-critical-care-fellowship-st-michaels-hospital-unity-health-toronto,"Trauma, Neuroanesthesia and Critical Care Fellowship",St. Michael's Hospital (Unity Health Toronto),Anaesthesiology,Neuroanaesthesia,"Department of Anesthesia, St. Michael's Hospital / University of Toronto",Canada,Toronto,Ontario,Clinical Fellowship,Not stated on official page,Not stated on official page,Online form open for 2026–2027,University of Toronto departmental requirements: minimum 30 months of clinical anaesthesia training and all requisite certification exams passed in home country,Yes — University of Toronto fellowships accept international graduates; English proficiency required where training was not in English,University of Toronto PGME-registered fellowship; does not count towards Royal College of Physicians and Surgeons of Canada specialty certification,Online application form on the University of Toronto Department of Anesthesiology and Pain Medicine website,Not stated on official page,Not stated on official page,Not stated on official page,"Temporary CPSO licence, then educational licence after a mandated 1–3 month assessment period","Neuroanaesthesia, trauma and neurocritical care training at a Level 1 Trauma Centre and major provincial referral centre for neurological and neurosurgical disease.",3 October 2026,https://anesthesia.utoronto.ca/trauma-neuroanesthesia-and-critical-care-smh | https://anesthesia.utoronto.ca/applying-fellowship-program
/programs/chronic-pain-management-fellowship-st-michaels-hospital-unity-health-toronto,Chronic Pain Management Fellowship,St. Michael's Hospital (Unity Health Toronto),Anaesthesiology,Chronic pain medicine,"Department of Anesthesia, St. Michael's Hospital / University of Toronto",Canada,Toronto,Ontario,Clinical Fellowship,1 year,Not stated on official page,Online form open for 2026–2027 session,University of Toronto departmental requirements: minimum 30 months of clinical anaesthesia training and all requisite certification exams passed in home country,Yes — University of Toronto fellowships accept international graduates; English proficiency required where training was not in English,University of Toronto PGME-registered fellowship; does not count towards Royal College of Physicians and Surgeons of Canada specialty certification,Online application form on the University of Toronto Department of Anesthesiology and Pain Medicine website,Not stated on official page,Not stated on official page,Not stated on official page,Not stated on official page,"A clinical pain fellowship year with approximately 50% of time on the Pain Service and 50% providing anaesthesia coverage, including obstetrics.",3 October 2026,https://anesthesia.utoronto.ca/chronic-pain-management-smh | https://anesthesia.utoronto.ca/applying-fellowship-program
/programs/perioperative-medicine-fellowship-st-michaels-hospital-unity-health-toronto,Perioperative Medicine Fellowship,St. Michael's Hospital (Unity Health Toronto),Anaesthesiology,Perioperative medicine,"Department of Anesthesia, St. Michael's Hospital / University of Toronto",Canada,Toronto,Ontario,Clinical Fellowship,Not stated on official page,July,July 2027 session form open 1 May 2026 – 30 May 2027,University of Toronto departmental requirements: minimum 30 months of clinical anaesthesia training and all requisite certification exams passed in home country,Yes — University of Toronto fellowships accept international graduates; English proficiency required where training was not in English,University of Toronto PGME-registered fellowship; does not count towards Royal College of Physicians and Surgeons of Canada specialty certification,Online application form on the University of Toronto Department of Anesthesiology and Pain Medicine website,Not stated on official page,Not stated on official page,Not stated on official page,Not stated on official page,"Builds expertise in preoperative evaluation, optimisation and postoperative follow-up of high-risk surgical patients from the time surgery is contemplated to full recovery.",3 October 2026,https://anesthesia.utoronto.ca/perioperative-medicine-smh | https://anesthesia.utoronto.ca/applying-fellowship-program
/programs/regional-anesthesia-and-pain-management-fellowship-st-michaels-hospital-unity-health-toronto,Regional Anesthesia and Pain Management Fellowship,St. Michael's Hospital (Unity Health Toronto),Anaesthesiology,Regional anaesthesia & acute pain,"Department of Anesthesia, St. Michael's Hospital / University of Toronto",Canada,Toronto,Ontario,Clinical Fellowship,12 months,January and July,Acceptance ~16 months in advance; online form open for 2026–2027,"FRCPC, FRCA, FANZCA or equivalent",Yes — University of Toronto fellowships accept international graduates; English proficiency required where training was not in English,University of Toronto PGME-registered fellowship; does not count towards Royal College of Physicians and Surgeons of Canada specialty certification,Online application form on the University of Toronto Department of Anesthesiology and Pain Medicine website,4 (2 each January and July start),Not stated on official page,Not stated on official page,Not stated on official page,"A clinically focused regional anaesthesia fellowship based in a fully staffed dedicated block room performing over 2,000 preoperative regional blocks per year.",3 October 2026,https://anesthesia.utoronto.ca/regional-anesthesia-and-pain-management-smh | https://anesthesia.utoronto.ca/applying-fellowship-program
/programs/neuroanesthesia-fellowship-toronto-western-hospital-university-health-network,Neuroanesthesia Fellowship,Toronto Western Hospital (University Health Network),Anaesthesiology,Neuroanaesthesia,"Department of Anesthesia and Pain Management, UHN / University of Toronto",Canada,Toronto,Ontario,Clinical Fellowship,Not stated on official page,February/January and July/August intakes,August 2027 closed 1 August 2026; February 2028 closes 1 February 2027; August 2028 closes 1 August 2027,University of Toronto departmental requirements: minimum 30 months of clinical anaesthesia training and all requisite certification exams passed in home country,Yes — University of Toronto fellowships accept international graduates; English proficiency required where training was not in English,University of Toronto PGME-registered fellowship; does not count towards Royal College of Physicians and Surgeons of Canada specialty certification,Online application form on the University of Toronto Department of Anesthesiology and Pain Medicine website,"4 per year (2 January, 2 July)",Not stated on official page,Not stated on official page,Not stated on official page,"Experience in anaesthetic management of a wide spectrum of neurosurgery including awake craniotomy, cerebrovascular, functional and spine surgery at Toronto Western Hospital.",3 October 2026,https://anesthesia.utoronto.ca/neuroanesthesia-twh | https://anesthesia.utoronto.ca/applying-fellowship-program
/programs/chronic-pain-management-fellowship-toronto-western-hospital-university-health-network,Chronic Pain Management Fellowship,Toronto Western Hospital (University Health Network),Anaesthesiology,Chronic pain medicine,"Department of Anesthesia and Pain Management, UHN / University of Toronto",Canada,Toronto,Ontario,Clinical Fellowship,12 months,January/February or July/August,Apply 12–13 months ahead; February 2028 closes 1 February 2027; August 2028 closes 1 August 2027,Anaesthesiologists interested in comprehensive pain management; University of Toronto departmental requirements: minimum 30 months of clinical anaesthesia training and all requisite certification exams passed in home country,Yes — University of Toronto fellowships accept international graduates; English proficiency required where training was not in English,University of Toronto PGME-registered fellowship; does not count towards Royal College of Physicians and Surgeons of Canada specialty certification,Online application form on the University of Toronto Department of Anesthesiology and Pain Medicine website,Maximum 8 per year,Not stated on official page,Not stated on official page,Not stated on official page,A twelve-month fellowship in comprehensive pain management emphasising evidence-based interventional pain medicine with fluoroscopic and ultrasound-guided techniques.,3 October 2026,https://anesthesia.utoronto.ca/chronic-pain-management-twh | https://anesthesia.utoronto.ca/applying-fellowship-program
/programs/regional-anesthesia-and-pain-management-fellowship-toronto-western-hospital-and-womens-college-hospital,Regional Anesthesia and Pain Management Fellowship,Toronto Western Hospital & Women's College Hospital,Anaesthesiology,Regional anaesthesia & acute pain,"Department of Anesthesia and Pain Management, UHN / University of Toronto",Canada,Toronto,Ontario,Clinical Fellowship,1 year,January or July,Apply 18–24 months ahead; February 2028 closes 1 February 2027; August 2028 closes 1 August 2027,University of Toronto departmental requirements: minimum 30 months of clinical anaesthesia training and all requisite certification exams passed in home country,Yes — University of Toronto fellowships accept international graduates; English proficiency required where training was not in English,University of Toronto PGME-registered fellowship; does not count towards Royal College of Physicians and Surgeons of Canada specialty certification,"Online application with CV, letter of intent and three referees via University of Toronto website",Up to 6 per year,Not stated on official page,Not stated on official page,Not stated on official page,"Regional anaesthesia training across major orthopaedic, hand and general surgery at Toronto Western and ambulatory care at Women's College Hospital, with Acute Pain Service rotation.",3 October 2026,https://anesthesia.utoronto.ca/regional-anesthesia-and-pain-management-twh | https://anesthesia.utoronto.ca/applying-fellowship-program
/programs/advanced-clinical-practice-fellowship-toronto-western-hospital-and-womens-college-hospital,Advanced Clinical Practice Fellowship,Toronto Western Hospital & Women's College Hospital,Anaesthesiology,Advanced clinical anaesthesia,"Department of Anesthesia and Pain Management, UHN / University of Toronto",Canada,Toronto,Ontario,Clinical Fellowship,6–12 months,January/February or July/August,Apply 12–18 months ahead via online platform,University of Toronto departmental requirements: minimum 30 months of clinical anaesthesia training and all requisite certification exams passed in home country,Yes — page states the environment suits candidates preparing for licensing exams wishing to integrate into the Canadian healthcare system,University of Toronto PGME-registered fellowship; does not count towards Royal College of Physicians and Surgeons of Canada specialty certification,Online application form on the University of Toronto Department of Anesthesiology and Pain Medicine website,"4 per year (2 January, 2 July)",Competitive salary supported by the Anesthesia department plus extended health benefits,Not stated on official page,Not stated on official page,Broad clinical anaesthesia experience including neuro and spine surgery at Toronto Western and ambulatory day-surgery anaesthesia at Women's College Hospital.,3 October 2026,https://anesthesia.utoronto.ca/advanced-clinical-practice-0 | https://anesthesia.utoronto.ca/applying-fellowship-program
/programs/perioperative-point-of-care-ultrasound-fellowship-toronto-western-hospital-and-womens-college-hospital,Perioperative Point-of-Care Ultrasound Fellowship,Toronto Western Hospital & Women's College Hospital,Anaesthesiology,Perioperative point-of-care ultrasound,"Department of Anesthesia and Pain Management, UHN / University of Toronto",Canada,Toronto,Ontario,Clinical Fellowship,1 year,July,Applications open January and close 31 July of the year before start (July 2027 session closed 31 July 2026; August 2028 closes 1 August 2027),University of Toronto departmental requirements: minimum 30 months of clinical anaesthesia training and all requisite certification exams passed in home country,Yes — University of Toronto fellowships accept international graduates; English proficiency required where training was not in English,University of Toronto PGME-registered fellowship; does not count towards Royal College of Physicians and Surgeons of Canada specialty certification,Online application form on the University of Toronto Department of Anesthesiology and Pain Medicine website,Up to 2 per year,Not stated on official page,Not stated on official page,Not stated on official page,"Develops strong skills in bedside diagnostic ultrasound for the non-cardiac anaesthesiologist, with fellows completing the ASA Certificate of Completion in PoCUS.",3 October 2026,https://anesthesia.utoronto.ca/perioperative-point-care-ultrasound-fellowship | https://anesthesia.utoronto.ca/applying-fellowship-program
/programs/sleep-anesthesiology-and-pain-medicine-sleap-fellowship-toronto-western-hospital-and-womens-college-hospital,"Sleep, Anesthesiology and Pain Medicine (SleAP) Fellowship",Toronto Western Hospital & Women's College Hospital,Anaesthesiology,Sleep medicine & perioperative research,"Department of Anesthesia and Pain Management, UHN / University of Toronto",Canada,Toronto,Ontario,Clinical & Research Fellowship,Not stated on official page,February or August,February 2028 session closes 1 February 2027,Completed anaesthesia residency in an accredited programme; completion of at least one research project required,Yes — University of Toronto fellowships accept international graduates; English proficiency required where training was not in English,University of Toronto PGME-registered fellowship; does not count towards Royal College of Physicians and Surgeons of Canada specialty certification,Online application form on the University of Toronto Department of Anesthesiology and Pain Medicine website,Not stated on official page,Not stated on official page,Not stated on official page,Not stated on official page,"Combines clinical anaesthesia with research at the Sleep, Anesthesia and Pain Medicine Research Unit, the first clinical-research centre focused on sleep disruption in perioperative and chronic pain settings.",3 October 2026,https://anesthesia.utoronto.ca/sleep-anesthesiology-and-pain-medicine-sleap-fellowship-twhwch | https://anesthesia.utoronto.ca/applying-fellowship-program
/programs/paediatric-cardiac-anaesthesia-fellowship-the-hospital-for-sick-children-sickkids,Paediatric Cardiac Anaesthesia Fellowship,The Hospital for Sick Children (SickKids),Anaesthesiology,Paediatric cardiac anaesthesia,Department of Anesthesia and Pain Medicine,Canada,Toronto,Ontario,Clinical Fellowship,Typically 12 months,July,Applications for July 2027 accepted January–April 2026,Anaesthetists with prior specialist training in paediatric anaesthesia,Yes — open to candidates with fellowship qualification outside North America; NRMP match policy applies to US applicants,University of Toronto-affiliated fellowship; does not count towards Royal College of Physicians and Surgeons of Canada specialty certification,Online University of Toronto PASS application form (pass.postmd.utoronto.ca); enquiries to anesthesia.fellowship@sickkids.ca,Not stated on official page,Not stated on official page,Not stated on official page,Not stated on official page,"An advanced specialty training programme in perioperative care of children with congenital and acquired heart disease at the Labatt Family Heart Centre, with rotations through echocardiography and critical care.",3 October 2026,https://www.sickkids.ca/en/care-services/clinical-departments/anesthesia-pain-medicine/
/programs/paediatric-pain-medicine-fellowship-the-hospital-for-sick-children-sickkids,Paediatric Pain Medicine Fellowship,The Hospital for Sick Children (SickKids),Anaesthesiology,Chronic pain medicine,Department of Anesthesia and Pain Medicine,Canada,Toronto,Ontario,Clinical & Research Fellowship,1 year,July,Apply 12–15 months ahead; application window January–April each year (July 2027 intake closed 30 April 2026),Not stated on official page,Yes — open to candidates with fellowship qualification outside North America; NRMP match policy applies to US applicants,University of Toronto-affiliated fellowship; does not count towards Royal College of Physicians and Surgeons of Canada specialty certification,Online University of Toronto PASS application form (pass.postmd.utoronto.ca); enquiries to anesthesia.fellowship@sickkids.ca,Not stated on official page,Not stated on official page,Not stated on official page,Not stated on official page,"A one-year postgraduate clinical and research training programme in paediatric pain management covering acute, chronic, palliative, procedural pain and regional anaesthesia.",3 October 2026,https://www.sickkids.ca/en/care-services/clinical-departments/anesthesia-pain-medicine/
/programs/paediatric-anaesthesia-research-fellowship-the-hospital-for-sick-children-sickkids,Paediatric Anaesthesia Research Fellowship,The Hospital for Sick Children (SickKids),Anaesthesiology,Clinical research,Department of Anesthesia and Pain Medicine,Canada,Toronto,Ontario,Research Fellowship,Not stated on official page,Not stated on official page,Not stated on official page,Only candidates who have already trained at SickKids in paediatric anaesthesia; intent to pursue a career in academic anaesthesia,Only candidates already trained at SickKids in paediatric anaesthesia are considered,University of Toronto-affiliated fellowship; does not count towards Royal College of Physicians and Surgeons of Canada specialty certification,Contact anesthesia.fellowship@sickkids.ca,Not stated on official page,Not stated on official page,Not stated on official page,Not stated on official page,"A research fellowship for candidates pursuing academic anaesthesia, conducting clinical and/or basic science research in paediatric anaesthesia and pain medicine under a mentor, with up to 20% clinical time.",3 October 2026,https://www.sickkids.ca/en/care-services/clinical-departments/anesthesia-pain-medicine/
/programs/paediatric-anaesthesia-fellowship-the-hospital-for-sick-children-sickkids,Paediatric Anaesthesia Fellowship,The Hospital for Sick Children (SickKids),Anaesthesiology,Paediatric anaesthesia,Department of Anesthesia and Pain Medicine,Canada,Toronto,Ontario,Clinical Fellowship,1 year,July or January,"Applications accepted online 15–24 months ahead, January–April each year; July 2027 and January 2028 intakes closed 30 April 2026",Board-eligible in anaesthesia (CA-3 completed or fellowship qualification outside North America),Yes — open to candidates with fellowship qualification outside North America; NRMP match policy applies to US applicants,University of Toronto-affiliated fellowship; does not count towards Royal College of Physicians and Surgeons of Canada specialty certification,Online University of Toronto PASS application form (pass.postmd.utoronto.ca); enquiries to anesthesia.fellowship@sickkids.ca,10 per year,Not stated on official page,Not stated on official page,Not stated on official page,"A one-year programme of four clinical days per week across cardiac, thoracic, craniofacial, neurosurgical, orthopaedic and transplant paediatric anaesthesia, with one academic day for research.",3 October 2026,https://www.sickkids.ca/en/care-services/clinical-departments/anesthesia-pain-medicine/
/programs/adult-cardiac-anesthesia-fellowship-mcgill-university,Adult Cardiac Anesthesia Fellowship,McGill University,Anaesthesiology,Adult cardiothoracic anaesthesia,"Department of Anesthesia, McGill University (McGill University Health Centre and affiliated hospitals)",Canada,Montreal,Quebec,Clinical Fellowship,1 year,2027–2028 academic year intake,2027–2028 applications opened 15 May 2026; deadline for most fellowships 1 September 2026 (see PGME Application Timelines),Graduate of a medical school listed in the FAIMER directory; completed an anaesthesia programme of three or more years and obtained a specialty certificate in anaesthesia,Yes — Regular Track positions open to Canadian and international applicants; French language training mandatory for fellows with no or limited conversational French,McGill Postgraduate Medical Education (PGME) fellowship,Online application through the McGill Postgraduate Medical Education office; interviews held on Zoom,2,Candidates must secure funding in order to apply; self-funding not accepted; Quebec-trained residents may apply for RAMQ-funded fellowships,Not stated on official page,Not stated on official page,A one-year clinical fellowship in adult cardiac anaesthesia within the McGill Department of Anesthesia.,3 October 2026,https://www.mcgill.ca/anesthesia/education/fellowship-program/fellowships-offered | https://www.mcgill.ca/anesthesia/education/fellowship-program/who-can-apply | https://www.mcgill.ca/anesthesia/education/fellowship-program/deadlines
/programs/anesthesia-for-thoracic-surgery-fellowship-mcgill-university,Anesthesia for Thoracic Surgery Fellowship,McGill University,Anaesthesiology,Thoracic anaesthesia,"Department of Anesthesia, McGill University (McGill University Health Centre and affiliated hospitals)",Canada,Montreal,Quebec,Clinical Fellowship,1 year,2027–2028 academic year intake,2027–2028 applications opened 15 May 2026; deadline for most fellowships 1 September 2026 (see PGME Application Timelines),Graduate of a medical school listed in the FAIMER directory; completed an anaesthesia programme of three or more years and obtained a specialty certificate in anaesthesia,Yes — Regular Track positions open to Canadian and international applicants; French language training mandatory for fellows with no or limited conversational French,McGill Postgraduate Medical Education (PGME) fellowship,Online application through the McGill Postgraduate Medical Education office; interviews held on Zoom,1,Candidates must secure funding in order to apply; self-funding not accepted; Quebec-trained residents may apply for RAMQ-funded fellowships,Not stated on official page,Not stated on official page,A one-year fellowship in anaesthesia for thoracic surgery at McGill University.,3 October 2026,https://www.mcgill.ca/anesthesia/education/fellowship-program/fellowships-offered | https://www.mcgill.ca/anesthesia/education/fellowship-program/who-can-apply | https://www.mcgill.ca/anesthesia/education/fellowship-program/deadlines
/programs/clinical-pain-medicine-fellowship-mcgill-university,Clinical Pain Medicine Fellowship,McGill University,Anaesthesiology,Chronic pain medicine,"Department of Anesthesia, McGill University (McGill University Health Centre and affiliated hospitals)",Canada,Montreal,Quebec,Clinical Fellowship,1 year,2027–2028 academic year intake,2027–2028 applications opened 15 May 2026; deadline for most fellowships 1 September 2026 (see PGME Application Timelines),Open to all Royal College specialties including Family Medicine; FAIMER-listed medical school graduate,Yes — Regular Track positions open to Canadian and international applicants; French language training mandatory for fellows with no or limited conversational French,McGill Postgraduate Medical Education (PGME) fellowship,Online application through the McGill Postgraduate Medical Education office; interviews held on Zoom,4,Candidates must secure funding in order to apply; self-funding not accepted; Quebec-trained residents may apply for RAMQ-funded fellowships,Not stated on official page,Not stated on official page,A one-year clinical pain medicine fellowship open to all Royal College specialties including Family Medicine.,3 October 2026,https://www.mcgill.ca/anesthesia/education/fellowship-program/fellowships-offered | https://www.mcgill.ca/anesthesia/education/fellowship-program/who-can-apply | https://www.mcgill.ca/anesthesia/education/fellowship-program/deadlines
/programs/cancer-pain-clinical-fellowship-mcgill-university,Cancer Pain Clinical Fellowship,McGill University,Anaesthesiology,Chronic pain medicine,"Department of Anesthesia, McGill University (McGill University Health Centre and affiliated hospitals)",Canada,Montreal,Quebec,Clinical Fellowship,1 year,2027–2028 academic year intake,2027–2028 applications opened 15 May 2026; deadline for most fellowships 1 September 2026 (see PGME Application Timelines),Graduate of a medical school listed in the FAIMER directory; completed an anaesthesia programme of three or more years and obtained a specialty certificate in anaesthesia,Yes — Regular Track positions open to Canadian and international applicants; French language training mandatory for fellows with no or limited conversational French,McGill Postgraduate Medical Education (PGME) fellowship,Online application through the McGill Postgraduate Medical Education office; interviews held on Zoom,2,Candidates must secure funding in order to apply; self-funding not accepted; Quebec-trained residents may apply for RAMQ-funded fellowships,Not stated on official page,Not stated on official page,A primarily clinical (80%) one-year cancer pain fellowship in which the candidate completes at least one clinical research project.,3 October 2026,https://www.mcgill.ca/anesthesia/education/fellowship-program/fellowships-offered | https://www.mcgill.ca/anesthesia/education/fellowship-program/who-can-apply | https://www.mcgill.ca/anesthesia/education/fellowship-program/deadlines
/programs/obstetric-anesthesia-fellowship-mcgill-university,Obstetric Anesthesia Fellowship,McGill University,Anaesthesiology,Obstetric anaesthesia,"Department of Anesthesia, McGill University (McGill University Health Centre and affiliated hospitals)",Canada,Montreal,Quebec,Clinical Fellowship,1 year,2027–2028 academic year intake,2027–2028 applications opened 15 May 2026; deadline for most fellowships 1 September 2026 (see PGME Application Timelines),Graduate of a medical school listed in the FAIMER directory; completed an anaesthesia programme of three or more years and obtained a specialty certificate in anaesthesia,Yes — Regular Track positions open to Canadian and international applicants; French language training mandatory for fellows with no or limited conversational French,McGill Postgraduate Medical Education (PGME) fellowship,Online application through the McGill Postgraduate Medical Education office; interviews held on Zoom,1,Candidates must secure funding in order to apply; self-funding not accepted; Quebec-trained residents may apply for RAMQ-funded fellowships,Not stated on official page,Not stated on official page,A one-year clinical fellowship in obstetric anaesthesia at McGill University.,3 October 2026,https://www.mcgill.ca/anesthesia/education/fellowship-program/fellowships-offered | https://www.mcgill.ca/anesthesia/education/fellowship-program/who-can-apply | https://www.mcgill.ca/anesthesia/education/fellowship-program/deadlines
/programs/perioperative-medicine-and-general-anesthesia-research-fellowship-mcgill-university,Perioperative Medicine and General Anesthesia Research Fellowship,McGill University,Anaesthesiology,Perioperative medicine,"Department of Anesthesia, McGill University (McGill University Health Centre and affiliated hospitals)",Canada,Montreal,Quebec,Clinical Fellowship,1 year,2027–2028 academic year intake,2027–2028 applications opened 15 May 2026; deadline for most fellowships 1 September 2026 (see PGME Application Timelines),Graduate of a medical school listed in the FAIMER directory; completed an anaesthesia programme of three or more years and obtained a specialty certificate in anaesthesia,Yes — Regular Track positions open to Canadian and international applicants; French language training mandatory for fellows with no or limited conversational French,McGill Postgraduate Medical Education (PGME) fellowship,Online application through the McGill Postgraduate Medical Education office; interviews held on Zoom,"2 (1 at the Montreal General Hospital, 1 at the Glen site)",Candidates must secure funding in order to apply; self-funding not accepted; Quebec-trained residents may apply for RAMQ-funded fellowships,Not stated on official page,Not stated on official page,A one-year fellowship in perioperative medicine and general anaesthesia offered at the Montreal General Hospital and the Glen site.,3 October 2026,https://www.mcgill.ca/anesthesia/education/fellowship-program/fellowships-offered | https://www.mcgill.ca/anesthesia/education/fellowship-program/who-can-apply | https://www.mcgill.ca/anesthesia/education/fellowship-program/deadlines
/programs/perioperative-spinal-medicine-combined-anesthesia-spine-fellowship-mcgill-university,Perioperative Spinal Medicine Combined Anesthesia/Spine Fellowship,McGill University,Anaesthesiology,Perioperative medicine,"Department of Anesthesia, McGill University (McGill University Health Centre and affiliated hospitals)",Canada,Montreal,Quebec,Clinical Fellowship,1 year,2027–2028 academic year intake,2027–2028 applications opened 15 May 2026; deadline for most fellowships 1 September 2026 (see PGME Application Timelines),Graduate of a medical school listed in the FAIMER directory; completed an anaesthesia programme of three or more years and obtained a specialty certificate in anaesthesia,Yes — Regular Track positions open to Canadian and international applicants; French language training mandatory for fellows with no or limited conversational French,McGill Postgraduate Medical Education (PGME) fellowship,Online application through the McGill Postgraduate Medical Education office; interviews held on Zoom,1,Candidates must secure funding in order to apply; self-funding not accepted; Quebec-trained residents may apply for RAMQ-funded fellowships,Not stated on official page,Not stated on official page,A one-year clinical fellowship combining anaesthesia and spine surgery perioperative care.,3 October 2026,https://www.mcgill.ca/anesthesia/education/fellowship-program/fellowships-offered | https://www.mcgill.ca/anesthesia/education/fellowship-program/who-can-apply | https://www.mcgill.ca/anesthesia/education/fellowship-program/deadlines
/programs/perioperative-ultrasound-in-anesthesia-fellowship-mcgill-university,Perioperative Ultrasound in Anesthesia Fellowship,McGill University,Anaesthesiology,Perioperative point-of-care ultrasound,"Department of Anesthesia, McGill University (McGill University Health Centre and affiliated hospitals)",Canada,Montreal,Quebec,Clinical Fellowship,1 year,2027–2028 academic year intake,2027–2028 applications opened 15 May 2026; deadline for most fellowships 1 September 2026 (see PGME Application Timelines),Graduate of a medical school listed in the FAIMER directory; completed an anaesthesia programme of three or more years and obtained a specialty certificate in anaesthesia,Yes — Regular Track positions open to Canadian and international applicants; French language training mandatory for fellows with no or limited conversational French,McGill Postgraduate Medical Education (PGME) fellowship,Online application through the McGill Postgraduate Medical Education office; interviews held on Zoom,1,Candidates must secure funding in order to apply; self-funding not accepted; Quebec-trained residents may apply for RAMQ-funded fellowships,Not stated on official page,Not stated on official page,A one-year clinical fellowship in perioperative ultrasound in anaesthesia.,3 October 2026,https://www.mcgill.ca/anesthesia/education/fellowship-program/fellowships-offered | https://www.mcgill.ca/anesthesia/education/fellowship-program/who-can-apply | https://www.mcgill.ca/anesthesia/education/fellowship-program/deadlines
/programs/prehabilitation-and-enhanced-recovery-after-surgery-fellowship-mcgill-university,Prehabilitation and Enhanced Recovery after Surgery Fellowship,McGill University,Anaesthesiology,Perioperative medicine,"Department of Anesthesia, McGill University (McGill University Health Centre and affiliated hospitals)",Canada,Montreal,Quebec,Clinical Fellowship,1 year,2027–2028 academic year intake,2027–2028 applications opened 15 May 2026; deadline for most fellowships 1 September 2026 (see PGME Application Timelines),Graduate of a medical school listed in the FAIMER directory; completed an anaesthesia programme of three or more years and obtained a specialty certificate in anaesthesia,Yes — Regular Track positions open to Canadian and international applicants; French language training mandatory for fellows with no or limited conversational French,McGill Postgraduate Medical Education (PGME) fellowship,Online application through the McGill Postgraduate Medical Education office; interviews held on Zoom,1,Candidates must secure funding in order to apply; self-funding not accepted; Quebec-trained residents may apply for RAMQ-funded fellowships,Not stated on official page,Not stated on official page,A one-year clinical fellowship in prehabilitation and enhanced recovery after surgery (ERAS).,3 October 2026,https://www.mcgill.ca/anesthesia/education/fellowship-program/fellowships-offered | https://www.mcgill.ca/anesthesia/education/fellowship-program/who-can-apply | https://www.mcgill.ca/anesthesia/education/fellowship-program/deadlines
/programs/regional-anesthesia-and-acute-pain-fellowship-mcgill-university,Regional Anesthesia and Acute Pain Fellowship,McGill University,Anaesthesiology,Regional anaesthesia & acute pain,"Department of Anesthesia, McGill University (McGill University Health Centre and affiliated hospitals)",Canada,Montreal,Quebec,Clinical Fellowship,1 year,2027–2028 academic year intake,2027–2028 applications opened 15 May 2026; deadline for most fellowships 1 September 2026 (see PGME Application Timelines),Graduate of a medical school listed in the FAIMER directory; completed an anaesthesia programme of three or more years and obtained a specialty certificate in anaesthesia,Yes — Regular Track positions open to Canadian and international applicants; French language training mandatory for fellows with no or limited conversational French,McGill Postgraduate Medical Education (PGME) fellowship,Online application through the McGill Postgraduate Medical Education office; interviews held on Zoom,3,Candidates must secure funding in order to apply; self-funding not accepted; Quebec-trained residents may apply for RAMQ-funded fellowships,Not stated on official page,Not stated on official page,A primarily clinical (70%) one-year regional anaesthesia and acute pain fellowship requiring completion of at least one clinical research project.,3 October 2026,https://www.mcgill.ca/anesthesia/education/fellowship-program/fellowships-offered | https://www.mcgill.ca/anesthesia/education/fellowship-program/who-can-apply | https://www.mcgill.ca/anesthesia/education/fellowship-program/deadlines
/programs/regional-anesthesia-research-fellowship-mcgill-university,Regional Anesthesia Research Fellowship,McGill University,Anaesthesiology,Regional anaesthesia & acute pain,"Department of Anesthesia, McGill University (McGill University Health Centre and affiliated hospitals)",Canada,Montreal,Quebec,Research Fellowship,1 year,2027–2028 academic year intake,2027–2028 applications opened 15 May 2026; deadline for most fellowships 1 September 2026 (see PGME Application Timelines),Graduate of a medical school listed in the FAIMER directory; completed an anaesthesia programme of three or more years and obtained a specialty certificate in anaesthesia,Yes — Regular Track positions open to Canadian and international applicants; French language training mandatory for fellows with no or limited conversational French,McGill Postgraduate Medical Education (PGME) fellowship,Online application through the McGill Postgraduate Medical Education office; interviews held on Zoom,1,Candidates must secure funding in order to apply; self-funding not accepted; Quebec-trained residents may apply for RAMQ-funded fellowships,Not stated on official page,Not stated on official page,A one-year clinical–research fellowship (75% research / 25% clinical) in regional anaesthesia.,3 October 2026,https://www.mcgill.ca/anesthesia/education/fellowship-program/fellowships-offered | https://www.mcgill.ca/anesthesia/education/fellowship-program/who-can-apply | https://www.mcgill.ca/anesthesia/education/fellowship-program/deadlines
/programs/robotic-onco-anesthesia-fellowship-mcgill-university,Robotic Onco-Anesthesia Fellowship,McGill University,Anaesthesiology,Oncological anaesthesia,"Department of Anesthesia, McGill University (McGill University Health Centre and affiliated hospitals)",Canada,Montreal,Quebec,Clinical Fellowship,1 year,2027–2028 academic year intake,2027–2028 applications opened 15 May 2026; deadline for most fellowships 1 September 2026 (see PGME Application Timelines),Graduate of a medical school listed in the FAIMER directory; completed an anaesthesia programme of three or more years and obtained a specialty certificate in anaesthesia,Yes — Regular Track positions open to Canadian and international applicants; French language training mandatory for fellows with no or limited conversational French,McGill Postgraduate Medical Education (PGME) fellowship,Online application through the McGill Postgraduate Medical Education office; interviews held on Zoom,1,Candidates must secure funding in order to apply; self-funding not accepted; Quebec-trained residents may apply for RAMQ-funded fellowships,Not stated on official page,Not stated on official page,A one-year clinical fellowship in anaesthesia for robotic oncological surgery.,3 October 2026,https://www.mcgill.ca/anesthesia/education/fellowship-program/fellowships-offered | https://www.mcgill.ca/anesthesia/education/fellowship-program/who-can-apply | https://www.mcgill.ca/anesthesia/education/fellowship-program/deadlines
/programs/pediatric-anesthesia-fellowship-mcgill-university,Pediatric Anesthesia Fellowship,McGill University,Anaesthesiology,Paediatric anaesthesia,"Department of Anesthesia, McGill University (McGill University Health Centre and affiliated hospitals)",Canada,Montreal,Quebec,Clinical Fellowship,1 year,2027–2028 academic year intake,2027–2028 applications opened 15 May 2026; deadline for most fellowships 1 September 2026 (see PGME Application Timelines),Graduate of a medical school listed in the FAIMER directory; completed an anaesthesia programme of three or more years and obtained a specialty certificate in anaesthesia,Yes — Regular Track positions open to Canadian and international applicants; French language training mandatory for fellows with no or limited conversational French,McGill Postgraduate Medical Education (PGME) fellowship,Online application through the McGill Postgraduate Medical Education office; interviews held on Zoom,3,Not stated on official page for this fellowship (department notes self-funding is not accepted),Not stated on official page,Not stated on official page,A one-year paediatric anaesthesia fellowship within McGill's Department of Anesthesia paediatric programme.,3 October 2026,https://www.mcgill.ca/anesthesia/education/fellowship-program/fellowships-offered | https://www.mcgill.ca/anesthesia/education/fellowship-program/who-can-apply | https://www.mcgill.ca/anesthesia/education/fellowship-program/deadlines
/programs/pediatric-complex-pain-management-fellowship-mcgill-university,Pediatric Complex Pain Management Fellowship,McGill University,Anaesthesiology,Chronic pain medicine,"Department of Anesthesia, McGill University (McGill University Health Centre and affiliated hospitals)",Canada,Montreal,Quebec,Clinical Fellowship,1 year,2027–2028 academic year intake,2027–2028 applications opened 15 May 2026; deadline for most fellowships 1 September 2026 (see PGME Application Timelines),Graduate of a medical school listed in the FAIMER directory; completed an anaesthesia programme of three or more years and obtained a specialty certificate in anaesthesia,Yes — Regular Track positions open to Canadian and international applicants; French language training mandatory for fellows with no or limited conversational French,McGill Postgraduate Medical Education (PGME) fellowship,Online application through the McGill Postgraduate Medical Education office; interviews held on Zoom,2,Not stated on official page for this fellowship (department notes self-funding is not accepted),Not stated on official page,Not stated on official page,A one-year fellowship in paediatric complex pain management within McGill's paediatric anaesthesia programme.,3 October 2026,https://www.mcgill.ca/anesthesia/education/fellowship-program/fellowships-offered | https://www.mcgill.ca/anesthesia/education/fellowship-program/who-can-apply | https://www.mcgill.ca/anesthesia/education/fellowship-program/deadlines
/programs/abdominal-transplantation-anaesthesia-fellowship-oxford-university-hospitals-nhs-foundation-trust,Abdominal Transplantation Anaesthesia Fellowship,Oxford University Hospitals NHS Foundation Trust,Anaesthesiology,Liver transplant anaesthesia,Nuffield Department of Anaesthetics,United Kingdom,Oxford,England (Oxfordshire),Clinical Fellowship,Not stated on official page,Not stated on official page,Not stated on official page,Not stated on official page,Yes — international doctors may be appointed via the Medical Training Initiative (MTI) or a Skilled Worker (Tier 2) Certificate of Sponsorship,Not stated on official page,Apply to the Nuffield Department of Anaesthetics fellowship programme; contact fellowship lead (see Applying to the programme page),Not stated on official page,Not stated on official page,MTI route: RCoA-sponsored GMC registration and Tier 5 visa via Academy of Medical Royal Colleges CoS; alternatively Skilled Worker (Tier 2) CoS assigned by OUH,GMC registration with licence to practise required (sponsored by RCoA for MTI appointees),"Fellows assess transplant candidates and living donors and provide anaesthesia for kidney, pancreas, islet, intestinal, multivisceral and uterine transplants at the Oxford Transplant Centre.",3 October 2026,https://www.ouh.nhs.uk/anaesthetic-fellowships/fellowships/abdominal-transplantation-anaesthesia/ | https://www.ouh.nhs.uk/anaesthetic-fellowships/applying-programme/
/programs/anaesthesia-for-cancer-surgery-fellowship-oxford-university-hospitals-nhs-foundation-trust,Anaesthesia for Cancer Surgery Fellowship,Oxford University Hospitals NHS Foundation Trust,Anaesthesiology,Oncological anaesthesia,Nuffield Department of Anaesthetics,United Kingdom,Oxford,England (Oxfordshire),Clinical Fellowship,Not stated on official page,Not stated on official page,Not stated on official page,Not stated on official page,Yes — international doctors may be appointed via the Medical Training Initiative (MTI) or a Skilled Worker (Tier 2) Certificate of Sponsorship,Not stated on official page,Apply to the Nuffield Department of Anaesthetics fellowship programme; contact fellowship lead (see Applying to the programme page),Not stated on official page,Not stated on official page,MTI route: RCoA-sponsored GMC registration and Tier 5 visa via Academy of Medical Royal Colleges CoS; alternatively Skilled Worker (Tier 2) CoS assigned by OUH,GMC registration with licence to practise required (sponsored by RCoA for MTI appointees),"Fellowship in anaesthesia for cancer surgery based largely at the Oxford Cancer and Haematology Centre, covering breast, gynaecological, UGI, HPB, colorectal, head and neck, endocrine, urological and sarcoma surgery.",3 October 2026,https://www.ouh.nhs.uk/anaesthetic-fellowships/fellowships/anaesthesia-for-cancer-surgery/ | https://www.ouh.nhs.uk/anaesthetic-fellowships/applying-programme/
/programs/cardiothoracic-anaesthesia-and-intensive-care-fellowship-oxford-university-hospitals-nhs-foundation-trust,Cardiothoracic Anaesthesia and Intensive Care Fellowship,Oxford University Hospitals NHS Foundation Trust,Anaesthesiology,Adult cardiothoracic anaesthesia,Nuffield Department of Anaesthetics,United Kingdom,Oxford,England (Oxfordshire),Clinical Fellowship,Not stated on official page,Not stated on official page,Not stated on official page,Not stated on official page,Yes — international doctors may be appointed via the Medical Training Initiative (MTI) or a Skilled Worker (Tier 2) Certificate of Sponsorship,Not stated on official page,Apply to the Nuffield Department of Anaesthetics fellowship programme; contact fellowship lead (see Applying to the programme page),Not stated on official page,Not stated on official page,MTI route: RCoA-sponsored GMC registration and Tier 5 visa via Academy of Medical Royal Colleges CoS; alternatively Skilled Worker (Tier 2) CoS assigned by OUH,GMC registration with licence to practise required (sponsored by RCoA for MTI appointees),"Consultant-supervised experience in cardiac and thoracic theatres, EP/catheter labs and the Cardiac and Thoracic Critical Care Unit at the Oxford Heart Centre, with dedicated TOE days.",3 October 2026,https://www.ouh.nhs.uk/anaesthetic-fellowships/fellowships/cardiothoracic-intensive-care-fellowship/ | https://www.ouh.nhs.uk/anaesthetic-fellowships/applying-programme/
/programs/upper-gastrointestinal-anaesthesia-fellowship-oxford-university-hospitals-nhs-foundation-trust,Upper Gastrointestinal Anaesthesia Fellowship,Oxford University Hospitals NHS Foundation Trust,Anaesthesiology,Oncological anaesthesia,Nuffield Department of Anaesthetics,United Kingdom,Oxford,England (Oxfordshire),Clinical Fellowship,12 months,Not stated on official page,Not stated on official page,Not stated on official page,Yes — international doctors may be appointed via the Medical Training Initiative (MTI) or a Skilled Worker (Tier 2) Certificate of Sponsorship,Not stated on official page,Apply to the Nuffield Department of Anaesthetics fellowship programme; contact fellowship lead (see Applying to the programme page),Not stated on official page,Not stated on official page,MTI route: RCoA-sponsored GMC registration and Tier 5 visa via Academy of Medical Royal Colleges CoS; alternatively Skilled Worker (Tier 2) CoS assigned by OUH,GMC registration with licence to practise required (sponsored by RCoA for MTI appointees),"A 12-month programme at the Oxford Upper Gastrointestinal Surgery Centre building competence for independent management of patients undergoing moderate and extensive UGI, bariatric and HPB surgery.",3 October 2026,https://www.ouh.nhs.uk/anaesthetic-fellowships/fellowships/upper-gastrointestinal-anaesthesia/ | https://www.ouh.nhs.uk/anaesthetic-fellowships/applying-programme/
/programs/fellowship-in-quality-improvement-oxford-university-hospitals-nhs-foundation-trust,Fellowship in Quality Improvement,Oxford University Hospitals NHS Foundation Trust,Anaesthesiology,Quality improvement & patient safety,Nuffield Department of Anaesthetics,United Kingdom,Oxford,England (Oxfordshire),Non-clinical / Academic Fellowship,6 months (junior fellows) or 1 year (senior fellows),September,Not stated on official page,Trainees and SAS doctors at all levels of training in anaesthesia (junior programme); senior programme for trainees developing an interest in perioperative care or management,Not stated on official page,Not stated on official page,Not stated on official page,Not stated on official page,Not stated on official page,Not stated on official page,Not stated on official page,"An Oxford School of Anaesthesia programme developing audit, quality improvement, leadership and management skills through an international audit project, alongside clinical training.",3 October 2026,https://www.ouh.nhs.uk/anaesthetic-fellowships/fellowships/quality-improvement/
/programs/international-medical-fellowship-programme-anaesthesia-great-ormond-street-hospital,International Medical Fellowship Programme – Anaesthesia,Great Ormond Street Hospital,Anaesthesiology,Paediatric anaesthesia,GOSH Learning Academy / Department of Anaesthesia,United Kingdom,London,England (Greater London),Clinical Fellowship,Typically 12 months,Not stated on official page,Not stated on official page,"GMC-acceptable medical degree; 4+ years of specialty training; passed Part 1 College exam or UK equivalent; postgraduate qualification in specialty (UK Royal College membership/fellowship or home-country equivalent); recent full-time clinical work; IELTS (7.0 each, 7.5 overall) or OET (B each); resident overseas at time of applying",Yes — programme designed for international doctors resident overseas who will return home after the visa expires,Learning mapped to Royal College curriculum; educational supervisors accredited with the Academy of Medical Educators,Online application portal via GOSH Learning Academy; specialty review and virtual interview,Not stated on official page,Self/home-organisation funded: funding agreed with home organisation to cover a placement fee; GOSH does not provide scholarships,GOSH provides GMC sponsorship; visa applications form part of pre-employment checks,GMC registration (GOSH-sponsored) required before start,"Tailored twelve-month training for international doctors well advanced in specialty training, embedded within GOSH clinical teams to gain specialist paediatric expertise, with anaesthesia among the offered specialties.",3 October 2026,https://www.gosh.nhs.uk/learning/gosh-learning-academy/international-opportunities/international-fellowships/ | https://www.gosh.nhs.uk/learning/gosh-learning-academy/international-opportunities/international-fellowships/programme-details/ | https://www.gosh.nhs.uk/learning/gosh-learning-academy/international-opportunities/international-fellowships/entry-requirements/ | https://www.gosh.nhs.uk/learning/gosh-learning-academy/international-opportunities/international-fellowships/application-process-what-to-expect-after-applying/
/programs/clinical-fellowship-in-regional-anaesthesia-university-college-london-hospitals-nhs-foundation-trust,Clinical Fellowship in Regional Anaesthesia,University College London Hospitals NHS Foundation Trust,Anaesthesiology,Regional anaesthesia & acute pain,Department of Anaesthesia and Perioperative Medicine,United Kingdom,London,England (Greater London),Clinical Fellowship,12 months (fixed term),August (e.g. 5 August 2026 start advertised),Recruited via periodic NHS Jobs adverts; most recent advert closed,MBBS; Primary FRCA; eligible for full GMC registration with licence to practise at appointment; experience in high-risk anaesthesia and obstetrics; able to perform neuraxial techniques,Yes — applicants requiring Skilled Worker visa sponsorship considered,Not stated on official page,Online application via NHS Jobs advert,Typically one post per subspecialty,"Salaried: £65,048 per annum plus London weighting and out-of-hours (2025–26 advert)",Skilled Worker sponsorship applicants welcome and considered alongside all other applications (per NHS Jobs advert),Full GMC registration with licence to practise at time of appointment,"One of UCLH's 12-month expert-supervised clinical fellowships, with the majority of clinical sessions in regional anaesthesia plus half a day per week for research, education and management.",3 October 2026,https://www.jobs.nhs.uk/candidate/jobadvert/C9309-25-1105 | https://www.jobs.nhs.uk/candidate/jobadvert/C9309-24-1808
/programs/clinical-fellowship-in-airway-management-university-college-london-hospitals-nhs-foundation-trust,Clinical Fellowship in Airway Management,University College London Hospitals NHS Foundation Trust,Anaesthesiology,Airway management,Department of Anaesthesia and Perioperative Medicine,United Kingdom,London,England (Greater London),Clinical Fellowship,12 months (fixed term),August (e.g. 5 August 2026 start advertised),Recruited via periodic NHS Jobs adverts; most recent advert closed,MBBS; Primary FRCA; eligible for full GMC registration with licence to practise at appointment; experience in high-risk anaesthesia and obstetrics; able to perform neuraxial techniques,Yes — applicants requiring Skilled Worker visa sponsorship considered,Not stated on official page,Online application via NHS Jobs advert,Typically one post per subspecialty,"Salaried: £65,048 per annum plus London weighting and out-of-hours (2025–26 advert)",Skilled Worker sponsorship applicants welcome and considered alongside all other applications (per NHS Jobs advert),Full GMC registration with licence to practise at time of appointment,"One of UCLH's 12-month expert-supervised clinical fellowships, focused on airway management with independent elective lists and protected non-clinical time.",3 October 2026,https://www.jobs.nhs.uk/candidate/jobadvert/C9309-25-1105 | https://www.jobs.nhs.uk/candidate/jobadvert/C9309-24-1808
/programs/clinical-fellowship-in-thoracic-anaesthesia-university-college-london-hospitals-nhs-foundation-trust,Clinical Fellowship in Thoracic Anaesthesia,University College London Hospitals NHS Foundation Trust,Anaesthesiology,Thoracic anaesthesia,Department of Anaesthesia and Perioperative Medicine,United Kingdom,London,England (Greater London),Clinical Fellowship,12 months (fixed term),August (e.g. 5 August 2026 start advertised),Recruited via periodic NHS Jobs adverts; most recent advert closed,MBBS; Primary FRCA; eligible for full GMC registration with licence to practise at appointment; experience in high-risk anaesthesia and obstetrics; able to perform neuraxial techniques,Yes — applicants requiring Skilled Worker visa sponsorship considered,Not stated on official page,Online application via NHS Jobs advert,Typically one post per subspecialty,"Salaried: £65,048 per annum plus London weighting and out-of-hours (2025–26 advert)",Skilled Worker sponsorship applicants welcome and considered alongside all other applications (per NHS Jobs advert),Full GMC registration with licence to practise at time of appointment,"One of UCLH's 12-month expert-supervised clinical fellowships, with the majority of clinical sessions in thoracic anaesthesia.",3 October 2026,https://www.jobs.nhs.uk/candidate/jobadvert/C9309-25-1105 | https://www.jobs.nhs.uk/candidate/jobadvert/C9309-24-1808
/programs/clinical-fellowship-in-complex-major-surgery-and-bariatrics-university-college-london-hospitals-nhs-foundation-trust,Clinical Fellowship in Complex Major Surgery and Bariatrics,University College London Hospitals NHS Foundation Trust,Anaesthesiology,Perioperative medicine,Department of Anaesthesia and Perioperative Medicine,United Kingdom,London,England (Greater London),Clinical Fellowship,12 months (fixed term),August (e.g. 5 August 2026 start advertised),Recruited via periodic NHS Jobs adverts; most recent advert closed,MBBS; Primary FRCA; eligible for full GMC registration with licence to practise at appointment; experience in high-risk anaesthesia and obstetrics; able to perform neuraxial techniques,Yes — applicants requiring Skilled Worker visa sponsorship considered,Not stated on official page,Online application via NHS Jobs advert,Typically one post per subspecialty,"Salaried: £65,048 per annum plus London weighting and out-of-hours (2025–26 advert)",Skilled Worker sponsorship applicants welcome and considered alongside all other applications (per NHS Jobs advert),Full GMC registration with licence to practise at time of appointment,"One of UCLH's 12-month expert-supervised clinical fellowships, focused on anaesthesia for complex major surgery and bariatric surgery.",3 October 2026,https://www.jobs.nhs.uk/candidate/jobadvert/C9309-25-1105 | https://www.jobs.nhs.uk/candidate/jobadvert/C9309-24-1808
/programs/clinical-fellowship-in-obstetric-anaesthesia-university-college-london-hospitals-nhs-foundation-trust,Clinical Fellowship in Obstetric Anaesthesia,University College London Hospitals NHS Foundation Trust,Anaesthesiology,Obstetric anaesthesia,Department of Anaesthesia and Perioperative Medicine,United Kingdom,London,England (Greater London),Clinical Fellowship,12 months (fixed term),August (e.g. 5 August 2026 start advertised),Recruited via periodic NHS Jobs adverts; most recent advert closed,MBBS; Primary FRCA; eligible for full GMC registration with licence to practise at appointment; experience in high-risk anaesthesia and obstetrics; able to perform neuraxial techniques,Yes — applicants requiring Skilled Worker visa sponsorship considered,Not stated on official page,Online application via NHS Jobs advert,Typically one post per subspecialty,"Salaried: £65,048 per annum plus London weighting and out-of-hours (2025–26 advert)",Skilled Worker sponsorship applicants welcome and considered alongside all other applications (per NHS Jobs advert),Full GMC registration with licence to practise at time of appointment,"One of UCLH's 12-month expert-supervised clinical fellowships, with the majority of clinical sessions in obstetric anaesthesia.",3 October 2026,https://www.jobs.nhs.uk/candidate/jobadvert/C9309-25-1105 | https://www.jobs.nhs.uk/candidate/jobadvert/C9309-24-1808
/programs/clinical-fellowship-in-prehabilitation-and-preoperative-optimisation-university-college-london-hospitals-nhs-foundation-trust,Clinical Fellowship in Prehabilitation and Preoperative Optimisation,University College London Hospitals NHS Foundation Trust,Anaesthesiology,Perioperative medicine,Department of Anaesthesia and Perioperative Medicine,United Kingdom,London,England (Greater London),Clinical Fellowship,12 months (fixed term),August (6 August 2025 start advertised),Recruited via periodic NHS Jobs adverts; most recent advert closed,MBBS; Primary FRCA; eligible for full GMC registration with licence to practise at appointment; experience in high-risk anaesthesia and obstetrics; able to perform neuraxial techniques,Yes — applicants requiring Skilled Worker visa sponsorship considered,Not stated on official page,Online application via NHS Jobs advert,Typically one post per subspecialty,"Salaried: £61,825 per annum plus London weighting (2024–25 advert)",Skilled Worker sponsorship applicants welcome and considered alongside all other applications (per NHS Jobs advert),Full GMC registration with licence to practise at time of appointment,"A UCLH 12-month clinical fellowship in prehabilitation and preoperative optimisation, with at least 50% of clinical sessions in the chosen fellowship.",3 October 2026,https://www.jobs.nhs.uk/candidate/jobadvert/C9309-24-1808
/programs/trust-clinical-fellow-in-education-and-anaesthesia-university-college-london-hospitals-nhs-foundation-trust,Trust Clinical Fellow in Education and Anaesthesia,University College London Hospitals NHS Foundation Trust,Anaesthesiology,Simulation & medical education,Department of Anaesthesia and Perioperative Medicine,United Kingdom,London,England (Greater London),Clinical Fellowship,12 months (fixed term),August (e.g. 5 August 2026 start advertised),Recruited via periodic NHS Jobs adverts; most recent advert closed,Eligible for full GMC registration with licence to practise; MBBS or equivalent; Primary FRCA,Yes — applicants requiring Skilled Worker visa sponsorship considered,Not stated on official page,Online application via NHS Jobs advert,Not stated on official page,"Salaried: £65,048 per annum plus London weighting and out-of-hours (2025–26 advert)",Skilled Worker sponsorship applicants welcome and considered alongside all other applications (per NHS Jobs advert),Full GMC registration with licence to practise at time of appointment,"A 12-month fellowship split 50% protected educational time and 50% clinical duties, designing and delivering anaesthesia and perioperative education including FRCA revision, simulation and the UCL/UCLH MOOC series.",3 October 2026,https://www.jobs.nhs.uk/candidate/jobadvert/C9309-25-1113
/programs/cardiothoracic-anaesthesia-fellowship-royal-brompton-hospital-guys-and-st-thomas-nhs-foundation-trust,Cardiothoracic Anaesthesia Fellowship,Royal Brompton Hospital (Guy's and St Thomas' NHS Foundation Trust),Anaesthesiology,Adult cardiothoracic anaesthesia,"Department of Anaesthesia, Royal Brompton Hospital",United Kingdom,London,England (Greater London),Clinical Fellowship,1 year,Not stated on official page,Not stated on official page,Doctors who have completed their training or wish to expand exposure to cardiac and thoracic perioperative care,Not stated on official page,Not stated on official page,Contact the department college tutor,2 posts (adult or paediatric cardiothoracic anaesthesia),Not stated on official page,Not stated on official page,Not stated on official page,"One-year fellowship programmes in adult or paediatric cardiothoracic anaesthesia with extensive cardiac surgical, catheter laboratory and structural intervention exposure and perioperative TOE teaching.",3 October 2026,https://www.rbht.nhs.uk/our-services/clinical_support/critical-care-and-anaesthesia/anaesthesia-royal-brompton-hospital
/programs/joint-paediatric-cardiac-anaesthesia-and-picu-fellowship-royal-brompton-hospital-and-evelina-london-childrens-hospital,Joint Paediatric Cardiac Anaesthesia and PICU Fellowship,Royal Brompton Hospital and Evelina London Children's Hospital,Anaesthesiology,Paediatric cardiac anaesthesia,"Department of Anaesthesia, Royal Brompton Hospital",United Kingdom,London,England (Greater London),Clinical Fellowship,"18 months (9 months Evelina, 6 months RBH, 3 months Evelina PICU)",Not stated on official page,Not stated on official page,Not stated on official page,Not stated on official page,Not stated on official page,Contact the department college tutor,1 post,Not stated on official page,Not stated on official page,Not stated on official page,A joint 18-month paediatric cardiac anaesthesia and PICU fellowship rotating between Evelina London Children's Hospital and Royal Brompton Hospital.,3 October 2026,https://www.rbht.nhs.uk/our-services/clinical_support/critical-care-and-anaesthesia/anaesthesia-royal-brompton-hospital
/programs/senior-clinical-fellow-in-cardiothoracic-anaesthesia-harefield-hospital-guys-and-st-thomas-nhs-foundation-trust,Senior Clinical Fellow in Cardiothoracic Anaesthesia,Harefield Hospital (Guy's and St Thomas' NHS Foundation Trust),Anaesthesiology,Adult cardiothoracic anaesthesia,"Department of Anaesthesia, Harefield Hospital",United Kingdom,Harefield (Uxbridge),England (Greater London),Clinical Fellowship,"6 months initially, extendable to 24 months",Not stated on official page,Recruited via periodic NHS Jobs adverts; most recent advert closed,Minimum four months' cardiothoracic anaesthesia experience; ideally NTN holder in ST4/5 (OOPE); post-CCST or appropriately qualified overseas trainees considered,Yes — applicants requiring Skilled Worker visa sponsorship considered,Not stated on official page,Online application via NHS Jobs advert,Not stated on official page,Not stated on official page,Skilled Worker sponsorship applicants welcome and considered alongside all other applications (per NHS Jobs advert),Not stated on official page,"Modular experience in adult cardiac surgery, thoracic surgery and cardiothoracic intensive care anaesthesia at Harefield, with opportunities for research and TOE skills.",3 October 2026,https://www.jobs.nhs.uk/candidate/jobadvert/C9196-25-1411
/programs/senior-clinical-fellow-in-paediatric-anaesthesia-evelina-london-childrens-hospital-guys-and-st-thomas-nhs-foundation-trust,Senior Clinical Fellow in Paediatric Anaesthesia,Evelina London Children's Hospital (Guy's and St Thomas' NHS Foundation Trust),Anaesthesiology,Paediatric anaesthesia,Department of Anaesthesia,United Kingdom,London,England (Greater London),Clinical Fellowship,"6 months, possible extension to 12 months",August (August 2026 start advertised),Recruited via periodic NHS Jobs adverts; most recent advert closed (closed 7 April 2026),Minimum 5 years' anaesthesia experience (ST6–ST7 equivalent); Final FRCA or equivalent; eligible for full GMC registration with licence to practise,Yes — applicants requiring Skilled Worker visa sponsorship considered,Not stated on official page,Online application via NHS Jobs advert,Not stated on official page,"Salaried: £73,992 per annum (2026 advert)",Skilled Worker sponsorship applicants welcome and considered alongside all other applications (per NHS Jobs advert),Full GMC registration with licence to practise,"Tertiary paediatric anaesthesia experience across all surgical specialties except neurosurgery and liver transplantation, including high-volume neonatal surgery and paediatric cardiac anaesthesia.",3 October 2026,https://www.jobs.nhs.uk/candidate/jobadvert/C9196-26-0343
/programs/senior-clinical-fellow-in-anaesthesia-for-hpb-and-liver-transplantation-kings-college-hospital-nhs-foundation-trust,Senior Clinical Fellow in Anaesthesia for HPB and Liver Transplantation,King's College Hospital NHS Foundation Trust,Anaesthesiology,Liver transplant anaesthesia,Department of Anaesthetics,United Kingdom,London,England (Greater London),Clinical Fellowship,12 months (fixed term),Not stated on official page,Recruited via periodic NHS Jobs adverts; most recent advert closed,Full GMC registration with licence to practise; experience equivalent to ST6/7 or close to consultant eligibility,Yes — applicants requiring Skilled Worker visa sponsorship considered,Not stated on official page,Online application via NHS Jobs advert,Not stated on official page,"Salaried: £55,329–£63,152 per annum including London Zone (2025 advert)",Skilled Worker sponsorship applicants welcome and considered alongside all other applications (per NHS Jobs advert),Full GMC registration with licence to practise,"A combined post giving senior trainees or qualified anaesthetists experience in adult and paediatric anaesthesia for liver transplantation, hepatobiliary surgery and imaging procedures.",3 October 2026,https://www.jobs.nhs.uk/candidate/jobadvert/C9213-25-0199
/programs/thoracic-anaesthesia-fellowship-royal-papworth-hospital-nhs-foundation-trust,Thoracic Anaesthesia Fellowship,Royal Papworth Hospital NHS Foundation Trust,Anaesthesiology,Thoracic anaesthesia,Department of Anaesthesia,United Kingdom,Cambridge,England (Cambridgeshire),Clinical Fellowship,6 months,Not stated on official page,Recruited via periodic NHS Jobs adverts; most recent advert closed,Post CCT/CESR or post-FRCA (or equivalent); previous cardiothoracic anaesthesia and intensive care experience,Yes — applicants requiring Skilled Worker visa sponsorship considered,Not stated on official page,Online application via NHS Jobs advert,Not stated on official page,"Salaried: £73,992 per annum (2025 advert)",Skilled Worker sponsorship applicants welcome and considered alongside all other applications (per NHS Jobs advert),Not stated on official page,"A 6-month fellowship in advanced thoracic anaesthesia, lung transplant anaesthesia and ECMO, including robotic and minimally invasive thoracic surgery at the UK's leading heart and lung hospital.",3 October 2026,https://www.jobs.nhs.uk/candidate/jobadvert/C9175-25-0377
/programs/clinical-fellowship-in-cardiothoracic-anaesthesia-and-critical-care-royal-papworth-hospital-nhs-foundation-trust,Clinical Fellowship in Cardiothoracic Anaesthesia and Critical Care,Royal Papworth Hospital NHS Foundation Trust,Anaesthesiology,Adult cardiothoracic anaesthesia,Department of Anaesthesia and Intensive Care,United Kingdom,Cambridge,England (Cambridgeshire),Clinical Fellowship,12 months (full- or part-time),Not stated on official page,Recruited via periodic NHS Jobs adverts; most recent advert closed,FRCA or equivalent; completed year 5 of higher specialist training in anaesthesia (completed or within two years of completing training); experience of cardiothoracic anaesthesia and critical care,Yes — applicants requiring Skilled Worker visa sponsorship considered,Not stated on official page,Online application via NHS Jobs advert,Not stated on official page,"Salaried: £73,992 per annum (2025 advert)",Skilled Worker sponsorship applicants welcome and considered alongside all other applications (per NHS Jobs advert),Not stated on official page,"Enhances specialist experience in adult cardiothoracic anaesthesia and critical care including transplantation, mechanical assist devices, ECMO, focused ultrasound and perioperative TOE.",3 October 2026,https://www.jobs.nhs.uk/candidate/jobadvert/C9175-25-0343
/programs/international-fellowship-in-cardiothoracic-anaesthesia-and-intensive-care-the-newcastle-upon-tyne-hospitals-nhs-foundation-trust-freeman-hospital,International Fellowship in Cardiothoracic Anaesthesia and Intensive Care,The Newcastle upon Tyne Hospitals NHS Foundation Trust (Freeman Hospital),Anaesthesiology,Adult cardiothoracic anaesthesia,Cardiothoracic Anaesthesia and Cardiac Intensive Care,United Kingdom,Newcastle upon Tyne,England (Tyne and Wear),Clinical Fellowship,12 months,Not stated on official page,Not stated on official page,GMC-recognised primary medical qualification; board certification/eligibility or completed residency; 3–5 years' specialty experience; IELTS 7.5 overall (7.0 each) or OET B; working towards FFICM/FRCA/MRCP or similar,"Yes — international clinical fellowship requiring support of an overseas employer, government or recognised sponsoring body",Not stated on official page,"Apply via Newcastle Hospitals Commercial Services with CV, valid IELTS/OET and sponsor funding letter; interview",Not stated on official page,"Sponsored: fee of £45,000 per fellowship paid by overseas sponsor (honorary contract)",Royal College sponsorship for GMC registration and Tier 5 Government Authorised Exchange visa,Full GMC registration (or eligible within 3 months),"A 12-month fellowship based in Freeman Hospital's cardiothoracic theatres and cardiac intensive care unit, tailored for clinicians in cardiothoracic anaesthesia, general anaesthesia or critical care.",3 October 2026,https://commercial.newcastle-hospitals.nhs.uk/work-with-us/training-and-experiene/international-clinical-fellowships/honorary-fellow-in-cardiothoracic-anaesthesia-and-intensive-care/ | https://commercial.newcastle-hospitals.nhs.uk/work-with-us/training-and-experiene/international-clinical-fellowships/admission-criteria-and-application-process/
/programs/general-anaesthesia-fellowship-fiona-stanley-fremantle-hospitals-group,General Anaesthesia Fellowship,Fiona Stanley Fremantle Hospitals Group,Anaesthesiology,Advanced clinical anaesthesia,"Department of Anaesthesia, Pain and Perioperative Medicine",Australia,Perth (Murdoch),Western Australia,Clinical Fellowship,6 or 12 months (may be paired with a specialty fellowship),February or August (rotational terms),Recruitment yearly via MedCareersWA; formal recruitment pool opens approximately March/April; roles may also arise during the year,Candidates at the end of their anaesthesia training programme,Yes — fellowship positions are open to local and international candidates,Not stated on official page,Apply via MedCareersWA recruitment pool; enquiries to the FSFHG fellowship recruitment team,Not stated on official page,"Salaried per WA Health System – Medical Practitioners – AMA Industrial Agreement 2022, with salary packaging",Not stated on official page,Not stated on official page,"Training across multiple specialties in quaternary care including burns, maxillofacial, orthopaedics, plastics, renal transplant, spinal and robotic urology surgery, rounding out training before a consultant post.",3 October 2026,https://fsfhg.health.wa.gov.au/Work-with-us/Fellowship/APM-Fellowships-and-Senior-Registrar-Positions/General-Fellowship | https://fsfhg.health.wa.gov.au/Work-with-us/Fellowship/APM-Fellowships-and-Senior-Registrar-Positions
/programs/airway-fellowship-fiona-stanley-fremantle-hospitals-group,Airway Fellowship,Fiona Stanley Fremantle Hospitals Group,Anaesthesiology,Airway management,"Department of Anaesthesia, Pain and Perioperative Medicine",Australia,Perth (Murdoch),Western Australia,Clinical Fellowship,12 months,February or August (rotational terms),Recruitment yearly via MedCareersWA; formal recruitment pool opens approximately March/April; roles may also arise during the year,Candidates at the end of their anaesthesia training programme,Yes — fellowship positions are open to local and international candidates,Not stated on official page,Apply via MedCareersWA recruitment pool; enquiries to the FSFHG fellowship recruitment team,"2 per year (one February start, one August start)","Salaried per WA Health System – Medical Practitioners – AMA Industrial Agreement 2022, with salary packaging",Not stated on official page,Not stated on official page,"Develops proficiency in awake fibreoptic intubation and advanced airway techniques, with a strong focus on airway education including ANZCA-approved CICO training and an Airway Rescue Course.",3 October 2026,https://fsfhg.health.wa.gov.au/Work-with-us/Fellowship/APM-Fellowships-and-Senior-Registrar-Positions/Airway-Fellowship | https://fsfhg.health.wa.gov.au/Work-with-us/Fellowship/APM-Fellowships-and-Senior-Registrar-Positions
/programs/cardiothoracic-anaesthesia-fellowship-fiona-stanley-fremantle-hospitals-group,Cardiothoracic Anaesthesia Fellowship,Fiona Stanley Fremantle Hospitals Group,Anaesthesiology,Adult cardiothoracic anaesthesia,"Department of Anaesthesia, Pain and Perioperative Medicine",Australia,Perth (Murdoch),Western Australia,Clinical Fellowship,Not stated on official page,February start (per rostering section),Recruitment yearly via MedCareersWA; formal recruitment pool opens approximately March/April; roles may also arise during the year,Candidates at the end of their anaesthesia training programme,Yes — fellowship positions are open to local and international candidates,Not stated on official page,Apply via MedCareersWA recruitment pool; enquiries to the FSFHG fellowship recruitment team,Not stated on official page,"Salaried per WA Health System – Medical Practitioners – AMA Industrial Agreement 2022, with salary packaging",Not stated on official page,Not stated on official page,"A cardiothoracic anaesthesia fellowship covering cardiac, thoracic, structural heart and transplant cases with extensive TOE exposure, with fellows expected to attain a formal TOE qualification.",3 October 2026,https://fsfhg.health.wa.gov.au/Work-with-us/Fellowship/APM-Fellowships-and-Senior-Registrar-Positions/Cardiothoracic-Anaesthesia-Fellowship | https://fsfhg.health.wa.gov.au/Work-with-us/Fellowship/APM-Fellowships-and-Senior-Registrar-Positions
/programs/hepatobiliary-and-upper-gastrointestinal-surgery-anaesthesia-fellowship-fiona-stanley-fremantle-hospitals-group,Hepatobiliary and Upper Gastrointestinal Surgery Anaesthesia Fellowship,Fiona Stanley Fremantle Hospitals Group,Anaesthesiology,Oncological anaesthesia,"Department of Anaesthesia, Pain and Perioperative Medicine",Australia,Perth (Murdoch),Western Australia,Clinical Fellowship,12 months,February or August (rotational terms),Recruitment yearly via MedCareersWA; formal recruitment pool opens approximately March/April; roles may also arise during the year,FANZCA or overseas equivalent with a keen interest in the subspecialty,Yes — fellowship positions are open to local and international candidates,Not stated on official page,Apply via MedCareersWA recruitment pool; enquiries to the FSFHG fellowship recruitment team,Not stated on official page,"Salaried per WA Health System – Medical Practitioners – AMA Industrial Agreement 2022, with salary packaging",Not stated on official page,Not stated on official page,"A 12-month fellowship promoting transition to consultant-level practice in anaesthesia for major liver resection, Whipple's procedure and minimally invasive oesophagectomy.",3 October 2026,https://fsfhg.health.wa.gov.au/Work-with-us/Fellowship/APM-Fellowships-and-Senior-Registrar-Positions/Hepatobiliary-and-Upper-Gastrointestinal-Surgery-Fellowship | https://fsfhg.health.wa.gov.au/Work-with-us/Fellowship/APM-Fellowships-and-Senior-Registrar-Positions
/programs/obstetric-anaesthesia-fellowship-fiona-stanley-fremantle-hospitals-group,Obstetric Anaesthesia Fellowship,Fiona Stanley Fremantle Hospitals Group,Anaesthesiology,Obstetric anaesthesia,"Department of Anaesthesia, Pain and Perioperative Medicine",Australia,Perth (Murdoch),Western Australia,Clinical Fellowship,12 months,February or August (rotational terms),Recruitment yearly via MedCareersWA; formal recruitment pool opens approximately March/April; roles may also arise during the year,Candidates at the end of their anaesthesia training programme,Yes — fellowship positions are open to local and international candidates,Not stated on official page,Apply via MedCareersWA recruitment pool; enquiries to the FSFHG fellowship recruitment team,"2 per year (one February start, one August start)","Salaried per WA Health System – Medical Practitioners – AMA Industrial Agreement 2022, with salary packaging",Not stated on official page,Not stated on official page,"Obstetric anaesthesia training at a level 5 maternity service with ~3,500 deliveries per year and the State referral centre for high-risk cardiac obstetric patients.",3 October 2026,https://fsfhg.health.wa.gov.au/Work-with-us/Fellowship/APM-Fellowships-and-Senior-Registrar-Positions/Obstetric-Anaesthesia-Fellowship | https://fsfhg.health.wa.gov.au/Work-with-us/Fellowship/APM-Fellowships-and-Senior-Registrar-Positions
/programs/perioperative-medicine-fellowship-fiona-stanley-fremantle-hospitals-group,Perioperative Medicine Fellowship,Fiona Stanley Fremantle Hospitals Group,Anaesthesiology,Perioperative medicine,"Department of Anaesthesia, Pain and Perioperative Medicine",Australia,Perth (Murdoch),Western Australia,Clinical Fellowship,12 months,February or August (rotational terms),Recruitment yearly via MedCareersWA; formal recruitment pool opens approximately March/April; roles may also arise during the year,Candidates at the end of their anaesthesia training programme,"Yes — candidates from local, interstate or international institutions welcome",Not stated on official page,Apply via MedCareersWA recruitment pool; enquiries to the FSFHG fellowship recruitment team,2 per year,"Salaried per WA Health System – Medical Practitioners – AMA Industrial Agreement 2022, with salary packaging",Not stated on official page,Not stated on official page,"Experience across the perioperative journey of high-risk surgical patients including pre-admission clinic, ERAS pathways, CPET, patient blood management and prehabilitation.",3 October 2026,https://fsfhg.health.wa.gov.au/Work-with-us/Fellowship/APM-Fellowships-and-Senior-Registrar-Positions/Perioperative-Medicine-Fellowship | https://fsfhg.health.wa.gov.au/Work-with-us/Fellowship/APM-Fellowships-and-Senior-Registrar-Positions
/programs/regional-anaesthesia-fellowship-fiona-stanley-fremantle-hospitals-group,Regional Anaesthesia Fellowship,Fiona Stanley Fremantle Hospitals Group,Anaesthesiology,Regional anaesthesia & acute pain,"Department of Anaesthesia, Pain and Perioperative Medicine",Australia,Perth (Murdoch),Western Australia,Clinical Fellowship,12 months,February or August (rotational terms),Recruitment yearly via MedCareersWA; formal recruitment pool opens approximately March/April; roles may also arise during the year,Candidates at the end of their anaesthesia training programme,Yes — fellowship positions are open to local and international candidates,Not stated on official page,Apply via MedCareersWA recruitment pool; enquiries to the FSFHG fellowship recruitment team,4 per year,"Salaried per WA Health System – Medical Practitioners – AMA Industrial Agreement 2022, with salary packaging",Not stated on official page,Not stated on official page,"Builds technical skills and knowledge in regional anaesthesia across orthopaedics, plastics, vascular and general surgery, including awake hand surgery lists and participation in the WA School of Regional Anaesthesia programme.",3 October 2026,https://fsfhg.health.wa.gov.au/Work-with-us/Fellowship/APM-Fellowships-and-Senior-Registrar-Positions/Regional-Anaesthesia-Fellowships | https://fsfhg.health.wa.gov.au/Work-with-us/Fellowship/APM-Fellowships-and-Senior-Registrar-Positions
/programs/anaesthesia-research-fellowship-fiona-stanley-fremantle-hospitals-group,Anaesthesia Research Fellowship,Fiona Stanley Fremantle Hospitals Group,Anaesthesiology,Clinical research,"Department of Anaesthesia, Pain and Perioperative Medicine",Australia,Perth (Murdoch),Western Australia,Research Fellowship,12 months,February or August (rotational terms),Recruitment yearly via MedCareersWA; formal recruitment pool opens approximately March/April; roles may also arise during the year,Candidates at the end of their anaesthesia training programme,Yes — fellowship positions are open to local and international candidates,Not stated on official page,Apply via MedCareersWA recruitment pool; enquiries to the FSFHG fellowship recruitment team,1 per year,"Salaried per WA Health System – Medical Practitioners – AMA Industrial Agreement 2022, with salary packaging",Not stated on official page,Not stated on official page,"Provides research skills for clinician-researcher careers with two dedicated research days per week, links to the Heart and Lung Research Institute of WA and the ANZCA Clinical Trials Group.",3 October 2026,https://fsfhg.health.wa.gov.au/Work-with-us/Fellowship/APM-Fellowships-and-Senior-Registrar-Positions/Research-Fellowship | https://fsfhg.health.wa.gov.au/Work-with-us/Fellowship/APM-Fellowships-and-Senior-Registrar-Positions
/programs/simulation-fellowship-fiona-stanley-fremantle-hospitals-group,Simulation Fellowship,Fiona Stanley Fremantle Hospitals Group,Anaesthesiology,Simulation & medical education,"Department of Anaesthesia, Pain and Perioperative Medicine",Australia,Perth (Murdoch),Western Australia,Clinical Fellowship,6 months,February or August (rotational terms),Recruitment yearly via MedCareersWA; formal recruitment pool opens approximately March/April; roles may also arise during the year,Candidates at the end of their anaesthesia training programme,Yes — fellowship positions are open to local and international candidates,Not stated on official page,Apply via MedCareersWA recruitment pool; enquiries to the FSFHG fellowship recruitment team,2 every 6 months,"Salaried per WA Health System – Medical Practitioners – AMA Industrial Agreement 2022, with salary packaging",Not stated on official page,Not stated on official page,"Trains fellows to design, run and debrief in-situ multidisciplinary simulation scenarios and coordinate ANZCA-approved courses such as CICO and cardiac arrest updates.",3 October 2026,https://fsfhg.health.wa.gov.au/Work-with-us/Fellowship/APM-Fellowships-and-Senior-Registrar-Positions/Simulation-Fellowship | https://fsfhg.health.wa.gov.au/Work-with-us/Fellowship/APM-Fellowships-and-Senior-Registrar-Positions
/programs/vascular-anaesthesia-fellowship-fiona-stanley-fremantle-hospitals-group,Vascular Anaesthesia Fellowship,Fiona Stanley Fremantle Hospitals Group,Anaesthesiology,Vascular anaesthesia,"Department of Anaesthesia, Pain and Perioperative Medicine",Australia,Perth (Murdoch),Western Australia,Clinical Fellowship,6 months,February or August (rotational terms),Recruitment yearly via MedCareersWA; formal recruitment pool opens approximately March/April; roles may also arise during the year,Candidates at the end of their anaesthesia training programme,Yes — fellowship positions are open to local and international candidates,Not stated on official page,Apply via MedCareersWA recruitment pool; enquiries to the FSFHG fellowship recruitment team,Not stated on official page,"Salaried per WA Health System – Medical Practitioners – AMA Industrial Agreement 2022, with salary packaging",Not stated on official page,Not stated on official page,"A six-month fellowship in a high-volume vascular centre with hybrid theatres, covering complex endovascular aneurysm repair, spinal drain management and regional blocks for awake carotid surgery.",3 October 2026,https://fsfhg.health.wa.gov.au/Work-with-us/Fellowship/APM-Fellowships-and-Senior-Registrar-Positions/Vascular-Anaesthesia-Fellowship | https://fsfhg.health.wa.gov.au/Work-with-us/Fellowship/APM-Fellowships-and-Senior-Registrar-Positions
/programs/general-anaesthesia-provisional-fellowship-austin-health,General Anaesthesia Provisional Fellowship,Austin Health,Anaesthesiology,Advanced clinical anaesthesia,Department of Anaesthesia,Australia,Melbourne (Heidelberg),Victoria,Clinical Fellowship (Provisional Fellowship),6 or 12 months (preference for 12-month applicants),Not stated on official page,Not stated on official page,Not stated on official page,Not stated on official page,Not stated on official page,Apply via active advertisements on the Austin Health recruitment platform; enquiries to anaesthesiaSOT@austin.org.au,Not stated on official page,Not stated on official page,Not stated on official page,Not stated on official page,"Exposure to anaesthesia for all Austin Health surgical specialties except liver transplant and cardiac surgery, with an optional non-clinical portfolio in quality, education, sustainability or simulation.",3 October 2026,https://austin.org.au/anaesthesia-fellowships
/programs/perioperative-medicine-provisional-fellowship-austin-health,Perioperative Medicine Provisional Fellowship,Austin Health,Anaesthesiology,Perioperative medicine,Department of Anaesthesia,Australia,Melbourne (Heidelberg),Victoria,Clinical Fellowship (Provisional Fellowship),6 or 12 months (preference for 12-month applicants),Not stated on official page,Not stated on official page,Not stated on official page,Not stated on official page,Not stated on official page,Apply via active advertisements on the Austin Health recruitment platform; enquiries to anaesthesiaSOT@austin.org.au,Not stated on official page,Not stated on official page,Not stated on official page,Not stated on official page,Combines general anaesthesia fellowship experience with perioperative medicine services and support to complete the ANZCA course in perioperative medicine.,3 October 2026,https://austin.org.au/anaesthesia-fellowships
/programs/cardiac-and-liver-transplantation-provisional-fellowship-austin-health,Cardiac and Liver Transplantation Provisional Fellowship,Austin Health,Anaesthesiology,Liver transplant anaesthesia,Department of Anaesthesia,Australia,Melbourne (Heidelberg),Victoria,Clinical Fellowship (Provisional Fellowship),12 months,Not stated on official page,Not stated on official page,Not stated on official page,Not stated on official page,Not stated on official page,Apply via active advertisements on the Austin Health recruitment platform; enquiries to anaesthesiaSOT@austin.org.au,Not stated on official page,Not stated on official page,Not stated on official page,Not stated on official page,"Exposure to liver and intestinal transplantation anaesthesia and cardiac bypass anaesthesia, with routine TOE use and TOE training, at the Victorian state referral centre for liver transplantation.",3 October 2026,https://austin.org.au/anaesthesia-fellowships
/programs/paediatric-anaesthesia-clinical-research-fellowship-the-royal-childrens-hospital-melbourne,Paediatric Anaesthesia Clinical / Research Fellowship,The Royal Children's Hospital Melbourne,Anaesthesiology,Paediatric anaesthesia,Department of Anaesthesia and Pain Management,Australia,Melbourne,Victoria,Clinical & Research Fellowship,6 or 12 months,February or August,Generally advertised in March/April for commencement in February or August of the following year,Anaesthetists with previous paediatric anaesthesia training aiming to pursue an academic career,Yes — international applicants are accepted,Not stated on official page,Complete the RCH Paediatric Anaesthesia Fellowship expression of interest form; positions advertised March/April,1 (one of up to 12 advanced paediatric anaesthesia fellowship positions per year),Not stated on official page,Not stated on official page,Not stated on official page,"A combined clinical and research advanced paediatric anaesthesia position for an anaesthetist aiming for an academic career, with clinical exposure identical to the other RCH fellowships.",3 October 2026,https://www.rch.org.au/anaes/teaching_training_employment/Teaching_Training_Employment_%E2%80%93_Anaesthesia_and_Pain_Management
/programs/honorary-fellowship-visiting-clinician-program-the-royal-childrens-hospital-melbourne,Honorary Fellowship (Visiting Clinician Program),The Royal Children's Hospital Melbourne,Anaesthesiology,Paediatric anaesthesia,Department of Anaesthesia and Pain Management,Australia,Melbourne,Victoria,Honorary Fellowship,"Fixed term, maximum 6 months (minimum commitment 1 day per week)",Not stated on official page,Not stated on official page,Not stated on official page,Yes — visiting clinician programme; sabbatical applications prioritised,Not stated on official page,RCH Visiting Clinician Program expression of interest form,A small number each year,Not stated on official page,Not stated on official page,Not stated on official page,"A small number of fixed-term honorary fellowships each year for visiting clinicians to strengthen paediatric anaesthesia skills, run in parallel to formal training pathways.",3 October 2026,https://www.rch.org.au/anaes/teaching_training_employment/Teaching_Training_Employment_%E2%80%93_Anaesthesia_and_Pain_Management
/programs/anaesthesia-provisional-fellowship-the-royal-melbourne-hospital,Anaesthesia Provisional Fellowship,The Royal Melbourne Hospital,Anaesthesiology,Advanced clinical anaesthesia,Department of Anaesthesia and Pain Management,Australia,Melbourne (Parkville),Victoria,Clinical Fellowship (Provisional Fellowship),Not stated on official page,Not stated on official page,Not stated on official page,MBBS or equivalent; registered or eligible for registration with the Medical Board of Australia (AHPRA),Not stated on official page,Not stated on official page,Apply via The Royal Melbourne Hospital careers portal,Not stated on official page,Salaried under AMA Victoria – Victorian Public Health Sector – Doctors in Training Enterprise Agreement 2022–2026 (HM25+),Not stated on official page,Registered with (or eligible for registration with) the Medical Board of Australia – AHPRA,"Provides anaesthesia, pain and perioperative care at a quaternary adult referral hospital including trauma, with subspecialty clinical training in cardiothoracic anaesthesia and malignant hyperthermia testing service exposure.",3 October 2026,https://www.thermh.org.au/files/rmh-careers/Medical_Workforce_Unit/DIT/Surgical/Anaesthesia_Provisional_Fellow_PD_2027.pdf
/programs/aspire-post-cscst-fellowship-in-anaesthesiology-college-of-anaesthesiologists-of-ireland,Aspire Post-CSCST Fellowship in Anaesthesiology,College of Anaesthesiologists of Ireland,Anaesthesiology,Combined training pathways,Training Department (with HSE National Doctors Training and Planning),Ireland,Dublin (posts across Irish training hospitals),Leinster,Post-CSCST Fellowship,12 months,July,Positions commencing July 2025 closed; future rounds not stated,"CAI CSCST holder within three years of completing Specialist Anaesthesiology Training, or entered the specialist division of the MCI register within two years",No — restricted to holders of a CSCST from the College of Anaesthesiologists of Ireland,College of Anaesthesiologists of Ireland post-CSCST fellowship,Via College of Anaesthesiologists of Ireland training department (training@coa.ie),Part of 40 Aspire fellowships across specialties (anaesthesiology share not stated),SpR salary for the duration of the fellowship (HSE NDTP-funded),Not applicable (Irish CSCST holders),Irish Medical Council registration (specialist division referenced for Aspire eligibility),A 12-month HSE NDTP-funded post-CSCST programme giving exceptional Irish-trained anaesthesiologists high-quality subspecialty training and advanced clinical skills with a personal supervisor and SpR salary.,3 October 2026,https://www.anaesthesia.ie/education-training/post-cscst-fellowship-posts/
/programs/sat-7-cai-post-cscst-fellowship-college-of-anaesthesiologists-of-ireland,SAT 7 CAI Post-CSCST Fellowship,College of Anaesthesiologists of Ireland,Anaesthesiology,Combined training pathways,Training Department (with HSE National Doctors Training and Planning),Ireland,Dublin (posts across Irish training hospitals),Leinster,Post-CSCST Fellowship,12 months (July to July),July,Positions commencing July 2025 closed; future rounds not stated,CAI CSCST holder who completed the CAI SAT programme in January or July of the year the fellowship starts,No — restricted to holders of a CSCST from the College of Anaesthesiologists of Ireland,College of Anaesthesiologists of Ireland post-CSCST fellowship,Competitive allocation via College of Anaesthesiologists of Ireland training department (training@coa.ie),Not stated on official page,SpR salary for the duration of the fellowship (HSE NDTP-funded),Not applicable (Irish CSCST holders),Irish Medical Council registration (specialist division referenced for Aspire eligibility),"An optional, competitively allocated seventh year of Specialist Anaesthesiology Training in a subspecialty, leading to a CAI Certificate of Fellowship in addition to the CSCST.",3 October 2026,https://www.anaesthesia.ie/education-training/post-cscst-fellowship-posts/
/programs/locoregional-regional-anaesthesia-fellowship-university-hospitals-leuven-uz-leuven,Locoregional (Regional) Anaesthesia Fellowship,University Hospitals Leuven (UZ Leuven),Anaesthesiology,Regional anaesthesia & acute pain,Department of Anaesthesiology,Belgium,Leuven,Flemish Brabant,Clinical Fellowship,"Minimum 6 months, maximum 1 year (longer terms exceptionally negotiable)",Not stated on official page,"Apply 3 years before desired start, by 31 May (e.g. for 2029 start apply by 31 May 2026)","English proficiency minimum B2; official CEFR C1 proof in Dutch, French or German required for the visa to practise medicine in Belgium","Yes — EU and non-EU applicants (C1 language level in Dutch, French or German required)",Not stated on official page,"Email CV, motivation letter (with desired start date and duration), two recommendation letters and English proof (B2) to the department contacts by 31 May; applications discussed in June",Not stated on official page,Not stated on official page,For non-EU applicants UZ Leuven assists with the visa to practise medicine in Belgium; fellow then applies for a student visa at the Belgian embassy,Visa to practise medicine in Belgium and registration with the Order of Physicians (Orde der Artsen); EU applicants also need recognition of medical degree(s),"UZ Leuven anaesthesia fellowship in locoregional anaesthesia for international doctors, with applications reviewed annually in June.",3 October 2026,https://www.uzleuven.be/nl/anaesthesia-department-observership-active-internship-fellowship
/programs/obstetric-anaesthesia-fellowship-university-hospitals-leuven-uz-leuven,Obstetric Anaesthesia Fellowship,University Hospitals Leuven (UZ Leuven),Anaesthesiology,Obstetric anaesthesia,Department of Anaesthesiology,Belgium,Leuven,Flemish Brabant,Clinical Fellowship,"Minimum 6 months, maximum 1 year (longer terms exceptionally negotiable)",Not stated on official page,"Apply 2 years before desired start, by 31 May","English proficiency minimum B2; official CEFR C1 proof in Dutch, French or German required for the visa to practise medicine in Belgium","Yes — EU and non-EU applicants (C1 language level in Dutch, French or German required)",Not stated on official page,"Email CV, motivation letter (with desired start date and duration), two recommendation letters and English proof (B2) to the department contacts by 31 May; applications discussed in June",Not stated on official page,Not stated on official page,For non-EU applicants UZ Leuven assists with the visa to practise medicine in Belgium; fellow then applies for a student visa at the Belgian embassy,Visa to practise medicine in Belgium and registration with the Order of Physicians (Orde der Artsen); EU applicants also need recognition of medical degree(s),UZ Leuven fellowship in obstetric anaesthesia (optionally combined with general anaesthesia) for international doctors.,3 October 2026,https://www.uzleuven.be/nl/anaesthesia-department-observership-active-internship-fellowship
/programs/paediatric-anaesthesia-and-intensive-care-fellowship-university-hospitals-leuven-uz-leuven,Paediatric Anaesthesia and Intensive Care Fellowship,University Hospitals Leuven (UZ Leuven),Anaesthesiology,Paediatric anaesthesia,Department of Anaesthesiology,Belgium,Leuven,Flemish Brabant,Clinical Fellowship,1 year,Not stated on official page,Not stated on official page,"English proficiency minimum B2; official CEFR C1 proof in Dutch, French or German required for the visa to practise medicine in Belgium",No — available only to Belgian and Dutch trainees,Not stated on official page,Contact Dr Julie Lauweryns (julie.lauweryns@uzleuven.be),Not stated on official page,Not stated on official page,Not applicable,Visa to practise medicine in Belgium and registration with the Order of Physicians (Orde der Artsen); EU applicants also need recognition of medical degree(s),A one-year fellowship combining paediatric anaesthesia at UZ Leuven with intensive care exposure in partnership with a training hospital in Nijmegen.,3 October 2026,https://www.uzleuven.be/nl/anaesthesia-department-observership-active-internship-fellowship
/programs/esra-regional-anaesthesia-training-rotation-balgrist-university-hospital,ESRA Regional Anaesthesia Training Rotation,Balgrist University Hospital,Anaesthesiology,Regional anaesthesia & acute pain,Department of Anesthesiology,Switzerland,Zurich,Canton of Zurich,Clinical Training Rotation,3 months,Not stated on official page,Not stated on official page,Not stated on official page,Yes — prospective anaesthetists from other countries,Balgrist is one of two Swiss centres recognised by ESRA as a specialty training centre for regional anaesthesia,Not stated on official page,Not stated on official page,Educational grant from the European Society of Regional Anaesthesia and Pain Therapy (ESRA),Not stated on official page,Not stated on official page,Prospective anaesthetists from other countries can complete a three-month rotation in central and ultrasound-guided peripheral regional anaesthesia for orthopaedic surgery with an ESRA educational grant.,3 October 2026,https://www.balgrist.ch/en/research-education-1/research-units/research-anaesthesia/
/programs/paediatric-anaesthesiology-fellowship-fellowship-kinderan-sthesiologie-university-hospital-t-bingen-ukt,Paediatric Anaesthesiology Fellowship (Fellowship Kinderanästhesiologie),University Hospital Tübingen (UKT),Anaesthesiology,Paediatric anaesthesia,Universitätsklinik für Anästhesiologie und Intensivmedizin,Germany,Tübingen,Baden-Württemberg,Clinical Fellowship,Minimum 12 months full-time equivalent (up to 3 months paediatric/neonatal ICU may be credited),Not stated on official page,Not stated on official page,"Specialist (Facharzt/Fachärztin) in anaesthesiology with further interest in paediatric anaesthesia, paediatric emergency and intensive care medicine",Not stated on official page,Structured competency-based programme following the 'Arbeitsgemeinschaft Fellowship Kinderanästhesiologie' curriculum; certificate after final oral assessment with two fellowship directors,Not stated on official page,2 per year,Not stated on official page,Not stated on official page,Not stated on official page,"A structured, competency-based paediatric anaesthesia fellowship of at least 12 months covering premature infants, complex malformations, congenital heart disease, regional techniques and transplant/bypass surgery, ending in a UKT certificate.",3 October 2026,https://www.medizin.uni-tuebingen.de/files/view/85ERDQ0kdlVxj1ZynYLjqmzM/Fellowship-Kinderan%C3%A4sthesiologie-Flyer.pdf
/programs/paediatric-anaesthesiology-fellowship-fellowship-kinderan-sthesiologie-university-hospital-cologne-uniklinik-k-ln,Paediatric Anaesthesiology Fellowship (Fellowship Kinderanästhesiologie),University Hospital Cologne (Uniklinik Köln),Anaesthesiology,Paediatric anaesthesia,Klinik für Anästhesiologie und Operative Intensivmedizin,Germany,Cologne,North Rhine-Westphalia,Clinical Fellowship,Minimum 12 months full-time equivalent (up to 3 months paediatric/neonatal ICU may be credited),Not stated on official page,Not stated on official page,Not stated on official page,Not stated on official page,Structured competency-based programme following the 'Arbeitsgemeinschaft Fellowship Kinderanästhesiologie' curriculum; certificate after final oral assessment with two fellowship directors,Not stated on official page,Not stated on official page,Not stated on official page,Not stated on official page,Not stated on official page,"A competency-based paediatric anaesthesia fellowship using entrustable professional activities under close supervision, following the national Fellowship Kinderanästhesiologie curriculum.",3 October 2026,https://webstatic.uk-koeln.de/im/dwn/pboxx-pixelboxx-175000/praeambel-fellowship-2024-uniklinik-koeln.pdf
/programs/paediatric-anaesthesiology-fellowship-fellowship-kinderan-sthesiologie-hannover-medical-school-mhh,Paediatric Anaesthesiology Fellowship (Fellowship Kinderanästhesiologie),Hannover Medical School (MHH),Anaesthesiology,Paediatric anaesthesia,Klinik für Anästhesiologie und Intensivmedizin,Germany,Hanover,Lower Saxony,Clinical Fellowship,Not stated on official page,Not stated on official page,Not stated on official page,Not stated on official page,Not stated on official page,Structured competency-based programme following the 'Arbeitsgemeinschaft Fellowship Kinderanästhesiologie' curriculum; certificate after final oral assessment with two fellowship directors,Not stated on official page,Not stated on official page,Not stated on official page,Not stated on official page,Not stated on official page,"A structured paediatric anaesthesiology fellowship programme aimed at defined exit competencies, following the national Fellowship Kinderanästhesiologie curriculum.",3 October 2026,https://mhh.de/fileadmin/mhh/anaesthesiologie-intensivmedizin/downloads/Pr%C3%A4ambel_Fellowship_MHH.pdf
/programs/paediatric-anaesthesiology-fellowship-fellowship-kinderan-sthesiologie-university-hospital-bonn-ukb,Paediatric Anaesthesiology Fellowship (Fellowship Kinderanästhesiologie),University Hospital Bonn (UKB),Anaesthesiology,Paediatric anaesthesia,Klinik für Anästhesiologie und Operative Intensivmedizin,Germany,Bonn,North Rhine-Westphalia,Clinical Fellowship,Not stated on official page,Not stated on official page,Not stated on official page,Not stated on official page,Not stated on official page,Structured competency-based programme following the 'Arbeitsgemeinschaft Fellowship Kinderanästhesiologie' curriculum; certificate after final oral assessment with two fellowship directors,Not stated on official page,Not stated on official page,Not stated on official page,Not stated on official page,Not stated on official page,"A structured paediatric anaesthesiology fellowship programme aimed at defined exit competencies, following the national Fellowship Kinderanästhesiologie curriculum.",3 October 2026,https://www.ukbonn.de/site/assets/files/51564/praambel_fellowship_final_25_11_24.pdf
/programs/stanford-anesthesia-acupuncture-ace,Anesthesia Acupuncture Advanced Clinical Experience,Stanford Medicine,Anaesthesiology,Integrative medicine / acupuncture,"Department of Anesthesiology, Perioperative and Pain Medicine",United States,Palo Alto,California,Advanced Clinical Experience,One year,Not stated on official page,Not stated on official page,Not stated on official page,Not stated on official page,Not ACGME-accredited; Advanced Clinical Experience (ACE) — participants are appointed as Instructors and the position is not classified as a fellowship or postdoctoral training appointment,Not stated on official page,Not stated on official page,Not stated on official page,Not stated on official page,Not stated on official page,"A one-year advanced experience providing clinical and research experience in medical acupuncture, with the option to specialise in adult or pediatric acupuncture, completion of medical acupuncture certification and clinical research training.",3 October 2026,https://med.stanford.edu/anesthesia/education/advanced-clinical-experiences/anes_acupuncture.html | https://med.stanford.edu/anesthesia/education/fellowships/postdoc-fellows1.html
/programs/stanford-advanced-training-medical-education-ace,Advanced Training in Medical Education,Stanford Medicine,Anaesthesiology,Simulation & medical education,"Department of Anesthesiology, Perioperative and Pain Medicine",United States,Palo Alto,California,Advanced Clinical Experience,Not stated on official page,Not stated on official page,Not stated on official page,Early or mid-career physicians seeking a career in medical education,Not stated on official page,Not ACGME-accredited; Advanced Clinical Experience (ACE) — participants are appointed as Instructors and the position is not classified as a fellowship or postdoctoral training appointment,Not stated on official page,Not stated on official page,Not stated on official page,Not stated on official page,Not stated on official page,"An advanced training opportunity for early or mid-career physicians to develop as medical education leaders through a keystone medical education project, 12 hours per week of clinical work in the Stanford operating rooms, and access to Stanford teaching and simulation programmes.",3 October 2026,https://med.stanford.edu/anesthesia/education/advanced-clinical-experiences/medical-education.html | https://med.stanford.edu/anesthesia/education/fellowships/postdoc-fellows1.html
/programs/stanford-liver-transplant-anesthesiology-ace,Advanced Clinical Experience in Liver Transplant Anesthesiology,Stanford Medicine,Anaesthesiology,Liver transplant anaesthesia,"Department of Anesthesiology, Perioperative and Pain Medicine",United States,Palo Alto,California,Advanced Clinical Experience,Not stated on official page,July or August (flexible case by case),Rolling; applications accepted starting one year prior to projected start date,Completed residency training in Anesthesiology and at minimum board eligible,Not stated on official page,Not ACGME-accredited; Advanced Clinical Experience (ACE),"Contact the Program Director (George Zhou, MD) by email",One position each year,Not stated on official page,Not stated on official page,Must be able to obtain a California medical license,"Advanced training in adult liver transplant anesthesiology covering liver transplant recipients, living liver donors, major hepatic resection and complex open vascular surgery, with integration into Stanford's multidisciplinary transplant team (about 160 adult liver transplants per year).",3 October 2026,https://med.stanford.edu/anesthesia/education/advanced-clinical-experiences/adult-liver-transplant.html
/programs/stanford-obstetric-anesthesiology-maternal-health-research-ace,Obstetric Anesthesiology and Maternal Health Research Advanced Clinical Experience,Stanford Medicine,Anaesthesiology,Obstetric anaesthesia,"Department of Anesthesiology, Perioperative and Pain Medicine — Division of Obstetric Anesthesiology and Maternal Health",United States,Palo Alto,California,Advanced Clinical Experience (research-focused),One year (extendable to two years),Not stated on official page,Not stated on official page,Applicants must have a strong commitment to research or other endeavours within Obstetric Anesthesiology and Maternal Health,Not stated on official page,Not ACGME-accredited; Advanced Clinical Experience (ACE),Email CV and a brief letter of interest to Dr. Brendan Carvalho,1–2 per year,Minimum two clinical days per week in the operating room; opportunity for extra clinical work for additional remuneration,Not stated on official page,Not stated on official page,"A one-year (extendable to two-year) research-focused ACE in the Division of Obstetric Anesthesiology and Maternal Health, with mentored research and scholarship tailored to the trainee alongside a minimum of two operating-room days per week.",3 October 2026,https://med.stanford.edu/anesthesia/education/advanced-clinical-experiences/obstetric-anesthesiology-and-maternal-health-research.html
/programs/stanford-pediatric-regional-anesthesia-ace,Advanced Clinical Experience in Pediatric Regional Anesthesia,Stanford Medicine,Anaesthesiology,Regional anaesthesia & acute pain,"Department of Anesthesiology, Perioperative and Pain Medicine — Pediatric Anesthesia",United States,Palo Alto,California,Advanced Clinical Experience,Not stated on official page,August 1,Applications accepted through March 31 for August 1 start,Must be American Board of Anesthesiology certified or eligible to practice pediatric anesthesiology in the United States,Not stated on official page,Not ACGME-accredited; Advanced Clinical Experience (ACE),"Application form, CV, personal statement, 3 letters of recommendation, medical school diploma and residency completion documents sent to the Program Administrator",Not stated on official page,50% Clinical Instructor (attending pediatric anesthesiologist) / 50% Clinical Scholar position,Not stated on official page,Not stated on official page,An advanced clinical experience in pediatric regional anesthesia combining a 50% attending pediatric anesthesiologist role with 50% scholar time focused on regional techniques in children and an academic project.,3 October 2026,https://med.stanford.edu/anesthesia/education/advanced-clinical-experiences/pediatric-regional.html
/programs/stanford-regional-anesthesia-practice-management-research-ace,"Regional Anesthesia Practice, Management, and Research Advanced Clinical Experience",Stanford Medicine,Anaesthesiology,Regional anaesthesia & acute pain,"Department of Anesthesiology, Perioperative and Pain Medicine — Division of Regional Anesthesia",United States,Palo Alto,California,Advanced Clinical Experience,12–24 months,Not stated on official page,Not stated on official page,Completed an ACGME-accredited (or equivalent) anesthesiology residency with a solid foundation in regional anesthesia,Not stated on official page,Not ACGME-accredited; Advanced Clinical Experience (ACE),"Completed application form, CV, three letters of recommendation, personal statement, medical school diploma and proof of medical licensure",1–2 per year,Not stated on official page,Not stated on official page,Proof of medical licensure required with application,"An ACE for anesthesiologists seeking scholarship and management skills to build, direct and innovate regional anesthesia programmes, with an individualised curriculum in practice management, leadership, teaching and research.",3 October 2026,https://med.stanford.edu/anesthesia/education/advanced-clinical-experiences/regional-practice-research.html
/programs/stanford-t32-research-in-anesthesia-training-program,T32 Research Fellowship — Research in Anesthesia Training Program (ReAP),Stanford Medicine,Anaesthesiology,Clinical research,"Department of Anesthesiology, Perioperative and Pain Medicine",United States,Palo Alto,California,Research Fellowship,Two-year training experiences anticipated for most candidates,Not stated on official page,Not stated on official page,"MD/PhD, MD, PhD or comparable doctoral degree; must be a US citizen, non-citizen national or lawful permanent resident",Individuals on temporary or student visas are not eligible,NIH-funded T32 training grant,Not stated on official page,"Four trainees in total, two appointed per year",NIH T32 funded,Not eligible on temporary visas; post-residency fellowship programme does not sponsor H1B visas and J1 applicants are not eligible,Post-residency clinical trainees must have a California Medical License before beginning,"An NIH-funded T32 programme that trains future leaders in academic anesthesia through mentored research in neuroscience/pain, injury/inflammation/immunity, and outcomes research/bioinformatics.",3 October 2026,https://med.stanford.edu/anesthesia/research/training-grants/NIGMS-T32.html
/programs/ucsf-pediatric-cardiac-anesthesia-clinical-instructor,Pediatric Cardiac Anesthesia Clinical Instructor Program,UCSF Health,Anaesthesiology,Paediatric cardiac anaesthesia,Department of Anesthesia and Perioperative Care,United States,San Francisco,California,Clinical Instructor Program (advanced clinical training),One year,Not stated on official page,Rolling until a candidate has been selected,Completed anesthesiology training plus advanced fellowship training in pediatric anesthesiology or adult cardiac anesthesiology,International applicants should have similar training in their respective countries,Not ACGME-accredited (clinical instructor appointment),"Send letter of interest, CV and three letters of recommendation to Dr. Anshuman Sharma by email",One per year,Appointed as clinical instructor with faculty-based benefits (including accrual of 2 vacation days per month),Not stated on official page,Not stated on official page,"A one-year clinical instructor year focused on perioperative anesthetic care of pediatric patients with complex congenital heart defects in cardiac operating rooms, catheterisation and electrophysiology labs, with academic days and a month in the pediatric cardiac ICU.",3 October 2026,https://anesthesia.ucsf.edu/opportunities/pediatric-cardiac-anesthesia-clinical-instructor-program
/programs/ucsf-trauma-acute-care-surgery-anesthesia-clinical-instructor,Trauma and Acute Care Surgery Anesthesia Clinical Instructor Program,UCSF Health,Anaesthesiology,Trauma anaesthesia,Department of Anesthesia and Perioperative Care (Zuckerberg San Francisco General Hospital),United States,San Francisco,California,Clinical Instructor Program (advanced clinical training),12 months,Not stated on official page,Not stated on official page,Not stated on official page,Not stated on official page,Not ACGME-accredited (clinical instructor appointment),Not stated on official page,Not stated on official page,"Employed by UCSF; average of three days per week as an attending anesthesiologist; department-funded ECO 1 echo course, ATLS and conference attendance",Not stated on official page,Not stated on official page,"A 12-month UCSF/ZSFG programme preparing anesthesiologists to lead in trauma and acute care anesthesia, combining attending work with supervised trauma call, research or QI projects, POCUS/echo training and teaching.",3 October 2026,https://anesthesia.ucsf.edu/opportunities/trauma-and-acute-care-surgery-anesthesia-clinical-instructor-program | https://anesthesia.ucsf.edu/education/fellowships
/programs/ucsf-perioperative-quality-patient-safety-fellowship,Perioperative Quality and Patient Safety Fellowship,UCSF Health,Anaesthesiology,Quality improvement & patient safety,Department of Anesthesia and Perioperative Care,United States,San Francisco,California,Non-ACGME Fellowship (Clinical Instructor),Not stated on official page,Negotiable,Rolling until a candidate has been accepted,Graduate of an ACGME anesthesia residency; must be board eligible or certified,Not stated on official page,Not ACGME-accredited,"Email CV, 1-page description of interests/goals and 3 letters of recommendation to Dr. Linda Liu",Not stated on official page,Clinical instructor work 2 days/week with 50% call commitment in the general ORs provides salary support,Not stated on official page,Not stated on official page,A tailored fellowship in perioperative quality improvement and patient safety in which the fellow helps lead departmental QI meetings and M&M conferences and leads department-wide quality initiatives.,3 October 2026,https://anesthesia.ucsf.edu/opportunities/perioperative-quality-and-patient-safety-fellowship
/programs/ucla-perioperative-informatics-fellowship,Perioperative Informatics Fellowship,UCLA Health,Anaesthesiology,Perioperative informatics,Department of Anesthesiology & Perioperative Medicine — Division of Perioperative Medicine (Bioinformatics),United States,Los Angeles,California,Non-ACGME Fellowship,One year,Not stated on official page,Not stated on official page,"At least basic familiarity with relational databases and computer programming, including a working knowledge of SQL and ideally at least one other software language",Not stated on official page,Non-ACGME accredited,Contact anesfellowships@mednet.ucla.edu,Not stated on official page,Not stated on official page,Not stated on official page,Not stated on official page,A one-year non-ACGME accredited fellowship in perioperative informatics offered by UCLA's Department of Anesthesiology & Perioperative Medicine.,3 October 2026,https://www.uclahealth.org/departments/anes/perioperative-medicine/bioinformatics/education | https://www.uclahealth.org/departments/anes/education/fellowship-programs
/programs/washington-pediatric-pain-medicine-fellowship,Pediatric Pain Medicine Fellowship,University of Washington,Anaesthesiology,Chronic pain medicine,Department of Anesthesiology & Pain Medicine (Seattle Children's Hospital),United States,Seattle,Washington,Clinical Fellowship,One year,Not stated on official page,Not stated on official page,"Completion of an ACGME-, RCPSC- or CFPC-accredited residency; open to fellowship-trained pediatric anesthesiologists, pediatricians, pediatric neurologists, family practice physicians and child psychiatrists",Foreign national physicians who meet eligibility requirements are accepted (J-1 via ECFMG),ACGME-accredited (Pain Medicine – Pediatric track),"ERAS; NRMP December match cycle (Pain Medicine – Pediatric, 1918530F2)",One position,Stipend per UW GME schedule; academic allowance subject to available funding,J-1 (ECFMG) accepted; H-1B generally not sponsored unless the fellow is otherwise ineligible for J-1,Must be eligible for a Washington State provider license,"A one-year ACGME-accredited pediatric pain medicine fellowship based in the interdisciplinary pain team at Seattle Children's Hospital, covering acute, recurrent, chronic and cancer pain in infants, children and adolescents and leading to pain medicine sub-board eligibility.",3 October 2026,https://anesthesiology.uw.edu/education/fellowship-program/pediatric-pain-medicine-fellowship/
/programs/duke-global-health-anesthesiology-fellowship,Global Health Anesthesiology Fellowship,Duke University,Anaesthesiology,Global health equity,Department of Anesthesiology with the Hubert-Yeargan Center for Global Health,United States,Durham,North Carolina,Non-ACGME Fellowship,Not stated on official page,July,Applications accepted each fall for the following July start,Internal and external candidates are encouraged to apply during their PGY3/4 year,Not stated on official page,Not stated on official page,Contact Dr. Nathan Thielman by email,Not stated on official page,Not stated on official page,Not stated on official page,Not stated on official page,"The Anesthesia Global Health Fellowship offers physicians in post-graduate training the opportunity to address health disparities in resource-poor settings and acquire clinical and research skills relevant to careers in global health, with tracks tailored to each fellow.",3 October 2026,https://hyc.globalhealth.duke.edu/programs/global-health-pathway/subspecialties/anesthesiology/ | https://anesthesiology.duke.edu/education/fellowships
/programs/michigan-adult-cardiothoracic-anesthesiology-fellowship,Adult Cardiothoracic Anesthesiology (ACTA) Fellowship,University of Michigan,Anaesthesiology,Adult cardiothoracic anaesthesia,"Department of Anesthesiology, University of Michigan Medical School",United States,Ann Arbor,Michigan,Clinical Fellowship,One year (12 months of clinical rotations),Not stated on official page,Not stated on official page,Satisfactory or anticipated completion of an ACGME anesthesiology residency in the U.S.; certification or anticipated eligibility for the American Board of Anesthesiology exam,Not stated on official page,ACGME-accredited,SF Match Central Application Service,Not stated on official page,Salary commensurate with a House Officer at an equivalent level of training (HOA contract),Not stated on official page,Not stated on official page,"A one-year ACGME-accredited fellowship providing advanced training in the preoperative, intraoperative and postoperative care of adults undergoing cardiac, thoracic and intrathoracic vascular surgery, with comprehensive advanced perioperative TEE training at the Frankel Cardiovascular Center.",3 October 2026,https://medschool.umich.edu/departments/anesthesiology/education/fellowships/cardiothoracic
/programs/michigan-pediatric-anesthesiology-fellowship,Pediatric Anesthesiology Fellowship,University of Michigan,Anaesthesiology,Paediatric anaesthesia,"Department of Anesthesiology, University of Michigan Medical School (C.S. Mott Children's Hospital)",United States,Ann Arbor,Michigan,Clinical Fellowship,One year,Not stated on official page,Not stated on official page,Not stated on official page,Not stated on official page,ACGME-accredited,SF Match Central Application Service; virtual interviews March–May,Eight positions yearly (fellowship page; the fellowships index lists nine),Salary commensurate with a House Officer at an equivalent level of training (HOA contract),Not stated on official page,Not stated on official page,"A one-year ACGME-accredited fellowship at C.S. Mott Children's Hospital offering experience in complex congenital heart disease, neonates and premature neonates, fetal surgery and transplant, plus an awake infant spinal anesthesia programme.",3 October 2026,https://medschool.umich.edu/departments/anesthesiology/education/fellowships/pediatric-anesthesiology | https://medschool.umich.edu/departments/anesthesiology/education/fellowships
/programs/michigan-orthopedic-anesthesia-fellowship,Orthopedic Anesthesia Fellowship,University of Michigan,Anaesthesiology,Orthopaedic anaesthesia,Department of Anesthesiology — Division of Orthopedic Anesthesia,United States,Ann Arbor,Michigan,Non-ACGME Fellowship,Not stated on official page,Not stated on official page,Not stated on official page,Not stated on official page,Not stated on official page,Non-ACGME approved; fellow holds a clinical appointment as faculty lecturer,"Complete and return the department application form; selected candidates interview with the chair, programme director and division members",Not stated on official page,Faculty lecturer appointment with 30% faculty time (including general call pool),Not stated on official page,Not stated on official page,"A fellowship giving in-depth training across the full scope of orthopedic surgery (total joints, trauma, sports, oncology and spine), including regional anesthesia, perioperative pathways, value analysis and operating-room improvement projects.",3 October 2026,https://medschool.umich.edu/departments/anesthesiology/education/fellowships/orthopedic-anesthesia
/programs/cleveland-adult-cardiothoracic-anesthesiology,Adult Cardiothoracic Anesthesiology Fellowship,Cleveland Clinic,Anaesthesiology,Adult cardiothoracic anaesthesia,Anesthesiology Institute — Department of Cardiothoracic Anesthesiology,United States,Cleveland,Ohio,Clinical Fellowship,12 months,August 1 (July 1 if required by military service or for J-1 visa holders),Not stated on official page,"Completed ACGME-, RCPSC- or CFPC-accredited anesthesiology residency; USMLE Steps 1, 2 and 3; ECFMG certificate if applicable",ECFMG certificate required if applicable; J-1 visa holders referenced,ACGME-accredited,SF Match,18 fellows per year,Not stated on official page,J-1 referenced (start date accommodation); other visa types not stated,Must be eligible for a temporary unrestrictive Ohio medical license,"Established in 1976, Cleveland Clinic's ACGME-accredited adult cardiothoracic anesthesiology fellowship is the largest in the U.S., offering a high volume of complex, high-acuity cardiac, thoracic and vascular cases.",3 October 2026,https://my.clevelandclinic.org/departments/anesthesiology/medical-professionals/fellowships/adult-cardiothoracic
/programs/cleveland-cardiothoracic-critical-care-anesthesiology,Cardiothoracic Critical Care Anesthesiology Fellowship,Cleveland Clinic,Anaesthesiology,Critical care anaesthesia,Anesthesiology Institute — Department of Intensive Care and Resuscitation,United States,Cleveland,Ohio,Advanced Clinical Fellowship (non-ACGME),52 weeks (13 four-week modules),Not stated on official page,Not stated on official page,"Minimum five years of postgraduate training and completion of a fellowship in Critical Care Medicine, Critical Care Anesthesiology, Critical Care Anesthesiology/Emergency Medicine, Adult Cardiothoracic Anesthesiology, Cardiovascular Disease or Pulmonary Diseases/Critical Care",Not stated on official page,Not stated on official page,Email completed application materials to CTICfellowship@ccf.org,Up to ten clinical fellows per year,Not stated on official page,Not stated on official page,Must be eligible for a temporary unrestrictive Ohio medical license,"A newly developed advanced fellowship in Cleveland Clinic's 95-bed CVICU providing training in cardiac, vascular and thoracic critical care, mechanical circulatory support and heart and lung transplant critical care.",3 October 2026,https://my.clevelandclinic.org/departments/anesthesiology/medical-professionals/fellowships/cardiothoracic-critical-care-anesthesiology
/programs/cleveland-pediatric-anesthesiology-fellowship,Pediatric Anesthesia Fellowship,Cleveland Clinic,Anaesthesiology,Paediatric anaesthesia,Department of Pediatric Anesthesiology (Children's Institute),United States,Cleveland,Ohio,Clinical Fellowship,One year (13 four-week modules),Flexible; most begin July 1 or August 1,May 31,Not stated on official page,ECFMG certificate required if applicable,ACGME-accredited,SF Match,Three positions each year,Not stated on official page,Not stated on official page,Not stated on official page,"Established in 1999, this ACGME pediatric anesthesiology fellowship offers high-volume experience including congenital cardiac anesthesia, pediatric transplant, fetal surgery and pediatric pain across about 9,000 cases a year.",3 October 2026,https://my.clevelandclinic.org/departments/anesthesiology/medical-professionals/fellowships/pediatric
/programs/columbia-pain-medicine-fellowship,Pain Medicine Fellowship,Columbia University Irving Medical Center,Anaesthesiology,Chronic pain medicine,Department of Anesthesiology (NewYork-Presbyterian/Columbia),United States,New York,New York,Clinical Fellowship,12 months,July 1,Not stated on official page,"Completed (or expected to complete) an ACGME-accredited residency in specialties including Anesthesiology, Neurology, Physical Medicine & Rehabilitation and Emergency Medicine",Not stated on official page,ACGME-accredited (fully accredited),ERAS; NRMP match,Three fellows per academic year,Not stated on official page,Not stated on official page,Not stated on official page,"A 12-month ACGME-accredited pain medicine fellowship at NewYork-Presbyterian/Columbia training fellows in evidence-based, multidisciplinary pain care.",3 October 2026,https://www.anesthesiology.cuimc.columbia.edu/pain-medicine-fellowship
/programs/columbia-regional-anesthesiology-acute-pain-medicine-fellowship,Regional Anesthesiology and Acute Pain Medicine Fellowship,Columbia University Irving Medical Center,Anaesthesiology,Regional anaesthesia & acute pain,Department of Anesthesiology — Division of Regional and Orthopedic Anesthesia,United States,New York,New York,Clinical Fellowship,12 months,July or August 1,Not stated on official page,Not stated on official page,Not stated on official page,ACGME-accredited,SF Match (for positions beginning 2027),2–3,Not stated on official page,Not stated on official page,Not stated on official page,"Trains physicians to lead and consult in regional anesthesiology, with ultrasound-guided nerve blocks and catheters, acute pain team management and high-volume ambulatory practice, plus chronic pain, pediatric regional and POCUS rotations.",3 October 2026,https://www.anesthesiology.cuimc.columbia.edu/regional-fellowship
/programs/columbia-pediatric-cardiothoracic-anesthesiology-fellowship,Pediatric Cardiothoracic Anesthesiology Fellowship,Columbia University Irving Medical Center,Anaesthesiology,Paediatric cardiac anaesthesia,Department of Anesthesiology — Division of Pediatric Cardiothoracic Anesthesiology (Morgan Stanley Children's Hospital),United States,New York,New York,Clinical Fellowship,12 months (flexible),July/August (flexible),Not stated on official page,Completed ACGME-accredited anesthesiology residency AND a pediatric anesthesiology fellowship or adult cardiothoracic anesthesiology fellowship (the latter with at least one month of pediatric anesthesiology),Not stated on official page,ACGME accreditation anticipated 2026 (per fellowship page),"Email the Fellowship Director, Anthony Habib, MD",1,Not stated on official page,Not stated on official page,Not stated on official page,"A fellowship to develop academic leaders in pediatric cardiothoracic anesthesiology through interdisciplinary perioperative care of children undergoing congenital cardiac surgery, catheterisation and electrophysiology procedures, with mentored scholarship.",3 October 2026,https://www.anesthesiology.cuimc.columbia.edu/education/fellowships/pediatric-cardiothoracic-anesthesiology-fellowship
/programs/columbia-nih-t32-research-fellowship,NIH T32 Research Fellowship,Columbia University Irving Medical Center,Anaesthesiology,Clinical research,Department of Anesthesiology,United States,New York,New York,Research Fellowship,Minimum two-year commitment,Not stated on official page,Not stated on official page,Anesthesiologists who wish to become independent physician-scientists; U.S. citizenship or permanent visa status required,T32 limited to U.S. citizens or permanent residents; similar non-NIH-funded research training is offered to qualified individuals,NIH-funded T32 training grant,"Review checklist, complete application form and send materials to Program Director Charles Emala, MD",Not stated on official page,NIH T32 funded; 80% research / 20% clinical effort,Not stated on official page,Not stated on official page,An NIH-funded T32 programme providing mentored laboratory or clinical research training (80% research effort) for anesthesiologists aiming to become independent physician-scientists.,3 October 2026,https://www.anesthesiology.cuimc.columbia.edu/nih-t32-research-fellowship | https://www.anesthesiology.cuimc.columbia.edu/education/fellowships
/programs/vanderbilt-obstetric-anesthesiology-fellowship,Obstetric Anesthesiology Fellowship,Vanderbilt University Medical Center,Anaesthesiology,Obstetric anaesthesia,Department of Anesthesiology,United States,Nashville,Tennessee,Clinical Fellowship,One year,August 1 (flexible on an individual basis),May 1,Not stated on official page,Not stated on official page,ACGME-accredited,SF Match (opens January),Two annually,"Salary stipend at the Vanderbilt University School of Medicine PGY5 level plus health, life, disability insurance and retirement plans",Not stated on official page,Not stated on official page,Two ACGME-accredited one-year obstetric anesthesiology fellowship positions offering training in the comprehensive anesthetic management of pregnant women.,3 October 2026,https://www.vumc.org/anesthesiology/obstetric-anesthesiology-fellowship
/programs/vanderbilt-pain-medicine-fellowship,Pain Medicine Fellowship,Vanderbilt University Medical Center,Anaesthesiology,Chronic pain medicine,Department of Anesthesiology,United States,Nashville,Tennessee,Clinical Fellowship,12 months,Not stated on official page,Applications accepted December 1 through March 14,Not stated on official page,Not stated on official page,ACGME-accredited (since 2008),ERAS (ACGME Program ID 5304704001) with NRMP Match registration,Not stated on official page,Not stated on official page,Not stated on official page,Not stated on official page,Vanderbilt's multidisciplinary pain medicine fellowship combines extensive experience in advanced interventional techniques with rotations across multiple specialties.,3 October 2026,https://www.vumc.org/anesthesiology/pain-medicine-fellowship
/programs/vanderbilt-pediatric-anesthesiology-fellowship,Pediatric Anesthesiology Fellowship,Vanderbilt University Medical Center,Anaesthesiology,Paediatric anaesthesia,Department of Anesthesiology (Monroe Carell Jr. Children's Hospital at Vanderbilt),United States,Nashville,Tennessee,Clinical Fellowship,One year,Not stated on official page,April 16,PGY-5 level following successful completion of an ACGME-accredited anesthesiology residency,Not stated on official page,ACGME-accredited,"SF Match (Program ID 9888) with personal statement, diploma, letters, USMLE/COMLEX scores and ABA in-training exam report",Not stated on official page,Not stated on official page,Not stated on official page,Not stated on official page,"A one-year ACGME-accredited fellowship providing comprehensive subspecialty education across all domains of pediatric anesthesiology, with an advanced pediatric cardiac anesthesiology fellowship available afterwards.",3 October 2026,https://www.vumc.org/anesthesiology/pediatric-anesthesiology-fellowship
/programs/vanderbilt-t32-clinician-scientist-perioperative-science,T32 Clinician Scientist Training in Perioperative Science Fellowship,Vanderbilt University Medical Center,Anaesthesiology,Clinical research,Department of Anesthesiology,United States,Nashville,Tennessee,Research Fellowship,Two years,Not stated on official page,Not stated on official page,Not stated on official page,Not stated on official page,NIGMS-funded T32 training grant,"Mail or email cover letter, specific aims, CV/NIH biosketch, mentor CV/biosketch and Other Support, and two recommendation letters to the programme director",Two to three new trainees per year (maximum 6 participants),NIGMS T32 funded,Not stated on official page,Not stated on official page,An NIGMS T32 programme preparing basic and physician scientists to optimise perioperative care through mentored research training with protected research time.,3 October 2026,https://www.vumc.org/anesthesiology/t32-fellowship
/programs/bwh-adult-cardiothoracic-anesthesia-fellowship,BWH Adult Cardiothoracic Anesthesia Fellowship,Brigham and Women's Hospital (Mass General Brigham),Anaesthesiology,Adult cardiothoracic anaesthesia,"Department of Anesthesiology, Perioperative and Pain Medicine",United States,Boston,Massachusetts,Clinical Fellowship,12 or 18 months depending on goals; combined ACTA/CCM two-year and 18–24-month research-combined options,Not stated on official page,"Completed applications by March 4, 2026 (2027–2028 cycle)",Not stated on official page,Not stated on official page,ACGME-accredited,SF Match with three letters of recommendation,ACGME accredited for six fellows,"PGY-5 starting salary $102,466 (2026) with health, dental and disability benefits",Institution sponsors H-1B and J-1 visas,Not stated on official page,"Established in 1992, the Brigham's ACGME-accredited adult cardiothoracic anesthesia fellowship provides comprehensive perioperative training in complex cardiothoracic and structural heart care across about 4,000 cases a year (an MGB Integrated ACTA fellowship is recruiting for 2028–2029).",3 October 2026,https://research.massgeneralbrigham.org/en/education-and-training/graduate-medical-education/anesthesia/bwh-adult-cardiothoracic-anesthesia-fellowship | https://mgbanesthesiology.org/fellowships
/programs/bwh-critical-care-medicine-fellowship,BWH Critical Care Medicine Fellowship,Brigham and Women's Hospital (Mass General Brigham),Anaesthesiology,Critical care anaesthesia,"Department of Anesthesiology, Perioperative and Pain Medicine",United States,Boston,Massachusetts,Clinical Fellowship,One year,Not stated on official page,"Completed applications by February 4, 2026 (2027–2028 cycle)",Not stated on official page,Not stated on official page,ACGME-accredited (anesthesiology critical care medicine),SF Match plus documents emailed to the programme coordinator,Not stated on official page,"PGY-5 starting salary $102,466 (2026) with health, dental and disability benefits",Institution sponsors H-1B and J-1 visas,Not stated on official page,"A one-year critical care fellowship with a multidisciplinary faculty in which fellows spend at least nine months caring for ICU patients and supervising residents, with the mission of educating future leaders in critical care.",3 October 2026,https://research.massgeneralbrigham.org/en/education-and-training/graduate-medical-education/anesthesia/bwh-critical-care-medicine-fellowship
/programs/bwh-regional-anesthesiology-acute-pain-medicine-fellowship,BWH Regional Anesthesiology and Acute Pain Medicine Fellowship,Brigham and Women's Hospital (Mass General Brigham),Anaesthesiology,Regional anaesthesia & acute pain,"Department of Anesthesiology, Perioperative and Pain Medicine",United States,Boston,Massachusetts,Clinical Fellowship,12 months,Not stated on official page,"Completed applications by March 4, 2026 (2027–2028 cycle)",Not stated on official page,Not stated on official page,ACGME-accredited,SF Match with three letters of recommendation,Not stated on official page,"PGY-5 starting salary $102,466 (2026) with health, dental and disability benefits",Institution sponsors H-1B and J-1 visas,Not stated on official page,"Founded in 1985 and one of the oldest in the U.S., this 12-month ACGME fellowship offers more than 7,000 blocks a year at the main campus with formal didactics, conferences and research (an MGB Integrated regional fellowship is recruiting for 2028–2029).",3 October 2026,https://research.massgeneralbrigham.org/en/education-and-training/graduate-medical-education/anesthesia/regional-anesthesiology-and-acute-pain-medicine-fellowship
/programs/bwh-perioperative-medicine-ambulatory-anesthesia-fellowship,BWH Perioperative Medicine and Ambulatory Anesthesia Fellowship,Brigham and Women's Hospital (Mass General Brigham),Anaesthesiology,Perioperative medicine,"Department of Anesthesiology, Perioperative and Pain Medicine",United States,Boston,Massachusetts,Non-ACGME Fellowship,"12 months, full-time",Not stated on official page,Not stated on official page,Not stated on official page,Not stated on official page,Not stated on official page,"Department application form (PDF) and contact the Fellowship Director (David L. Hepner, MD)",Not stated on official page,"Fellow works as an attending anesthesiologist 0.4 FTE; PGY-5 starting salary $102,466 (2026) quoted in FAQ",Institution sponsors H-1B and J-1 visas,Not stated on official page,"A 12-month fellowship developing the clinical, organisational and managerial skills of a perioperative medicine consultant through administrative rotations, didactics, projects and research alongside 0.4 FTE attending work.",3 October 2026,https://research.massgeneralbrigham.org/en/education-and-training/graduate-medical-education/anesthesia/bwh-perioperative-medicine-and-ambulatory-anesthesia-fellowship
/programs/mgb-integrated-pain-medicine-fellowship,Mass General Brigham Integrated Pain Medicine Fellowship,Mass General Brigham,Anaesthesiology,Chronic pain medicine,"Department of Anesthesia, Perioperative and Pain Medicine (BWH and MGH)",United States,Boston,Massachusetts,Clinical Fellowship,One year,Not stated on official page,Not stated on official page,Not stated on official page,Not stated on official page,ACGME-accredited,Not stated on official page,Not stated on official page,Not stated on official page,Not stated on official page,Not stated on official page,"A one-year ACGME-accredited integrated fellowship uniting Brigham and Women's Hospital and Massachusetts General Hospital, with training across academic, community, VA Boston and Boston Children's sites in interventional, neuromodulation and minimally invasive pain therapies.",3 October 2026,https://research.massgeneralbrigham.org/en/education-and-training/graduate-medical-education/anesthesia/mass-general-brigham-integrated-pain-medicine-fellowship
/programs/mount-sinai-msh-cardiothoracic-anesthesia-fellowship,Cardiothoracic Anesthesia Fellowship at The Mount Sinai Hospital,Icahn School of Medicine at Mount Sinai,Anaesthesiology,Adult cardiothoracic anaesthesia,"Department of Anesthesiology, Perioperative and Pain Medicine",United States,New York,New York,Clinical Fellowship,One year,July,Not stated on official page,Completed an ACGME- or RCPSC-accredited anesthesiology residency (U.S. or Canada) before appointment,Not stated on official page,ACGME-accredited,SF Match Central Application Service (match runs in June for the following July),Not stated on official page,Not stated on official page,Not stated on official page,Not stated on official page,"A one-year ACGME-accredited fellowship integrating rigorous clinical care, research and a comprehensive didactic curriculum to prepare fellows for the most complex perioperative cardiothoracic challenges; sequential CT/critical care training is possible.",3 October 2026,https://icahn.mssm.edu/education/residencies-fellowships/list/cardiothoracic-anesthesia-fellowship
/programs/mount-sinai-msh-critical-care-anesthesiology-fellowship,Critical Care Anesthesiology Fellowship at The Mount Sinai Hospital,Icahn School of Medicine at Mount Sinai,Anaesthesiology,Critical care anaesthesia,"Department of Anesthesiology, Perioperative and Pain Medicine",United States,New York,New York,Clinical Fellowship,One year,Not stated on official page,Not stated on official page,"Physicians board certified, or in the process of obtaining board certification, in anesthesiology",Not stated on official page,ACGME-accredited,SF Match,Two,Not stated on official page,Not stated on official page,Not stated on official page,"Trains intensivists across dedicated surgical, cardiothoracic and neurosurgical ICUs at The Mount Sinai Hospital plus trauma at Elmhurst, with emphasis on advanced procedures, point-of-care ultrasound and echocardiography.",3 October 2026,https://icahn.mssm.edu/education/residencies-fellowships/list/msh-critical-care-anesthesiology-fellowship
/programs/mount-sinai-msh-liver-transplant-anesthesia-fellowship,Liver Transplant Anesthesia Fellowship,Icahn School of Medicine at Mount Sinai,Anaesthesiology,Liver transplant anaesthesia,"Department of Anesthesiology, Perioperative and Pain Medicine (Recanati-Miller Transplantation Institute)",United States,New York,New York,Non-ACGME Fellowship,Not stated on official page,Not stated on official page,Applications accepted every fall on a rolling basis,Not stated on official page,Not stated on official page,Not stated on official page,"Fellowship application, CV, personal statement, USMLE scores, three letters of reference and latest in-service exam results sent to the fellowship coordinator",Two positions annually,Competitive salary; includes part-time attending work and optional supplemental attending calls,Not stated on official page,Not stated on official page,"A fellowship at one of the world's most active transplant programmes training fellows in anesthesia for hepatic transplantation and major hepatic resection, rapid infusion, cell salvage, veno-venous bypass and invasive monitoring.",3 October 2026,https://icahn.mssm.edu/education/residencies-fellowships/list/msh-liver-transplant-fellowship
/programs/mount-sinai-msh-neuroanesthesia-fellowship,Neuroanesthesia Fellowship at The Mount Sinai Hospital,Icahn School of Medicine at Mount Sinai,Anaesthesiology,Neuroanaesthesia,"Department of Anesthesiology, Perioperative and Pain Medicine — Division of Neuroanesthesia",United States,New York,New York,Non-ACGME Fellowship,12 months,Not stated on official page,Not stated on official page,Not stated on official page,Not stated on official page,Not affiliated with the ACGME,"Mail application form, CV, personal statement, USMLE scores, three references and latest in-service exam results to the fellowship coordinator",One,Not stated on official page,Not stated on official page,Not stated on official page,"A 12-month neurosurgical anesthesia fellowship covering craniotomies, spine, interventional neuroradiology and functional neurosurgery, with a research experience, neuro ICU/neuromonitoring rotations and an international spinal-deformity mission.",3 October 2026,https://icahn.mssm.edu/education/residencies-fellowships/list/msh-neuroanesthesia-fellowship
/programs/mount-sinai-msh-obstetric-anesthesia-fellowship,Obstetric Anesthesia Fellowship at The Mount Sinai Hospital,Icahn School of Medicine at Mount Sinai,Anaesthesiology,Obstetric anaesthesia,"Department of Anesthesiology, Perioperative and Pain Medicine",United States,New York,New York,Clinical Fellowship,One year,Not stated on official page,Not stated on official page,Not stated on official page,Not stated on official page,ACGME-accredited,Not stated on official page,Not stated on official page,Not stated on official page,Not stated on official page,Not stated on official page,"A one-year ACGME-accredited fellowship managing more than 6,000 deliveries a year (30% high-risk), with NICU, maternal-fetal medicine and blood bank rotations and an antepartum anesthesia consult service.",3 October 2026,https://icahn.mssm.edu/education/residencies-fellowships/list/msh-obstetric-anesthesia-fellowship
/programs/mount-sinai-msh-pain-medicine-fellowship,Pain Medicine Fellowship at The Mount Sinai Hospital,Icahn School of Medicine at Mount Sinai,Anaesthesiology,Chronic pain medicine,"Department of Anesthesiology, Perioperative and Pain Medicine",United States,New York,New York,Clinical Fellowship,One year,Not stated on official page,Not stated on official page,Not stated on official page,Not stated on official page,ACGME-accredited,Not stated on official page,Eight fellows,Not stated on official page,Not stated on official page,Not stated on official page,A one-year ACGME-accredited fellowship in acute and chronic pain management with hands-on fluoroscopy- and ultrasound-guided procedural training across inpatient and outpatient sites.,3 October 2026,https://icahn.mssm.edu/education/residencies-fellowships/list/msh-pain-medicine-fellowship
/programs/mount-sinai-msh-regional-anesthesia-acute-pain-fellowship,Regional Anesthesiology and Acute Pain Medicine Fellowship at The Mount Sinai Hospital,Icahn School of Medicine at Mount Sinai,Anaesthesiology,Regional anaesthesia & acute pain,"Department of Anesthesiology, Perioperative and Pain Medicine",United States,New York,New York,Clinical Fellowship,One year,Not stated on official page,Not stated on official page,"Graduates of ACGME-, RCPSC- or CFPC-accredited residencies, or exceptionally qualified international graduates with ECFMG certification",Exceptionally qualified international graduates with ECFMG certification may be approved,ACGME-accredited,SF Match (applications from early January; virtual interviews March–May),Two per year,Not stated on official page,Not stated on official page,Not stated on official page,"A one-year ACGME-accredited fellowship providing advanced regional anesthesia training through extensive clinical work, teaching and research, including dedicated block-fellow supervision days.",3 October 2026,https://icahn.mssm.edu/education/residencies-fellowships/list/msh-regional-anesthesiology-fellowship
/programs/mount-sinai-west-morningside-regional-anesthesiology-fellowship,Regional Anesthesiology and Acute Pain Medicine Fellowship at Mount Sinai West and Mount Sinai Morningside,Icahn School of Medicine at Mount Sinai,Anaesthesiology,Regional anaesthesia & acute pain,"Department of Anesthesiology, Perioperative and Pain Medicine (Mount Sinai West / Mount Sinai Morningside)",United States,New York,New York,Clinical Fellowship,One year,"Flexible, July to September",Not stated on official page,Current trainees or graduates of ACGME-accredited anesthesiology residencies in the U.S.; must be board-eligible,Not stated on official page,ACGME-accredited (one of nine inaugural regional anesthesia programmes),SF Match Central Application Service plus supplementary materials,Two fellows annually,Not stated on official page,Not stated on official page,Must hold a New York State license or limited permit,"A one-year programme across an orthopedic-centric hospital and a Level II trauma centre, training academic and clinical leaders in regional anesthesiology with trauma, truncal, POCUS and pediatric regional rotations.",3 October 2026,https://icahn.mssm.edu/education/residencies-fellowships/list/msw-msm-regional-anesthesiology-fellowship
/programs/mount-sinai-west-morningside-pain-management-fellowship,Pain Management Fellowship at Mount Sinai Morningside and Mount Sinai West,Icahn School of Medicine at Mount Sinai,Anaesthesiology,Chronic pain medicine,"Department of Anesthesiology, Perioperative and Pain Medicine (Mount Sinai West / Mount Sinai Morningside)",United States,New York,New York,Clinical Fellowship,One year,Not stated on official page,Not stated on official page,Not stated on official page,Not stated on official page,ACGME-accredited,ERAS,Four fellows per year,Not stated on official page,Not stated on official page,Not stated on official page,"A one-year ACGME-accredited fellowship providing interventional, multimodal and multidisciplinary training in acute and chronic pain across multiple clinical sites.",3 October 2026,https://icahn.mssm.edu/education/residencies-fellowships/list/msw-msm-pain-fellowship
/programs/mount-sinai-west-obstetric-anesthesia-fellowship,Obstetric Anesthesia Fellowship at Mount Sinai West,Icahn School of Medicine at Mount Sinai,Anaesthesiology,Obstetric anaesthesia,Department of Anesthesiology (Mount Sinai West),United States,New York,New York,Clinical Fellowship,12 months,July 1 or August 1,Not stated on official page,Must be board eligible,Not stated on official page,ACGME-accredited,Contact the Fellowship Coordinator for application information,One per year,Not stated on official page,Not stated on official page,Not stated on official page,"A 12-month ACGME-accredited obstetric anesthesiology fellowship at a service with over 6,000 deliveries a year, covering healthy and high-risk parturients and non-obstetric surgery in pregnancy.",3 October 2026,https://icahn.mssm.edu/education/residencies-fellowships/list/msw-msm-obstetric-anesthesia-fellowship
/programs/johns-hopkins-cardiac-anesthesiology-interventional-echocardiography-fellowship,Cardiac Anesthesiology and Interventional Echocardiography Fellowship,Johns Hopkins Medicine,Anaesthesiology,Adult cardiothoracic anaesthesia,Department of Anesthesiology and Critical Care Medicine — Division of Cardiac Anesthesia,United States,Baltimore,Maryland,Clinical Fellowship,One year,July 1,Applications November 11 to March 1 (one year before matriculation),Successful completion of an ACGME anesthesiology residency,Not stated on official page,ACGME-accredited,Not stated on official page,6,Not stated on official page,Not stated on official page,Not stated on official page,"A one-year ACGME-accredited cardiothoracic fellowship (about 1,200–1,400 cases a year) with extensive TEE, 3D and interventional echocardiography training for structural heart procedures, heart and lung transplantation, VAD and ECMO.",3 October 2026,https://anesthesiology.hopkinsmedicine.org/accm-homepage/cardiac-anesthesia/cardiac-anesthesia-fellowship/ | https://www.hopkinsmedicine.org/fellowships/programs/adult-cardiothoracic-anesthesiology
/programs/johns-hopkins-adult-critical-care-fellowship,Adult Critical Care Fellowship (Anesthesiology Critical Care Medicine),Johns Hopkins Medicine,Anaesthesiology,Critical care anaesthesia,Department of Anesthesiology and Critical Care Medicine — Adult Critical Care Medicine Division,United States,Baltimore,Maryland,Clinical Fellowship,Not stated on official page,Not stated on official page,Not stated on official page,Not stated on official page,Not stated on official page,ACGME-accredited (ACCM Critical Care Fellowship),Not stated on official page,Not stated on official page,Not stated on official page,Not stated on official page,Not stated on official page,"The ACGME-accredited anesthesiology critical care fellowship of Johns Hopkins' Adult Critical Care Medicine Division, which staffs surgical, Weinberg and cardiac surgical ICUs at The Johns Hopkins Hospital and Bayview Medical Center.",3 October 2026,https://anesthesiology.hopkinsmedicine.org/adult-critical-care/ | https://anesthesiology.hopkinsmedicine.org/contacts/
/programs/johns-hopkins-liver-transplant-anesthesiology-fellowship,Liver Transplant Anesthesiology Fellowship,Johns Hopkins Medicine,Anaesthesiology,Liver transplant anaesthesia,Department of Anesthesiology and Critical Care Medicine,United States,Baltimore,Maryland,Advanced Specialty Training (faculty fellowship),12 months,Not stated on official page,Not stated on official page,Not stated on official page,Not stated on official page,Not stated (Advanced Specialty Training Program; fellows appointed as Assistant Professors or Instructors),Contact LiverTxAnesth@jhmi.edu,Not stated on official page,Faculty appointment (Assistant Professor or Instructor) with call obligations,Not stated on official page,Fellows practise as independently licensed physicians,"Trains academic leaders in liver transplantation and complex surgical patients through advanced perioperative management, TEE training and QI projects across about 100 liver transplants a year plus thoracic and vascular cases.",3 October 2026,https://anesthesiology.hopkinsmedicine.org/liver-transplant-fellowship/
/programs/johns-hopkins-neurosurgical-anesthesia-fellowship,Neurosurgical Anesthesia Fellowship,Johns Hopkins Medicine,Anaesthesiology,Neuroanaesthesia,Department of Anesthesiology and Critical Care Medicine — Neuroanesthesia Division,United States,Baltimore,Maryland,Academic Fellowship (hybrid faculty-fellow track),One year,Not stated on official page,Not stated on official page,Board-eligible in Anesthesiology with a history of clinical excellence and aptitude for research,Not stated on official page,Not stated on official page,Not stated on official page,Not stated on official page,Not stated on official page,Not stated on official page,Must obtain a Maryland medical license,"A one-year academic hybrid faculty-fellow track covering intracranial, neurovascular, major spine, functional neurosurgery and interventional neuroradiology, with protected research time, neuromonitoring and neurocritical care exposure.",3 October 2026,https://anesthesiology.hopkinsmedicine.org/neuroanesthesia/neurosurgical-anesthesia-fellowship/
/programs/johns-hopkins-obstetric-anesthesia-fellowship,Obstetric Anesthesia Fellowship,Johns Hopkins Medicine,Anaesthesiology,Obstetric anaesthesia,Department of Anesthesiology and Critical Care Medicine,United States,Baltimore,Maryland,Clinical Fellowship,Not stated on official page,Not stated on official page,Not stated on official page,Not stated on official page,Not stated on official page,ACGME-accredited,Not stated on official page,1–2 fellows per year,"Annual salary approximately $87,546; educational fund and SOAP attendance allowance",Not stated on official page,Not stated on official page,"Develops clinical experts in high-risk pregnancy management at a centre with about 2,500 mostly high-risk deliveries a year, including placenta accreta spectrum and fetal therapy cases, with required MFM and NICU rotations.",3 October 2026,https://anesthesiology.hopkinsmedicine.org/obstetric-anesthesia/obstetric-anesthesia-fellowship/
/programs/johns-hopkins-pain-medicine-fellowship,Pain Medicine Fellowship,Johns Hopkins Medicine,Anaesthesiology,Chronic pain medicine,Department of Anesthesiology and Critical Care Medicine — Division of Pain Medicine (with Physical Medicine & Rehabilitation),United States,Baltimore,Maryland,Clinical Fellowship,One year,Not stated on official page,Not stated on official page,Not stated on official page,Not stated on official page,ACGME-accredited (continuously since 1994),Not stated on official page,Six fellows annually,Not stated on official page,Not stated on official page,Not stated on official page,"A one-year multidisciplinary, interventional pain medicine fellowship run jointly with PM&R, with community and tertiary clinic experience and an optional partnership with the department's NIH T32 research programme.",3 October 2026,https://anesthesiology.hopkinsmedicine.org/pain-medicine-and-pain-research/pain-medicine-fellowship/
/programs/johns-hopkins-pediatric-anesthesiology-fellowship,Pediatric Anesthesiology Fellowship,Johns Hopkins Medicine,Anaesthesiology,Paediatric anaesthesia,Department of Anesthesiology and Critical Care Medicine (Bloomberg Children's Center),United States,Baltimore,Maryland,Clinical Fellowship,One year (two-year non-ACGME option with research or pediatric cardiac anesthesiology),July 1 or August 1,Not stated on official page,Completed 3 years of an ACGME-accredited anesthesiology residency and board-eligible or board-certified,Not stated on official page,ACGME-accredited (Program No. 0422321028),SF Match only; interviews March–June,6,Not stated on official page,Not stated on official page,Not stated on official page,"A one-year ACGME pediatric anesthesiology fellowship combining advanced clinical training, education and research, with a two-year non-ACGME option for independent research or pediatric cardiac anesthesiology.",3 October 2026,https://anesthesiology.hopkinsmedicine.org/pediatric-anesthesia/pediatric-anesthesia-fellowship/
/programs/johns-hopkins-regional-anesthesiology-acute-pain-medicine-fellowship,Regional Anesthesiology & Acute Pain Medicine Fellowship,Johns Hopkins Medicine,Anaesthesiology,Regional anaesthesia & acute pain,Department of Anesthesiology and Critical Care Medicine,United States,Baltimore,Maryland,Clinical Fellowship,1 year,"Flexible, July–August",Applications accepted through April 15 (SF Match registration opens in January),"ACGME-accredited anesthesiology residency, or ECFMG-certified applicants from ACGME-I/RCPSC programmes or via the Exceptionally Qualified Applicant Pathway",Accepted via ECFMG certification and the Exceptionally Qualified Applicant Pathway (GMEC approval required),ACGME-accredited,SF Match with at least 3 letters of recommendation; virtual interviews via Thalamus,5,Not stated on official page,J-1 visas accepted,Must be eligible for a Maryland medical license (or registration as an unregistered medical practitioner),"A one-year ACGME fellowship developing skills in basic to advanced regional nerve blocks and acute pain medicine across Johns Hopkins Hospital, Bayview and an ambulatory surgery centre.",3 October 2026,https://anesthesiology.hopkinsmedicine.org/regional-anesthesia-and-acute-pain-management/fellowship/
/programs/johns-hopkins-pediatric-critical-care-fellowship,Pediatric Critical Care Fellowship,Johns Hopkins Medicine,Anaesthesiology,Paediatric critical care,Department of Anesthesiology and Critical Care Medicine (Bloomberg Children's Center),United States,Baltimore,Maryland,Clinical Fellowship,Not stated on official page,Not stated on official page,Not stated on official page,Not stated on official page,Not stated on official page,Not stated on official page,Not stated on official page,Not stated on official page,Not stated on official page,Not stated on official page,Not stated on official page,"Trains pediatric intensivists to be exemplary, humanistic clinicians and future leaders in research, child advocacy, systems-based practice and medical education.",3 October 2026,https://anesthesiology.hopkinsmedicine.org/pediatric-anesthesia/pediatric-critical-care-fellowship/
/programs/boston-childrens-pediatric-anesthesiology-fellowship,Pediatric Anesthesiology Fellowship,Boston Children's Hospital,Anaesthesiology,Paediatric anaesthesia,"Department of Anesthesiology, Critical Care and Pain Medicine",United States,Boston,Massachusetts,Clinical Fellowship,"1 year (two-year option combining core year with cardiac, regional or pain sub-specialty training)",Not stated on official page,"BCH preferred application deadline April 15, 2026; page states the programme is not accepting 2026-2027 or 2027-2028 applications",Completed anesthesiology residency,Must pass USMLE Step 1 before applying; ECFMG certification in advance strongly preferred,ACGME-accredited,SF Match Central Application Service (CAS),Not stated on official page,Not stated on official page,Visa sponsorship available,Not stated on official page,"Boston Children's core one-year ACGME pediatric anesthesiology fellowship, balancing clinical care with didactic instruction and research, which can be coupled with an advanced year in cardiac, regional or pain medicine.",3 October 2026,https://gme.childrenshospital.org/training-programs/department-anesthesiology-critical-care-and-pain-medicine-residency-and
/programs/boston-childrens-pediatric-cardiac-anesthesia-fellowship,Pediatric Cardiac Anesthesia Fellowship,Boston Children's Hospital,Anaesthesiology,Paediatric cardiac anaesthesia,"Department of Anesthesiology, Critical Care and Pain Medicine",United States,Boston,Massachusetts,Advanced Clinical Fellowship,6 months to 1 year,Not stated on official page,Rolling until positions are filled,Completed pediatric anesthesia fellowship or adult cardiothoracic anesthesia fellowship,Not stated on official page,ACGME-accredited,"Email standard application form, three letters, USMLE report, CA1/CA2 in-training exam scores, ECFMG certificate (if applicable), statement of interest and CV to anesfellowship@childrens.harvard.edu",Not stated on official page,Not stated on official page,Visa sponsorship available,Not stated on official page,"An advanced ACGME-accredited fellowship of six months to one year in pediatric cardiac anesthesia, open to graduates of pediatric anesthesia or adult cardiothoracic fellowships and accepting 2026-2027 and 2027-2028 applications.",3 October 2026,https://gme.childrenshospital.org/training-programs/department-anesthesiology-critical-care-and-pain-medicine-residency-and
/programs/boston-childrens-pediatric-regional-anesthesia-fellowship,Pediatric Regional Anesthesia Fellowship,Boston Children's Hospital,Anaesthesiology,Regional anaesthesia & acute pain,"Department of Anesthesiology, Critical Care and Pain Medicine",United States,Boston,Massachusetts,Advanced Clinical Fellowship (non-ACGME),6 months to 1 year,Not stated on official page,Rolling until positions are filled,Completed pediatric anesthesia fellowship or adult regional anesthesia fellowship,Not stated on official page,Not ACGME-accredited,"Email standard application form, three letters, USMLE report, in-training exam scores, ECFMG certificate (if applicable), statement of interest and CV to anesfellowship@childrens.harvard.edu",Not stated on official page,Not stated on official page,Visa sponsorship available,Not stated on official page,An advanced non-ACGME fellowship of six months to one year in pediatric regional anesthesia for graduates of pediatric anesthesia or adult regional anesthesia fellowships.,3 October 2026,https://gme.childrenshospital.org/training-programs/department-anesthesiology-critical-care-and-pain-medicine-residency-and
/programs/boston-childrens-pediatric-pain-medicine-fellowship,Pediatric Pain Medicine Fellowship,Boston Children's Hospital,Anaesthesiology,Chronic pain medicine,"Department of Anesthesiology, Critical Care and Pain Medicine",United States,Boston,Massachusetts,Clinical Fellowship,1 year,Not stated on official page,Not stated on official page,"Completed residency in Anesthesia, Physiatry, Psychiatry or Neurology",Not stated on official page,ACGME-accredited,Not stated on official page,Not stated on official page,Not stated on official page,H-1B only,Not stated on official page,"A one-year ACGME-accredited pediatric pain medicine fellowship open to graduates of anesthesia, physiatry, psychiatry and neurology residencies (page states 2026-2027 and 2027-2028 applications are not being accepted).",3 October 2026,https://gme.childrenshospital.org/training-programs/department-anesthesiology-critical-care-and-pain-medicine-residency-and
/programs/chop-pediatric-anesthesiology-fellowship,Pediatric Anesthesiology Fellowship Program,Children's Hospital of Philadelphia,Anaesthesiology,Paediatric anaesthesia,Department of Anesthesiology and Critical Care Medicine,United States,Philadelphia,Pennsylvania,Clinical Fellowship,12 months; two 24-month tracks (Academic Pediatric Anesthesiology; Pediatric Cardiac Anesthesiology),Generally August 1 of the year following the match (variable start dates negotiable),Not stated on official page,Not stated on official page,Not stated on official page,ACGME-accredited,SF Match (Pediatric Anesthesiology Fellowship match),Up to 12 annually (including 2 each for the two 24-month tracks),Two-year track commitments receive a substantial salary enhancement,Not stated on official page,Not stated on official page,"An ACGME-accredited fellowship providing comprehensive clinical, simulation-integrated and scholarly training to become perioperative consultants and leaders in pediatric anesthesiology, with 12-month and 24-month academic or cardiac tracks.",3 October 2026,https://www.chop.edu/pediatric-fellowships/general-anesthesiology-fellowship
/programs/chop-pediatric-cardiac-anesthesia-fellowship,Pediatric Cardiac Anesthesia Fellowship Program,Children's Hospital of Philadelphia,Anaesthesiology,Paediatric cardiac anaesthesia,Department of Anesthesiology and Critical Care Medicine — Division of Cardiac Anesthesiology,United States,Philadelphia,Pennsylvania,Clinical Fellowship,One year (12 months); two-year combined pediatric + cardiac positions available,Not stated on official page,Not stated on official page,Completed 1 year of an accredited pediatric anesthesia fellowship or adult cardiothoracic fellowship; board certified or board eligible (ABA),Exceptional international candidates will be considered,ACGME-accredited (since 2022),Email requisite materials to cardiacanesthesiafellowship@chop.edu,Not stated on official page,Not stated on official page,Not stated on official page,Not stated on official page,"A 12-month ACGME-accredited fellowship giving supervised experience across the full spectrum of congenital heart surgery, catheterisation, transplantation, ECMO and fetal/intrapartum cardiac procedures with a 15-member faculty.",3 October 2026,https://www.chop.edu/pediatric-fellowships/pediatric-cardiac-anesthesia-fellowship-program
/programs/chop-pediatric-regional-anesthesiology-pain-management-fellowship,Pediatric Regional Anesthesiology and Pain Management Fellowship,Children's Hospital of Philadelphia,Anaesthesiology,Regional anaesthesia & acute pain,Department of Anesthesiology and Critical Care Medicine,United States,Philadelphia,Pennsylvania,Advanced Fellowship,Not stated on official page,Not stated on official page,Not stated on official page,Not stated on official page,Not stated on official page,Not stated on official page,Email application directly to Dr. F. Wickham Kraemer,Not stated on official page,Not stated on official page,Not stated on official page,Not stated on official page,"One of the fellowship programmes offered by CHOP's Department of Anesthesiology and Critical Care Medicine, focused on pediatric regional anesthesiology and pain management.",3 October 2026,https://www.chop.edu/pediatric-fellowships/anesthesiology-and-critical-care-medicine-fellowship | https://www.chop.edu/pediatric-fellowships/general-anesthesiology-fellowship
/programs/penn-adult-cardiothoracic-anesthesiology-fellowship,Adult Cardiothoracic Anesthesiology Fellowship,University of Pennsylvania (Penn Medicine),Anaesthesiology,Adult cardiothoracic anaesthesia,"Department of Anesthesiology and Critical Care, Perelman School of Medicine",United States,Philadelphia,Pennsylvania,Clinical Fellowship,One year (two-year combined CCM/ACTA track available),July 1,Applications accepted from January 1 to March 31 of the year before the start date,Not stated on official page,Not stated on official page,ACGME-accredited,SF Match; interviews January–May,Six ACGME-accredited positions each year,Not stated on official page,Not stated on official page,Not stated on official page,"A one-year ACGME fellowship at the Pavilion and Penn Presbyterian with about 3,000 cardiac and 1,400 thoracic cases a year, a CT-SICU month and a summer echo boot camp, plus combined CCM and research (T32) tracks.",3 October 2026,https://departments.med.upenn.edu/academic-departments/department-of-anesthesiology-and-critical-care/education-and-training/fellowship-programs/adult-cardiothoracic-anesthesiology-fellowship
/programs/penn-critical-care-medicine-fellowship,Anesthesiology Critical Care Medicine Fellowship,University of Pennsylvania (Penn Medicine),Anaesthesiology,Critical care anaesthesia,"Department of Anesthesiology and Critical Care, Perelman School of Medicine",United States,Philadelphia,Pennsylvania,Clinical Fellowship,One year (two-year combined CCM/ACTA option),Not stated on official page,Not stated on official page,Not stated on official page,Not stated on official page,ACGME-accredited,SF Match,Not stated on official page,Not stated on official page,Not stated on official page,Not stated on official page,"A one-year ACGME fellowship training independent intensivists in adult surgical critical care, with an optional cardiac and vascular critical care track (minimum six months in the HVICU) and a combined two-year CCM/cardiothoracic programme.",3 October 2026,https://departments.med.upenn.edu/academic-departments/department-of-anesthesiology-and-critical-care/education-and-training/fellowship-programs/critical-care-medicine-fellowship
/programs/penn-neuroanesthesia-fellowship,Neuroanesthesia Fellowship,University of Pennsylvania (Penn Medicine),Anaesthesiology,Neuroanaesthesia,"Department of Anesthesiology and Critical Care, Perelman School of Medicine",United States,Philadelphia,Pennsylvania,Clinical Fellowship,Can be integrated into a two-year neuro-ICU fellowship,Not stated on official page,Not stated on official page,Not stated on official page,Not stated on official page,Not stated on official page,Not stated on official page,Not stated on official page,Not stated on official page,Not stated on official page,Not stated on official page,"A neuroanesthesia fellowship with progressive teaching responsibility, protected research time (including an NIH training grant option) and neurocritical care exposure, which can be integrated into a two-year neuro-ICU fellowship.",3 October 2026,https://departments.med.upenn.edu/academic-departments/department-of-anesthesiology-and-critical-care/education-and-training/fellowship-programs/neuroanesthesia-fellowship
/programs/penn-obstetrical-anesthesia-fellowship,Obstetrical Anesthesia Fellowship,University of Pennsylvania (Penn Medicine),Anaesthesiology,Obstetric anaesthesia,"Department of Anesthesiology and Critical Care, Perelman School of Medicine (Hospital of the University of Pennsylvania)",United States,Philadelphia,Pennsylvania,Clinical Fellowship,One year (two-year combined OB/cardiothoracic or OB/critical care tracks available),Not stated on official page,Not stated on official page,From accredited anesthesia residencies with CA-3 year completed by fellowship start,Not stated on official page,Conducted in accordance with ACGME Program Requirements for Obstetric Anesthesiology,SF Match,Two one-year positions per year,"$2,000 per academic year for books, journals or approved CME expenses",Not stated on official page,Not stated on official page,"Two one-year positions at the Hospital of the University of Pennsylvania (about 4,000 deliveries a year) cultivating experts in uncomplicated and high-risk perinatal care, with combined cardio-obstetrics and maternal critical care tracks.",3 October 2026,https://departments.med.upenn.edu/academic-departments/department-of-anesthesiology-and-critical-care/education-and-training/fellowship-programs/obstetrical-anesthesia-fellowship
/programs/penn-pain-medicine-fellowship,Pain Medicine Fellowship,University of Pennsylvania (Penn Medicine),Anaesthesiology,Chronic pain medicine,"Department of Anesthesiology and Critical Care, Perelman School of Medicine",United States,Philadelphia,Pennsylvania,Clinical Fellowship,1 year,July 1,Not stated on official page,Not stated on official page,Not stated on official page,Not stated on official page,ERAS; NRMP pain match,Four,Not stated on official page,Not stated on official page,Not stated on official page,"A one-year pain medicine fellowship starting each July 1 with four positions, filled through ERAS and the NRMP pain match.",3 October 2026,https://departments.med.upenn.edu/academic-departments/department-of-anesthesiology-and-critical-care/education-and-training/fellowship-programs/pain-medicine
/programs/penn-perioperative-management-quality-safety-fellowship,"Perioperative Management, Quality and Safety Fellowship",University of Pennsylvania (Penn Medicine),Anaesthesiology,Quality improvement & patient safety,"Department of Anesthesiology and Critical Care, Perelman School of Medicine",United States,Philadelphia,Pennsylvania,Non-ACGME Fellowship,Not stated on official page,Not stated on official page,Not stated on official page,"Operating room experience mandatory; candidates from anesthesia (including CRNA), surgery, nursing and physician assistants welcome; physician candidates must have completed two years of training in an ACGME-approved programme",Not stated on official page,Not stated on official page,Not stated on official page,Not stated on official page,Not stated on official page,Not stated on official page,Not stated on official page,"A fellowship for clinicians envisioning careers in administration and management of perioperative services, with a focus on perioperative management, quality and safety.",3 October 2026,https://departments.med.upenn.edu/academic-departments/department-of-anesthesiology-and-critical-care/education-and-training/fellowship-programs/perioperative-management-quality-and-safety-fellowship
/programs/penn-regional-anesthesiology-acute-pain-medicine-fellowship,Regional Anesthesiology and Acute Pain Medicine Fellowship,University of Pennsylvania (Penn Medicine),Anaesthesiology,Regional anaesthesia & acute pain,"Department of Anesthesiology and Critical Care, Perelman School of Medicine",United States,Philadelphia,Pennsylvania,Non-ACGME Fellowship (with part-time clinical instructorship),12 months,Not stated on official page,Until position is filled,Completion of an ACGME-accredited anesthesiology residency by the start of fellowship,Not stated on official page,Currently non-ACGME accredited,SF Match (2026-2027 cycle),2,Attending salary prorated to days worked as an instructor,Not stated on official page,Not stated on official page,"A year-long fellowship across Penn Presbyterian (Level 1 trauma), HUP and an ambulatory centre performing about 5,400 blocks a year, with a dedicated acute pain service and part-time clinical instructorship.",3 October 2026,https://departments.med.upenn.edu/academic-departments/department-of-anesthesiology-and-critical-care/education-and-training/fellowship-programs/regional-anesthesiology-and-acute-pain-medicine-fellowship
/programs/penn-anesthesiology-nih-t32-postdoctoral-research-training,NIH T32 Postdoctoral Research Training Program,University of Pennsylvania (Penn Medicine),Anaesthesiology,Clinical research,"Department of Anesthesiology and Critical Care, Perelman School of Medicine",United States,Philadelphia,Pennsylvania,Research Fellowship,Not stated on official page,Not stated on official page,Not stated on official page,"Primarily physicians (MD, DO, MD PhD or equivalent) with research interest in anesthesiology, perioperative and pain medicine; exceptional PhD candidates considered; US citizenship or permanent residency required",US citizenship or permanent residency required,NIH (NIGMS) T32 training grant,Email the programme directors (Dr. Max Kelz or Dr. Roderic Eckenhoff); appointment approved by the T32 Executive Committee,Not stated on official page,NIH T32 funded,Not stated on official page,Not stated on official page,"An NIH T32 programme training anesthesiology/perioperative physician-scientists to become rigorous, independent investigators through mentored research in NIH-funded labs across Penn.",3 October 2026,https://www.med.upenn.edu/anesthesiologyT32/ | https://www.med.upenn.edu/anesthesiologyT32/apply
/programs/cincinnati-childrens-pediatric-anesthesia-fellowship,Pediatric Anesthesia Fellowship,Cincinnati Children's Hospital Medical Center,Anaesthesiology,Paediatric anaesthesia,Department of Anesthesia,United States,Cincinnati,Ohio,Clinical Fellowship,One year,Not stated on official page,Not stated on official page,Not stated on official page,Not stated on official page,ACGME-accredited,Not stated on official page,Not stated on official page,Not stated on official page,Not stated on official page,Not stated on official page,"A one-year ACGME-accredited pediatric anesthesiology fellowship in some of the busiest pediatric ORs in the U.S., covering general, cardiac, fetal, transplant, trauma, neurosurgical and craniofacial cases, PICU/CICU and acute pain, with strong mentorship and coaching.",3 October 2026,https://www.cincinnatichildrens.org/education/clinical/fellowship/anesthesia
/programs/cincinnati-childrens-advanced-pediatric-cardiac-anesthesiology-fellowship,Advanced Pediatric Cardiac Anesthesiology Fellowship,Cincinnati Children's Hospital Medical Center,Anaesthesiology,Paediatric cardiac anaesthesia,Department of Anesthesia — Division of Cardiac Anesthesia (Heart Institute),United States,Cincinnati,Ohio,Advanced Clinical Fellowship,Twelve months,July,"Rolling, prior to the start of the academic year",Board-eligible/certified in anesthesiology; must have completed a pediatric anesthesiology fellowship by the start (adult cardiac anesthesiology fellowship graduates also considered),Not stated on official page,ACGME-accredited,Email application form and supporting documents to the fellowship coordinator,Two full-time positions each year,Not stated on official page,Not stated on official page,Not stated on official page,"An ACGME-accredited advanced fellowship with 10 months in cardiac ORs, catheterisation and EP labs and cardiac imaging, one month in the CICU and a congenital-heart elective, alongside clinical or basic science research.",3 October 2026,https://www.cincinnatichildrens.org/education/clinical/fellowship/cardiac-anesthesia | https://www.cincinnatichildrens.org/education/clinical/fellowship/cardiac-anesthesia/contact-apply
/programs/cincinnati-childrens-pain-medicine-fellowship,Pain Medicine Fellowship,Cincinnati Children's Hospital Medical Center,Anaesthesiology,Chronic pain medicine,Department of Anesthesia,United States,Cincinnati,Ohio,Clinical Fellowship,One year,Not stated on official page,Not stated on official page,Not stated on official page,Not stated on official page,Graduates eligible for ABA Pain Medicine certification,Not stated on official page,Not stated on official page,Not stated on official page,Not stated on official page,Not stated on official page,"A one-year pain management fellowship combining pediatric and adult pain medicine training with emphasis on pediatric inpatient and outpatient chronic pain, leading to ABA Pain Medicine certification eligibility.",3 October 2026,https://www.cincinnatichildrens.org/education/clinical/fellowship/anesthesia/advanced
/programs/cincinnati-childrens-advanced-quality-improvement-safety-fellowship,Advanced Fellowship in Quality Improvement and Safety,Cincinnati Children's Hospital Medical Center,Anaesthesiology,Quality improvement & patient safety,Department of Anesthesia,United States,Cincinnati,Ohio,Advanced Fellowship,Six to 12 months,Not stated on official page,Not stated on official page,Not stated on official page,Not stated on official page,Not stated on official page,Not stated on official page,Not stated on official page,Not stated on official page,Not stated on official page,Not stated on official page,A six-to-twelve-month programme of formal training in quality improvement science and safety (including the Anderson Center's Intermediate Improvement Science Series) with a mentored QI project for national presentation and publication; can be combined with a clinical fellowship.,3 October 2026,https://www.cincinnatichildrens.org/education/clinical/fellowship/anesthesia/advanced
/programs/cincinnati-childrens-pediatric-neuroanesthesia-nst-fellowship,Pediatric Neuroanesthesia Fellowship (Non-Standard Training),Cincinnati Children's Hospital Medical Center,Anaesthesiology,Neuroanaesthesia,Department of Anesthesiology,United States,Cincinnati,Ohio,Non-Standard Training (NST) Fellowship,Not stated on official page,"July 1, 2027 (current cycle)","July 31, 2026 for the Summer 2027 position",Fully trained anesthesiologists from abroad with a strong interest in pediatric anesthesiology; approval by CCHMC GMEC Committee on Exceptionally Qualified Candidates,Designed for foreign-trained anesthesiologists,Not ACGME-accredited; ACGME-recognised Non-Standard Training (NST) programme,Contact the NST programme coordinator; virtual interview and one-week in-person visit,Not stated on official page,Not stated on official page,NST participants usually receive J-1 visas sponsored by ECFMG,Not stated on official page,"An NST fellowship providing advanced pediatric anesthesia training with special emphasis on neurosurgical procedures, designed to develop foreign-trained anesthesiologists into academically oriented pediatric neuroanesthesiologists.",3 October 2026,https://www.cincinnatichildrens.org/education/clinical/fellowship/anesthesia/advanced
/programs/cincinnati-childrens-advanced-pediatric-anesthesia-education-fellowship,Advanced Pediatric Anesthesia in Education Fellowship,Cincinnati Children's Hospital Medical Center,Anaesthesiology,Simulation & medical education,Department of Anesthesia (with University of Cincinnati College of Education),United States,Cincinnati,Ohio,Advanced Fellowship (GME-approved),12 months,Not stated on official page,Not stated on official page,Completed a core fellowship in Pediatric Anesthesiology,Not stated on official page,GME-approved (non-ACGME),Not stated on official page,Not stated on official page,30% clinical time as part-time attending; 70% toward Masters of Medical Education coursework,Not stated on official page,Not stated on official page,"A 12-month GME-approved fellowship for pediatric anesthesiologists interested in medical education, combining Masters of Medical Education coursework with part-time attending work.",3 October 2026,https://www.cincinnatichildrens.org/education/clinical/fellowship/education
/programs/baylor-texas-childrens-pediatric-anesthesiology-fellowship,Pediatric Anesthesiology Fellowship,Baylor College of Medicine / Texas Children's Hospital,Anaesthesiology,Paediatric anaesthesia,"Department of Anesthesiology, Baylor College of Medicine (Texas Children's Hospital)",United States,Houston,Texas,Clinical Fellowship,One year (combined two-year pediatric + pediatric cardiac option),Not stated on official page,Not stated on official page,Not stated on official page,Not stated on official page,ACGME-accredited,SF Match (including ABA ITE scores),Not stated on official page,Not stated on official page,Not stated on official page,Not stated on official page,"A one-year ACGME-accredited fellowship at Texas Children's Hospital, which performs more than 58,000 anesthetics a year including nearly 1,000 cardiac surgeries and about 40 liver transplants, with rotations in cardiovascular, regional, pain and NORA.",3 October 2026,https://www.bcm.edu/departments/anesthesiology/education/pediatric-anesthesiology-fellowship | https://www.bcm.edu/departments/anesthesiology/education/pediatric-anesthesiology-fellowship/admissions
/programs/baylor-texas-childrens-pediatric-cardiovascular-anesthesiology-fellowship,Pediatric Cardiovascular Anesthesiology Fellowship,Baylor College of Medicine / Texas Children's Hospital,Anaesthesiology,Paediatric cardiac anaesthesia,Department of Anesthesiology — Division of Cardiac Anesthesiology (Texas Children's Heart Center),United States,Houston,Texas,Clinical Fellowship,12 months,Not stated on official page,Rolling (combined 2-year pathway via SF Match),Most fellows have completed an ACGME anesthesia residency and pediatric anesthesiology fellowship; adult cardiovascular fellowship graduates also trained,Outstanding international candidates with equivalent pediatric and adult anesthesiology training considered,ACGME-accredited,Rolling application to the programme; SF Match for combined two-year fellowship,3 positions annually,Not stated on official page,Not stated on official page,Not stated on official page,"A 12-month ACGME-accredited fellowship (since 1998) at one of the largest heart centres in the world, with more than 1,000 cardiovascular operations and 1,600 catheterisations a year and nation-leading heart/lung transplant and VAD experience.",3 October 2026,https://www.bcm.edu/departments/anesthesiology/education/pediatric-cardiovascular-anesthesiology-fellowship
/programs/baylor-adult-cardiothoracic-anesthesia-fellowship,Adult Cardiothoracic Anesthesia Fellowship,Baylor College of Medicine,Anaesthesiology,Adult cardiothoracic anaesthesia,Department of Anesthesiology (Texas Heart Institute at Baylor St. Luke's Medical Center),United States,Houston,Texas,Clinical Fellowship,One year,Not stated on official page,Not stated on official page,Not stated on official page,Not stated on official page,ACGME-certified,SF Match with three letters of recommendation,Not stated on official page,Not stated on official page,Not stated on official page,Not stated on official page,"A year-long ACGME fellowship at the Texas Heart Institute/Baylor St. Luke's specialising in adult cardiac, thoracic, vascular and transplant anesthesia, with electives in cardiology, perfusion and congenital heart surgery at Texas Children's.",3 October 2026,https://www.bcm.edu/departments/anesthesiology/education/cardiothoracic-anesthesiology-fellowship
/programs/baylor-anesthesiology-critical-care-medicine-fellowship,Anesthesiology Critical Care Medicine Fellowship,Baylor College of Medicine,Anaesthesiology,Critical care anaesthesia,Department of Anesthesiology (Texas Heart Institute at Baylor St. Luke's Medical Center),United States,Houston,Texas,Clinical Fellowship,Not stated on official page,Not stated on official page,Not stated on official page,Not stated on official page,Not stated on official page,Not stated on official page,SF Match,Not stated on official page,Not stated on official page,Not stated on official page,Not stated on official page,"An anesthesiology critical care fellowship based at the Texas Heart Institute/Baylor St. Luke's, combining medical, surgical and neuro critical care with comprehensive cardiothoracic and aortic perioperative critical care training.",3 October 2026,https://www.bcm.edu/departments/anesthesiology/education/critical-care-fellowship-anesthesiology
/programs/baylor-obstetric-anesthesiology-fellowship,Obstetric Anesthesiology Fellowship,Baylor College of Medicine,Anaesthesiology,Obstetric anaesthesia,Department of Anesthesiology (Ben Taub Hospital; Texas Children's Pavilion for Women),United States,Houston,Texas,Clinical Fellowship,12 months,July,Not stated on official page,Not stated on official page,Not stated on official page,ACGME-accredited,SF Match (registration begins January; rank lists due June),One position per year,Not stated on official page,Not stated on official page,Not stated on official page,"A 12-month ACGME-accredited fellowship at Ben Taub Hospital training leaders in the care of healthy and high-risk parturients, including a one-month fetal surgery rotation at Texas Children's.",3 October 2026,https://www.bcm.edu/departments/anesthesiology/education/obstetric-anesthesiology-fellowship
/programs/washu-adult-cardiothoracic-anesthesiology-fellowship,Adult Cardiothoracic Anesthesiology Fellowship,Washington University in St. Louis (WashU Medicine),Anaesthesiology,Adult cardiothoracic anaesthesia,"Department of Anesthesiology, WashU Medicine (Barnes-Jewish Hospital / St. Louis Children's Hospital)",United States,St. Louis,Missouri,Clinical Fellowship,13 four-week blocks (one year),Not stated on official page,Not stated on official page,Not stated on official page,Not stated on official page,ACGME-accredited,Not stated on official page,Not stated on official page,"Stipend per WashU GME scale (e.g. PGY5 $84,439); discretionary fund for books and training expenses",Not stated on official page,Not stated on official page,"A flexible ACGME fellowship developing expert-level skills in cardiac and thoracic surgical anesthesia, with protected TEE time toward NBE Advanced PTEeXAM certification and a CTICU rotation in a 27-bed unit.",3 October 2026,https://anesthesiology.wustl.edu/patient-care/cardiothoracic/acta-fellowship/
/programs/washu-critical-care-medicine-fellowship,Critical Care Medicine Fellowship,Washington University in St. Louis (WashU Medicine),Anaesthesiology,Critical care anaesthesia,"Department of Anesthesiology, WashU Medicine (Barnes-Jewish Hospital / St. Louis Children's Hospital)",United States,St. Louis,Missouri,Clinical Fellowship,12 months (approved 24-month EM/CCM cycle also offered),Not stated on official page,Not stated on official page,Not stated on official page,Not stated on official page,ACGME-approved,SF Match Central Application Service,Not stated on official page,Not stated on official page,Not stated on official page,Not stated on official page,"A 12-month multidisciplinary programme with at least nine months in high-acuity ICUs and three months of electives, plus mentored research, QI projects and CCM board review.",3 October 2026,https://anesthesiology.wustl.edu/patient-care/critical-care/fellowship/
/programs/washu-abdominal-organ-transplant-anesthesia-fellowship,Abdominal Organ Transplant Anesthesiology Fellowship,Washington University in St. Louis (WashU Medicine),Anaesthesiology,Liver transplant anaesthesia,"Department of Anesthesiology, WashU Medicine (Barnes-Jewish Hospital / St. Louis Children's Hospital)",United States,St. Louis,Missouri,Non-ACGME Fellowship,One year,Not stated on official page,Not stated on official page,Not stated on official page,Not stated on official page,Non-ACGME accredited,Send completed fellowship application and supporting materials to the Fellowship Program Coordinator,Not stated on official page,Not stated on official page,Unable to support any visa sponsorship at this time,Not stated on official page,"A one-year non-ACGME fellowship at one of the top U.S. transplant centres providing comprehensive perioperative training for adult abdominal organ transplant recipients plus complex hepatobiliary, vascular and cardiothoracic surgery.",3 October 2026,https://anesthesiology.wustl.edu/patient-care/general-anesthesia/fellowships/
/programs/washu-neuroanesthesia-fellowship,Neuroanesthesia Fellowship,Washington University in St. Louis (WashU Medicine),Anaesthesiology,Neuroanaesthesia,"Department of Anesthesiology, WashU Medicine (Barnes-Jewish Hospital / St. Louis Children's Hospital)",United States,St. Louis,Missouri,Clinical Fellowship,12 months (extendable to 18 or 24 months),Not stated on official page,Not stated on official page,Not stated on official page,Not stated on official page,Not stated on official page,Send completed fellowship application to the Fellowship Program Coordinator,Not stated on official page,Not stated on official page,Accepts a variety of visas but cannot sponsor new H-1 visa applications at this time; applicants already on H-1B may be considered,Not stated on official page,"A tailored neuroanesthesia fellowship across five neurosurgical ORs (two with intraoperative MRI) treating about 2,000 patients a year, with optional participation in a 20-bed neuro ICU.",3 October 2026,https://anesthesiology.wustl.edu/patient-care/general-anesthesia/neuroanesthesia-fellowship/
/programs/washu-obstetric-anesthesia-fellowship,Obstetric Anesthesia Fellowship,Washington University in St. Louis (WashU Medicine),Anaesthesiology,Obstetric anaesthesia,"Department of Anesthesiology, WashU Medicine (Barnes-Jewish Hospital / St. Louis Children's Hospital)",United States,St. Louis,Missouri,Clinical Fellowship,Not stated on official page,Not stated on official page,Not stated on official page,Not stated on official page,Not stated on official page,ACGME-accredited (continuously since 2016); SOAP Center of Excellence,Not stated on official page,Two,Not stated on official page,Not stated on official page,Not stated on official page,"An ACGME-accredited obstetric anesthesiology fellowship for two fellows at a SOAP Center of Excellence with over 3,600 deliveries a year and about two days a week of scholarly time.",3 October 2026,https://anesthesiology.wustl.edu/patient-care/obstetric-anesthesia/obstetric-anesthesia-fellowship/
/programs/washu-pain-medicine-fellowship,Pain Medicine Fellowship,Washington University in St. Louis (WashU Medicine),Anaesthesiology,Chronic pain medicine,"Department of Anesthesiology, WashU Medicine (Barnes-Jewish Hospital / St. Louis Children's Hospital)",United States,St. Louis,Missouri,Clinical Fellowship,One year,July,Not stated on official page,Not stated on official page,Not stated on official page,ACGME-accredited,NRMP,Not stated on official page,Not stated on official page,Not stated on official page,Not stated on official page,"A one-year ACGME-accredited pain medicine fellowship at a tertiary referral and Level-1 trauma centre with ample interventional and multidisciplinary training, monthly cadaver labs and built-in non-clinical days.",3 October 2026,https://anesthesiology.wustl.edu/patient-care/pain-management/pain-medicine-fellowship/
/programs/washu-adult-pediatric-pain-dual-fellowship,Adult and Pediatric Pain Medicine Dual Fellowship,Washington University in St. Louis (WashU Medicine),Anaesthesiology,Chronic pain medicine,"Department of Anesthesiology, WashU Medicine (Barnes-Jewish Hospital / St. Louis Children's Hospital)",United States,St. Louis,Missouri,Clinical Fellowship,About 6 months pediatric and 6 months adult curriculum,Not stated on official page,Not stated on official page,Not stated on official page,Not stated on official page,Pediatric-focused track within the ACGME-accredited Anesthesiology Pain Medicine fellowship,Not stated on official page,Not stated on official page,"Stipend per WashU GME scale (e.g. PGY5 $84,439)",Not stated on official page,Not stated on official page,A combined pain medicine fellowship training consultants to manage acute and chronic pain from neonates to the elderly through roughly six months each of pediatric and adult curricula.,3 October 2026,https://anesthesiology.wustl.edu/patient-care/pain-management/adult-pediatric-pain-dual-fellowship/
/programs/washu-pediatric-anesthesiology-fellowship,Pediatric Anesthesiology Fellowship,Washington University in St. Louis (WashU Medicine),Anaesthesiology,Paediatric anaesthesia,"Department of Anesthesiology, WashU Medicine (Barnes-Jewish Hospital / St. Louis Children's Hospital)",United States,St. Louis,Missouri,Clinical Fellowship,One year (12 months),Not stated on official page,Not stated on official page,Not stated on official page,Not stated on official page,Not stated on official page,Not stated on official page,Five each year,Not stated on official page,Not stated on official page,Not stated on official page,"A one-year fellowship at St. Louis Children's Hospital (about 20,000 anesthetics a year) rotating through general, acute pain and regional, cardiac, pediatric critical care and ambulatory anesthesia.",3 October 2026,https://anesthesiology.wustl.edu/patient-care/pediatric-anesthesiology/fellowship/
/programs/washu-regional-ambulatory-anesthesia-fellowship,Regional Anesthesia and Acute Pain Fellowship,Washington University in St. Louis (WashU Medicine),Anaesthesiology,Regional anaesthesia & acute pain,"Department of Anesthesiology, WashU Medicine (Barnes-Jewish Hospital / St. Louis Children's Hospital)",United States,St. Louis,Missouri,Clinical Fellowship,12 months,Not stated on official page,Not stated on official page,Not stated on official page,Not stated on official page,Not stated on official page,SF Match Central Application Service plus 3 letters of recommendation,Not stated on official page,Not stated on official page,Accepts a variety of visas but cannot sponsor new H-1 visa applications at this time; applicants already on H-1B may be considered,Not stated on official page,"A 12-month programme preparing future leaders to start and lead an acute pain service, with four clinical days a week of inpatient and outpatient regional anesthesia and acute pain service plus one academic day.",3 October 2026,https://anesthesiology.wustl.edu/patient-care/regional-ambulatory-anesthesia/fellowship/
/programs/washu-trauma-anesthesiology-fellowship,Trauma Anesthesiology Fellowship,Washington University in St. Louis (WashU Medicine),Anaesthesiology,Trauma anaesthesia,"Department of Anesthesiology, WashU Medicine (Barnes-Jewish Hospital / St. Louis Children's Hospital)",United States,St. Louis,Missouri,Non-ACGME Fellowship,12 months,Not stated on official page,Not stated on official page,Completed an anesthesiology residency (U.S. or abroad) and passed USMLE Steps,Residency abroad accepted with USMLE passed,Not stated on official page,Send fellowship application and supporting materials to the Fellowship Program Coordinator,Not stated on official page,Not stated on official page,Accepts a variety of visas but cannot sponsor new H-1 visa applications at this time; applicants already on H-1B may be considered,Not stated on official page,"One of only a few U.S. trauma anesthesiology fellowships, with seven months on the Trauma Anesthesia Service plus ICU and elective rotations, averaging 16 shifts a month.",3 October 2026,https://anesthesiology.wustl.edu/patient-care/trauma-anesthesiology/fellowship/
/programs/yale-cardiac-anesthesiology-fellowship,Cardiac Anesthesiology Fellowship,Yale School of Medicine / Yale New Haven Hospital,Anaesthesiology,Adult cardiothoracic anaesthesia,"Department of Anesthesiology, Yale School of Medicine",United States,New Haven,Connecticut,Clinical Fellowship,Combined two-year ACCM + cardiac option available,Not stated on official page,Not stated on official page,Not stated on official page,Not stated on official page,Not stated on official page,Not stated on official page,Not stated on official page,Not stated on official page,Not stated on official page,Not stated on official page,"A cardiac anesthesiology fellowship covering complex thoracic aortic, heart-failure and transplant, complex mitral and robotic cardiac surgery, with expected certification in advanced perioperative echocardiography and management of cardiac support devices.",3 October 2026,https://medicine.yale.edu/anesthesiology/education/fellowships/clinicalfellowships/cardiothoracic/
/programs/yale-anesthesiology-critical-care-medicine-fellowship,Anesthesiology Critical Care Medicine Fellowship,Yale School of Medicine / Yale New Haven Hospital,Anaesthesiology,Critical care anaesthesia,"Department of Anesthesiology, Yale School of Medicine",United States,New Haven,Connecticut,Clinical Fellowship,1 year (optional 2-year combined ACCM/cardiac programme),Not stated on official page,Not stated on official page,Not stated on official page,Not stated on official page,Not stated on official page,Not stated on official page,Not stated on official page,Not stated on official page,Not stated on official page,Not stated on official page,"A one-year fellowship rotating through surgical/trauma, cardiac surgery and medical ICUs with electives and research, with the option to combine with cardiac anesthesiology over two years.",3 October 2026,https://medicine.yale.edu/anesthesiology/education/fellowships/clinicalfellowships/critical-care/
/programs/yale-neuroanesthesia-fellowship,Neuroanesthesia Fellowship,Yale School of Medicine / Yale New Haven Hospital,Anaesthesiology,Neuroanaesthesia,"Department of Anesthesiology, Yale School of Medicine",United States,New Haven,Connecticut,Clinical Fellowship,One year,Not stated on official page,Not stated on official page,Not stated on official page,Not stated on official page,Not stated on official page,Not stated on official page,Not stated on official page,Not stated on official page,Not stated on official page,Not stated on official page,"A one-year fellowship with rotations in neurosurgical ORs, neuro-interventional radiology, neuromonitoring and neuro-ICUs plus neuroscience research, with built-in attending time for non-neurologic cases.",3 October 2026,https://medicine.yale.edu/anesthesiology/education/fellowships/clinicalfellowships/neuroanesthesia/
/programs/yale-obstetric-anesthesiology-fellowship,Obstetric Anesthesiology Fellowship,Yale School of Medicine / Yale New Haven Hospital,Anaesthesiology,Obstetric anaesthesia,"Department of Anesthesiology, Yale School of Medicine",United States,New Haven,Connecticut,Clinical Fellowship,One year,Not stated on official page,Not stated on official page,Not stated on official page,Not stated on official page,Not stated on official page,SF Match; application documents emailed to anesthesiafellowship@yale.edu,One fellow,Not stated on official page,Not stated on official page,Not stated on official page,"A one-year obstetric anesthesiology fellowship for one fellow, including monthly Severe Maternal Morbidity Review and Maternal High-risk Cardiac meetings.",3 October 2026,https://medicine.yale.edu/anesthesiology/education/fellowships/clinicalfellowships/obstetric/
/programs/yale-pain-medicine-fellowship,Pain Medicine Fellowship,Yale School of Medicine / Yale New Haven Hospital,Anaesthesiology,Chronic pain medicine,"Department of Anesthesiology, Yale School of Medicine",United States,New Haven,Connecticut,Clinical Fellowship,Not stated on official page,Not stated on official page,Not stated on official page,Not stated on official page,Not stated on official page,ACGME-accredited,Not stated on official page,Not stated on official page,Not stated on official page,Not stated on official page,Not stated on official page,"An ACGME-accredited fellowship providing advanced knowledge, diagnostic and technical skills in pain medicine while fostering bench, clinical and quality/safety research to train future leaders in chronic pain management.",3 October 2026,https://medicine.yale.edu/anesthesiology/education/fellowships/clinicalfellowships/pain-medicine/
/programs/yale-pediatric-anesthesiology-fellowship,Pediatric Anesthesiology Fellowship,Yale School of Medicine / Yale New Haven Hospital,Anaesthesiology,Paediatric anaesthesia,"Department of Anesthesiology, Yale School of Medicine (Yale New Haven Children's Hospital)",United States,New Haven,Connecticut,Clinical Fellowship,12 months clinical (can be extended for additional research training),Not stated on official page,Not stated on official page,Not stated on official page,Not stated on official page,ACGME-accredited (approved by ABA and ACGME),Not stated on official page,Not stated on official page,Not stated on official page,Not stated on official page,Not stated on official page,"A 12-month ACGME-approved programme at Yale New Haven Hospital preparing graduates to become leaders in pediatric anesthesiology, with an option to extend for research training.",3 October 2026,https://medicine.yale.edu/anesthesiology/education/fellowships/clinicalfellowships/pediatric/
/programs/yale-regional-anesthesiology-acute-pain-fellowship,Regional Anesthesiology and Acute Pain Fellowship,Yale School of Medicine / Yale New Haven Hospital,Anaesthesiology,Regional anaesthesia & acute pain,"Department of Anesthesiology, Yale School of Medicine",United States,New Haven,Connecticut,Clinical Fellowship,One year,Not stated on official page,Not stated on official page,M.D. or equivalent; completed ACGME-accredited anesthesiology residency in the U.S. or Canada; in process of ABA primary certification,Not stated on official page,ACGME-accredited (newly accredited),Not stated on official page,Not stated on official page,Not stated on official page,Not stated on official page,Connecticut State Medical License required before starting,"A newly ACGME-accredited one-year fellowship training ultrasound, nerve-stimulation and landmark-guided single-shot and continuous peripheral nerve blocks and perioperative pain management across pediatric, adult, trauma and opioid-tolerant patients.",3 October 2026,https://medicine.yale.edu/anesthesiology/education/fellowships/clinicalfellowships/regional/
/programs/yale-thoracic-anesthesiology-fellowship,Thoracic Anesthesiology Fellowship,Yale School of Medicine / Yale New Haven Hospital,Anaesthesiology,Thoracic anaesthesia,"Department of Anesthesiology, Yale School of Medicine",United States,New Haven,Connecticut,Non-ACGME Fellowship,Not stated on official page,Not stated on official page,Not stated on official page,Not stated on official page,Not stated on official page,Not stated on official page,"Email CV, personal statement and 2 recommendation letters to anesthesiafellowship@yale.edu",Not stated on official page,Includes one day weekly as an attending anesthesiologist in general ORs,Not stated on official page,Not stated on official page,"A thoracic anesthesiology fellowship with three clinical days weekly in thoracic ORs, one attending day in general ORs, interventional pulmonology time and no overnight or weekend call commitment.",3 October 2026,https://medicine.yale.edu/anesthesiology/education/fellowships/clinicalfellowships/thoracic/
/programs/andrology-fellowship-toronto,Andrology Fellowship,University of Toronto,Internal Medicine,Endocrinology,"Department of Medicine, Division of Endocrinology & Metabolism",Canada,Toronto,Ontario,Clinical Fellowship,12 months,July 1,"Applications open September 1, close November 30",Not stated on official page,"Non-Canadian applicants may apply; sponsored applicants from Bahrain, Kuwait, Oman, Qatar, Saudi Arabia and UAE apply via sponsoring agency to PGME (per UofT PGME fellowship page)",University of Toronto clinical fellowship; does not lead to RCPSC certification (per UofT PGME fellowship page),Contact Endocrinology program coordinator (endo.admin@utoronto.ca); supervisor Dr. Adam Millar,1 per year,Not stated on official page,Not stated on official page,CPSO certificate authorizing postgraduate education (educational licence); applicants must be recognized as a specialist/family physician in the jurisdiction where they practised (per UofT PGME fellowship page),"A 12-month endocrine-based andrology fellowship, described as the first of its kind in Canada, covering male hypogonadism, pituitary disease, male infertility, transgender care and related conditions, with a scholarly research project.",3 October 2026,https://deptmedicine.utoronto.ca/andrology-fellowship | https://pgme.utoronto.ca/fellowship-training
/programs/diabetes-and-endocrinology-in-pregnancy-fellowship-toronto,Diabetes and Endocrinology in Pregnancy Fellowship,University of Toronto,Internal Medicine,Endocrinology,"Department of Medicine, Division of Endocrinology & Metabolism",Canada,Toronto,Ontario,Clinical Fellowship,1 year,July 1,"Applications open September 1, close November 30",Not stated on official page,"Non-Canadian applicants may apply; sponsored applicants from Bahrain, Kuwait, Oman, Qatar, Saudi Arabia and UAE apply via sponsoring agency to PGME (per UofT PGME fellowship page)",University of Toronto clinical fellowship; does not lead to RCPSC certification (per UofT PGME fellowship page),Contact fellowship administrator for Endocrinology and Metabolism (Endo.admin@utoronto.ca); supervisor Dr. Denice Feig,1-2 per year,Not stated on official page,Not stated on official page,CPSO certificate authorizing postgraduate education (educational licence); applicants must be recognized as a specialist/family physician in the jurisdiction where they practised (per UofT PGME fellowship page),"A one-year clinical fellowship focused on endocrinology in pregnancy, including diabetes, thyroid, adrenal and pituitary disease in pregnancy, primarily outpatient with inpatient experience and a research or academic project.",3 October 2026,https://deptmedicine.utoronto.ca/diabetes-and-endocrinology-pregnancy-fellowship | https://pgme.utoronto.ca/fellowship-training
/programs/young-adult-diabetes-fellowship-toronto,Young Adult Diabetes Fellowship,University of Toronto,Internal Medicine,Endocrinology,"Department of Medicine, Division of Endocrinology & Metabolism",Canada,Toronto,Ontario,Clinical and Research Fellowship,12 months,July 1,"Applications open September 1, close November 30",Not stated on official page,"Non-Canadian applicants may apply; sponsored applicants from Bahrain, Kuwait, Oman, Qatar, Saudi Arabia and UAE apply via sponsoring agency to PGME (per UofT PGME fellowship page)",University of Toronto clinical fellowship; does not lead to RCPSC certification (per UofT PGME fellowship page),Contact Endocrinology program coordinator (endo.admin@utoronto.ca); supervisor Dr. Lorraine Lipscombe,1 per year,Not stated on official page,Not stated on official page,CPSO certificate authorizing postgraduate education (educational licence); applicants must be recognized as a specialist/family physician in the jurisdiction where they practised (per UofT PGME fellowship page),"A 12-month clinical and research fellowship at Women's College Hospital building expertise in managing young adults with diabetes transitioning from paediatric to adult care, with 50% protected time for scholarly activity.",3 October 2026,https://deptmedicine.utoronto.ca/young-adult-diabetes-fellowship | https://pgme.utoronto.ca/fellowship-training
/programs/head-neck-and-adrenal-endocrinology-clinical-research-fellowship-toronto,"Head, Neck and Adrenal Endocrinology Clinical Research Fellowship",University of Toronto,Internal Medicine,Endocrinology,"Department of Medicine, Division of Endocrinology",Canada,Toronto,Ontario,Clinical Research Fellowship,1-2 years,"January 1, 2026 (as listed)",Not stated on official page,Completed subspecialty training in Endocrinology,"Non-Canadian applicants may apply; sponsored applicants from Bahrain, Kuwait, Oman, Qatar, Saudi Arabia and UAE apply via sponsoring agency to PGME (per UofT PGME fellowship page)",University of Toronto clinical fellowship; does not lead to RCPSC certification (per UofT PGME fellowship page),Contact Dr. Jeannette Goguen (Jeannette.Goguen@unityhealth.to),1,Not stated on official page,Not stated on official page,CPSO certificate authorizing postgraduate education (educational licence); applicants must be recognized as a specialist/family physician in the jurisdiction where they practised (per UofT PGME fellowship page),"An advanced fellowship for endocrinologists in complex head, neck and adrenal endocrine disease, based at St. Michael's Hospital and other affiliated hospitals, integrating clinical training with graduate-level clinical epidemiology research.",3 October 2026,https://deptmedicine.utoronto.ca/head-neck-and-adrenal-endocrinology-clinical-research-fellowship | https://pgme.utoronto.ca/fellowship-training
/programs/uhn-inflammatory-bowel-disease-fellowship-toronto,UHN Inflammatory Bowel Disease Fellowship,University of Toronto,Internal Medicine,Gastroenterology,"Department of Medicine, Division of Gastroenterology",Canada,Toronto,Ontario,Clinical Fellowship,1 year,"July 1, 2025 (as listed)",Not stated on official page,Completed training in adult gastroenterology; must be licensed to practise in Ontario,"Non-Canadian applicants may apply; sponsored applicants from Bahrain, Kuwait, Oman, Qatar, Saudi Arabia and UAE apply via sponsoring agency to PGME (per UofT PGME fellowship page)",University of Toronto clinical fellowship; does not lead to RCPSC certification (per UofT PGME fellowship page),Contact Dr. Maria Cino (Maria.Cino@uhn.ca),1,Not stated on official page,Not stated on official page,CPSO certificate authorizing postgraduate education (educational licence); applicants must be recognized as a specialist/family physician in the jurisdiction where they practised (per UofT PGME fellowship page),"A 12-month advanced IBD fellowship based at the Toronto Western Hospital IBD clinic with ambulatory clinics, endoscopy, nutrition clinics and inpatient consultation experience.",3 October 2026,https://deptmedicine.utoronto.ca/uhn-inflammatory-bowel-disease-fellowship | https://pgme.utoronto.ca/fellowship-training
/programs/sunnybrook-hospitalist-fellowship-program-toronto,Sunnybrook Hospitalist Fellowship Program,University of Toronto,Internal Medicine,General internal medicine,"Department of Medicine, Division of General Internal Medicine",Canada,Toronto,Ontario,Clinical Fellowship,1 year (13-block academic year),"July 1, 2027","Applications accepted July 1 - August 31, 2026",Not stated on official page,"Non-Canadian applicants may apply; sponsored applicants from Bahrain, Kuwait, Oman, Qatar, Saudi Arabia and UAE apply via sponsoring agency to PGME (per UofT PGME fellowship page)",University of Toronto clinical fellowship; does not lead to RCPSC certification (per UofT PGME fellowship page),Contact Program Coordinator Meera Chail (Meera.Chail@sunnybrook.ca),12 fellowship positions,Not stated on official page,Not stated on official page,CPSO certificate authorizing postgraduate education (educational licence); applicants must be recognized as a specialist/family physician in the jurisdiction where they practised (per UofT PGME fellowship page),"The longest-running hospitalist medicine fellowship in Canada, providing a one-year curriculum in hospital-based care of acutely ill medical patients, medical education, quality improvement and hospital systems.",3 October 2026,https://deptmedicine.utoronto.ca/sunnybrook-hospitalist-fellowship-program | https://pgme.utoronto.ca/fellowship-training
/programs/uhn-shs-hospital-medicine-clinical-fellowship-program-toronto,UHN/SHS Hospital Medicine Clinical Fellowship Program,University of Toronto,Internal Medicine,General internal medicine,"Department of Medicine, Division of General Internal Medicine",Canada,Toronto,Ontario,Clinical Fellowship,1 year (possible extension to a 2nd year),Commonly July 1; may vary with vacancies,Ongoing until positions are filled; apply at least 6 months before expected start,Completed training in Family Medicine or Internal Medicine,"Non-Canadian applicants may apply; sponsored applicants from Bahrain, Kuwait, Oman, Qatar, Saudi Arabia and UAE apply via sponsoring agency to PGME (per UofT PGME fellowship page)",University of Toronto clinical fellowship; does not lead to RCPSC certification (per UofT PGME fellowship page),Contact Program Administrator Lorena Manganaan (Lorena.Manganaan@uhn.ca),16 per year,Not stated on official page,Not stated on official page,CPSO certificate authorizing postgraduate education (educational licence); applicants must be recognized as a specialist/family physician in the jurisdiction where they practised (per UofT PGME fellowship page),"A one-year hospital medicine fellowship at Toronto General, Toronto Western and Mount Sinai Hospitals for Family Medicine or Internal Medicine graduates seeking expertise in managing complex medical inpatients.",3 October 2026,https://deptmedicine.utoronto.ca/uhnshs-hospital-medicine-clinical-fellowship-program | https://pgme.utoronto.ca/fellowship-training
/programs/unity-health-toronto-hospitalist-fellowship-toronto,Unity Health Toronto Hospitalist Fellowship,University of Toronto,Internal Medicine,General internal medicine,"Department of Medicine, Division of General Internal Medicine",Canada,Toronto,Ontario,Clinical Fellowship,12 months,July 1,Ongoing until positions are filled,Graduates of a recognized residency program in Internal Medicine or Family Medicine,Open to Canadian and international physicians (per program page),University of Toronto clinical fellowship; does not lead to RCPSC certification (per UofT PGME fellowship page),Contact program (supervisor Dr. Danielle Buell),15 per year,Not stated on official page,Not stated on official page,CPSO certificate authorizing postgraduate education (educational licence); applicants must be recognized as a specialist/family physician in the jurisdiction where they practised (per UofT PGME fellowship page),"A 12-month competitive hospitalist fellowship for Canadian and international graduates of Family Medicine or Internal Medicine residencies, with a focus on complex inpatients and inner-city care.",3 October 2026,https://deptmedicine.utoronto.ca/unity-health-toronto-hospitalist-fellowship | https://pgme.utoronto.ca/fellowship-training
/programs/uhn-general-internal-medicine-acute-oncology-clinical-fellowship-toronto,UHN General Internal Medicine Acute Oncology Clinical Fellowship,University of Toronto,Internal Medicine,General internal medicine,"Department of Medicine, Division of General Internal Medicine",Canada,Toronto,Ontario,Clinical Fellowship,1 year with possibility of extension to 2 years,January 2023 (as listed),Not stated on official page,Not stated on official page,"Non-Canadian applicants may apply; sponsored applicants from Bahrain, Kuwait, Oman, Qatar, Saudi Arabia and UAE apply via sponsoring agency to PGME (per UofT PGME fellowship page)",University of Toronto clinical fellowship; does not lead to RCPSC certification (per UofT PGME fellowship page),Contact Dr. Richard Dunbar-Yaffe (Richard.Dunbar-Yaffe@uhn.ca),1,Not stated on official page,Not stated on official page,CPSO certificate authorizing postgraduate education (educational licence); applicants must be recognized as a specialist/family physician in the jurisdiction where they practised (per UofT PGME fellowship page),A clinical fellowship providing training within UHN's Acute Oncology/General Internal Medicine hospital medicine program on Team 10 Medicine at Toronto General Hospital.,3 October 2026,https://deptmedicine.utoronto.ca/uhn-general-internal-medicine-gim-acute-oncology-clinical-fellowship | https://pgme.utoronto.ca/fellowship-training
/programs/geriatric-medicine-fellowship-toronto,Geriatric Medicine Fellowship,University of Toronto,Internal Medicine,Geriatric medicine,"Department of Medicine, Division of Geriatric Medicine",Canada,Toronto,Ontario,Clinical Fellowship,1 year,July 1 (flexible),September 1 for July 1 start the following year,Fluent in English; completed residency training in Internal Medicine,"Non-Canadian applicants may apply; sponsored applicants from Bahrain, Kuwait, Oman, Qatar, Saudi Arabia and UAE apply via sponsoring agency to PGME (per UofT PGME fellowship page)",University of Toronto clinical fellowship; does not lead to RCPSC certification (per UofT PGME fellowship page),Contact Geriatric Division coordinator (Geriatric.Medicine@utoronto.ca),Variable,Not stated on official page,Not stated on official page,CPSO certificate authorizing postgraduate education (educational licence); applicants must be recognized as a specialist/family physician in the jurisdiction where they practised (per UofT PGME fellowship page),"A clinical fellowship in general geriatric medicine tailored to the trainee, with outpatient and inpatient geriatric consultation and rotations in neurology, geriatric psychiatry, osteoporosis and long-term care.",3 October 2026,https://deptmedicine.utoronto.ca/geriatric-medicine-fellowship | https://pgme.utoronto.ca/fellowship-training
/programs/geriatric-rehabilitation-fellowship-toronto,Geriatric Rehabilitation Fellowship,University of Toronto,Internal Medicine,Geriatric medicine,"Department of Medicine, Division of Geriatric Medicine",Canada,Toronto,Ontario,Clinical Fellowship,1 year,July 1 (flexible),September 1 for July 1 start the following year,Geriatric medicine or physical medicine and rehabilitation graduates,"Non-Canadian applicants may apply; sponsored applicants from Bahrain, Kuwait, Oman, Qatar, Saudi Arabia and UAE apply via sponsoring agency to PGME (per UofT PGME fellowship page)",University of Toronto clinical fellowship; does not lead to RCPSC certification (per UofT PGME fellowship page),Contact Geriatric Division coordinator (Geriatric.Medicine@utoronto.ca),Variable,Not stated on official page,Not stated on official page,CPSO certificate authorizing postgraduate education (educational licence); applicants must be recognized as a specialist/family physician in the jurisdiction where they practised (per UofT PGME fellowship page),"A one-year geriatric rehabilitation subspecialty fellowship offered with Sinai Health and University Health Network, open to geriatric medicine or physiatry graduates.",3 October 2026,https://deptmedicine.utoronto.ca/geriatric-rehabilitation-fellowship | https://pgme.utoronto.ca/fellowship-training
/programs/geriatric-medicine-seap-fellowship-toronto,Geriatric Medicine SEAP Fellowship,University of Toronto,Internal Medicine,Geriatric medicine,"Department of Medicine, Division of Geriatric Medicine",Canada,Toronto,Ontario,Clinical Fellowship,2 years,July 1,"Application opens beginning of July, closes end of August (mirrors CaRMS)",Not stated on official page,"Non-Canadian applicants may apply; sponsored applicants from Bahrain, Kuwait, Oman, Qatar, Saudi Arabia and UAE apply via sponsoring agency to PGME (per UofT PGME fellowship page)",RCPSC Subspecialty Examination Affiliate Program (SEAP) pathway; eligible to write Royal College Geriatric Medicine exam,Contact program (supervisor Dov Gandell),1 per year,Not stated on official page,Not stated on official page,CPSO certificate authorizing postgraduate education (educational licence); applicants must be recognized as a specialist/family physician in the jurisdiction where they practised (per UofT PGME fellowship page),"A two-year fellowship mirroring the University of Toronto Geriatric Medicine subspecialty residency (Competence by Design), after which graduates can apply to write the Royal College Geriatric Medicine exam.",3 October 2026,https://deptmedicine.utoronto.ca/seap-fellowship | https://pgme.utoronto.ca/fellowship-training
/programs/transplant-oncology-infectious-diseases-fellowship-toronto,Transplant/Oncology Infectious Diseases Fellowship,University of Toronto,Internal Medicine,Infectious diseases,"Department of Medicine, Division of Infectious Diseases",Canada,Toronto,Ontario,Clinical Fellowship,1-2 years (1-year clinical track; 2-year research track),July 1 (internally funded); variable for sponsored applicants,Internally funded: May 1 - June 30; externally funded/sponsored: rolling,Board Certified/Board Eligible in Adult Infectious Disease,"Non-Canadian applicants may apply; sponsored applicants from Bahrain, Kuwait, Oman, Qatar, Saudi Arabia and UAE apply via sponsoring agency to PGME (per UofT PGME fellowship page)",Accredited by RCPSC under the Area of Focused Competence in Solid Organ Transplantation; eligible graduates awarded DRCPSC,"CV, statement of interest and three letters of recommendation; Gulf-sponsored applicants via STAR portal (star.pgme.utoronto.ca)",Internally funded: 2; externally funded: variable,Internally funded and externally funded/sponsored positions; sponsored applicants must provide proof of funding,Not stated on official page,CPSO certificate authorizing postgraduate education (educational licence); applicants must be recognized as a specialist/family physician in the jurisdiction where they practised (per UofT PGME fellowship page),"A UHN fellowship in transplant and oncology infectious diseases following the AST curriculum, offering a one-year clinical track and a two-year research track.",3 October 2026,https://deptmedicine.utoronto.ca/transplantoncology-infectious-diseases-fellowship | https://pgme.utoronto.ca/fellowship-training
/programs/sinai-medical-oncology-fellowship-toronto,Sinai Medical Oncology Fellowship,University of Toronto,Internal Medicine,Hematology & oncology,"Department of Medicine, Division of Medical Oncology",Canada,Toronto,Ontario,Clinical Fellowship,1-2 years,Flexible,Open,Completed formal Medical Oncology training,"Non-Canadian applicants may apply; sponsored applicants from Bahrain, Kuwait, Oman, Qatar, Saudi Arabia and UAE apply via sponsoring agency to PGME (per UofT PGME fellowship page)",University of Toronto clinical fellowship; does not lead to RCPSC certification (per UofT PGME fellowship page),Contact Fellowship Coordinator Samara Frankel (samara.frankel@sinaihealth.ca),2-4 per year,Candidates encouraged to apply for peer-reviewed research funding where feasible,Not stated on official page,CPSO certificate authorizing postgraduate education (educational licence); applicants must be recognized as a specialist/family physician in the jurisdiction where they practised (per UofT PGME fellowship page),"A Mount Sinai Hospital medical oncology fellowship preparing fellows for academic careers, with clinical and research focus in breast cancer, GI cancers and sarcoma.",3 October 2026,https://deptmedicine.utoronto.ca/sinai-medical-oncology-fellowship | https://pgme.utoronto.ca/fellowship-training
/programs/general-oncology-education-transition-to-practice-fellowship-toronto,General Oncology Education/Transition to Practice Fellowship,University of Toronto,Internal Medicine,Hematology & oncology,"Department of Medicine, Division of Medical Oncology",Canada,Toronto,Ontario,Clinical Fellowship,1-2 years,Typically July 1 or January 1 (flexible),N/A (as listed),Completed formal medical oncology training in home country,"Non-Canadian applicants may apply; sponsored applicants from Bahrain, Kuwait, Oman, Qatar, Saudi Arabia and UAE apply via sponsoring agency to PGME (per UofT PGME fellowship page)",University of Toronto clinical fellowship; does not lead to RCPSC certification (per UofT PGME fellowship page),Contact Fellowship Administrator Ayesha Iqbal (Ayesha.iqbal@sunnybrook.ca),1 per year,Not stated on official page,Not stated on official page,CPSO certificate authorizing postgraduate education (educational licence); applicants must be recognized as a specialist/family physician in the jurisdiction where they practised (per UofT PGME fellowship page),"A Sunnybrook Odette Cancer Centre medical oncology fellowship with clinical focus in GU, GI, lung and breast cancer and an education focus, for candidates who completed medical oncology training in their home country.",3 October 2026,https://deptmedicine.utoronto.ca/general-oncology-educationtransition-practice-fellowship-gugilungbreast | https://pgme.utoronto.ca/fellowship-training
/programs/james-drewry-stewart-fellowship-in-multiple-myeloma-and-malignant-hematology-toronto,James Drewry Stewart Fellowship in Multiple Myeloma and Malignant Hematology,University of Toronto,Internal Medicine,Hematology & oncology,"Department of Medicine, Division of Hematology",Canada,Toronto,Ontario,Clinical Fellowship,1 year,Flexible,Rolling; apply at least 1 year in advance for international candidates (6 months for local),Completed core training in oncology,"Non-Canadian applicants may apply; sponsored applicants from Bahrain, Kuwait, Oman, Qatar, Saudi Arabia and UAE apply via sponsoring agency to PGME (per UofT PGME fellowship page)",University of Toronto clinical fellowship; does not lead to RCPSC certification (per UofT PGME fellowship page),Contact administrator Cheri Gallant (cheri.gallant@unityhealth.to),Not stated on official page,Financial assistance in the form of fellowship grants,Not stated on official page,CPSO certificate authorizing postgraduate education (educational licence); applicants must be recognized as a specialist/family physician in the jurisdiction where they practised (per UofT PGME fellowship page),A one-year clinical fellowship at St. Michael's Hospital providing fellowship grants to oncology trainees who have completed core oncology training and seek additional training in myeloma and other blood cancers.,3 October 2026,https://deptmedicine.utoronto.ca/james-drewry-stewart-fellowship-multiple-myeloma-and-malignant-hematology-smh | https://pgme.utoronto.ca/fellowship-training
/programs/marc-b-goldstein-fellowship-for-advanced-training-in-nephrology-toronto,Marc B. Goldstein Fellowship for Advanced Training in Nephrology,University of Toronto,Internal Medicine,Nephrology,"Department of Medicine, Division of Nephrology",Canada,Toronto,Ontario,Clinical Fellowship,1 year,July 1,October 1 - February 28,Minimum two years of core training in adult nephrology; eligible for CPSO licensure,"Non-Canadian applicants may apply; sponsored applicants from Bahrain, Kuwait, Oman, Qatar, Saudi Arabia and UAE apply via sponsoring agency to PGME (per UofT PGME fellowship page)",University of Toronto clinical fellowship; does not lead to RCPSC certification (per UofT PGME fellowship page),Contact Dr. Martin Schreiber (martin.schreiber@unityhealth.to),1,Not stated on official page,Not stated on official page,CPSO certificate authorizing postgraduate education (educational licence); applicants must be recognized as a specialist/family physician in the jurisdiction where they practised (per UofT PGME fellowship page),"A one-year St. Michael's Hospital fellowship providing focused training in haemodialysis, peritoneal dialysis, critical care nephrology or kidney transplantation alongside an academic program.",3 October 2026,https://deptmedicine.utoronto.ca/marc-b-goldstein-fellowship-advanced-training-nephrology | https://pgme.utoronto.ca/fellowship-training
/programs/st-michaels-hospital-kidney-transplant-fellowship-toronto,St. Michael's Hospital Kidney Transplant Fellowship,University of Toronto,Internal Medicine,Nephrology,"Department of Medicine, Division of Nephrology",Canada,Toronto,Ontario,Clinical Fellowship,1 year (thirteen 4-week blocks),July 1,November to December of the year prior to start,Not stated on official page,"Non-Canadian applicants may apply; sponsored applicants from Bahrain, Kuwait, Oman, Qatar, Saudi Arabia and UAE apply via sponsoring agency to PGME (per UofT PGME fellowship page)",University of Toronto clinical fellowship; does not lead to RCPSC certification (per UofT PGME fellowship page),Contact program (supervisor Dr. Darren Yuen),1-2 per year,Not stated on official page,Not stated on official page,CPSO certificate authorizing postgraduate education (educational licence); applicants must be recognized as a specialist/family physician in the jurisdiction where they practised (per UofT PGME fellowship page),"A one-year fellowship in transplant nephrology at Canada's second-largest renal transplant program, covering donor and recipient evaluation, perioperative care, immunosuppression and long-term complications.",3 October 2026,https://deptmedicine.utoronto.ca/st-michaels-hospital-kidney-transplant-fellowship | https://pgme.utoronto.ca/fellowship-training
/programs/point-of-care-and-interventional-ultrasound-fellowship-toronto,Point of Care and Interventional Ultrasound Fellowship,University of Toronto,Internal Medicine,Nephrology,"Department of Medicine, Division of Nephrology",Canada,Toronto,Ontario,Clinical Fellowship,1 year,July 1,"Opens August 1, closes October 1 (11 to 9 months before start)",Not stated on official page,"Non-Canadian applicants may apply; sponsored applicants from Bahrain, Kuwait, Oman, Qatar, Saudi Arabia and UAE apply via sponsoring agency to PGME (per UofT PGME fellowship page)",University of Toronto clinical fellowship; does not lead to RCPSC certification (per UofT PGME fellowship page),Contact nephrology.education@sunnybrook.ca,1,Not stated on official page,Not stated on official page,CPSO certificate authorizing postgraduate education (educational licence); applicants must be recognized as a specialist/family physician in the jurisdiction where they practised (per UofT PGME fellowship page),"A one-year Sunnybrook-based fellowship to develop expertise in point-of-care ultrasonography in clinical practice, with supported scholarly and education activity.",3 October 2026,https://deptmedicine.utoronto.ca/point-care-and-interventional-ultrasound-fellowship | https://pgme.utoronto.ca/fellowship-training
/programs/care-fellowship-in-diabetes-complications-prevention-toronto,CARE Fellowship in Diabetes Complications Prevention,University of Toronto,Internal Medicine,Nephrology,"Department of Medicine, Division of Nephrology",Canada,Toronto,Ontario,Clinical and Research Fellowship,1 year,July 1,October 1 - February 28,"Generally physicians who have completed training in nephrology, endocrinology or cardiology; support from home institution","Non-Canadian applicants may apply; sponsored applicants from Bahrain, Kuwait, Oman, Qatar, Saudi Arabia and UAE apply via sponsoring agency to PGME (per UofT PGME fellowship page)",University of Toronto clinical fellowship; does not lead to RCPSC certification (per UofT PGME fellowship page),Contact program (supervisor Dr. David Cherney),Varies,Not stated on official page,Not stated on official page,CPSO certificate authorizing postgraduate education (educational licence); applicants must be recognized as a specialist/family physician in the jurisdiction where they practised (per UofT PGME fellowship page),"A one-year UHN clinical and research fellowship training emerging leaders in prevention of diabetes complications across cardiac, renal and endocrine care.",3 October 2026,https://deptmedicine.utoronto.ca/care-fellowship-diabetes-complications-prevention | https://pgme.utoronto.ca/fellowship-training
/programs/palliative-medicine-clinical-research-fellowship-toronto,Palliative Medicine Clinical Research Fellowship,University of Toronto,Internal Medicine,Palliative medicine,"Department of Medicine, Division of Palliative Medicine",Canada,Toronto,Ontario,Clinical Research Fellowship,2 years (second year contingent on evaluation),July 1 (flexible),July 31 of the year before start,Completed clinical training in palliative medicine (Royal College or equivalent),"Non-Canadian applicants may apply; sponsored applicants from Bahrain, Kuwait, Oman, Qatar, Saudi Arabia and UAE apply via sponsoring agency to PGME (per UofT PGME fellowship page)",University of Toronto clinical fellowship; does not lead to RCPSC certification (per UofT PGME fellowship page),Contact UHN Palliative Care Education Coordinator Norine Mark (norine.mark@uhn.ca),2 per year,Not stated on official page,Not stated on official page,CPSO certificate authorizing postgraduate education (educational licence); applicants must be recognized as a specialist/family physician in the jurisdiction where they practised (per UofT PGME fellowship page),A two-year UHN clinical research fellowship in palliative care with 60% protected research time and the remainder in specialized outpatient palliative care.,3 October 2026,https://deptmedicine.utoronto.ca/palliative-medicine-clinical-research-fellowship | https://pgme.utoronto.ca/fellowship-training
/programs/adult-rheumatology-fellowship-program-seap-toronto,Adult Rheumatology Fellowship Program (SEAP),University of Toronto,Internal Medicine,Rheumatology,"Department of Medicine, Division of Rheumatology",Canada,Toronto,Ontario,Clinical and Research Fellowship,2 years,July 1,Not stated on official page,Completed an approved internal medicine training program outside Canada,"Non-Canadian applicants may apply; sponsored applicants from Bahrain, Kuwait, Oman, Qatar, Saudi Arabia and UAE apply via sponsoring agency to PGME (per UofT PGME fellowship page)",RCPSC Subspecialty Examination Affiliate Program (SEAP) eligible,Per UofT PGME process; contact fellowships.medicine@utoronto.ca,Not stated on official page,Division does not provide funding and does not accept self-funded applicants; proof of funding equivalent to PGY-3 PARO salary required,Work permit and CPSO licensure process often takes 6-8 months for candidates outside Canada,CPSO certificate authorizing postgraduate education (educational licence); applicants must be recognized as a specialist/family physician in the jurisdiction where they practised (per UofT PGME fellowship page),"A two-year fellowship mirroring the Royal College PGY4-5 rheumatology training, open to internationally trained internists, leading to eligibility for the RCPSC SEAP rheumatology examinations.",3 October 2026,https://deptmedicine.utoronto.ca/adult-rheumatology-fellowship-program | https://pgme.utoronto.ca/fellowship-training | https://deptmedicine.utoronto.ca/university-toronto-department-medicine-fellowships
/programs/systemic-autoimmune-rheumatic-disease-sard-fellowship-toronto,Systemic Autoimmune Rheumatic Disease (SARD) Fellowship,University of Toronto,Internal Medicine,Rheumatology,"Department of Medicine, Division of Rheumatology",Canada,Toronto,Ontario,Clinical and Research Fellowship,1-2 years,January or July,Ongoing intake,Completed rheumatology training,"Non-Canadian applicants may apply; sponsored applicants from Bahrain, Kuwait, Oman, Qatar, Saudi Arabia and UAE apply via sponsoring agency to PGME (per UofT PGME fellowship page)",University of Toronto clinical fellowship; does not lead to RCPSC certification (per UofT PGME fellowship page),"Contact program (supervisors Drs. Sindhu Johnson, Joan Wither, Zahi Touma)",1-2 depending on funding,Division of Rheumatology does not provide fellowship funding; proof of funding required (per division page),Not stated on official page,CPSO certificate authorizing postgraduate education (educational licence); applicants must be recognized as a specialist/family physician in the jurisdiction where they practised (per UofT PGME fellowship page),"A 1-2 year fellowship giving advanced training in systemic autoimmune rheumatic diseases through longitudinal scleroderma, lupus and pre-clinical autoimmunity clinics plus scholarly projects.",3 October 2026,https://deptmedicine.utoronto.ca/systemic-autoimmune-rheumatic-disease-sard-fellowship | https://pgme.utoronto.ca/fellowship-training | https://deptmedicine.utoronto.ca/university-toronto-department-medicine-fellowships
/programs/scleroderma-clinical-research-fellowship-toronto,Scleroderma Clinical Research Fellowship,University of Toronto,Internal Medicine,Rheumatology,"Department of Medicine, Division of Rheumatology",Canada,Toronto,Ontario,Clinical and Research Fellowship,1-2 years,January or July,Ongoing intake,Not stated on official page,"Non-Canadian applicants may apply; sponsored applicants from Bahrain, Kuwait, Oman, Qatar, Saudi Arabia and UAE apply via sponsoring agency to PGME (per UofT PGME fellowship page)",University of Toronto clinical fellowship; does not lead to RCPSC certification (per UofT PGME fellowship page),"Contact program (supervisors Drs. Sindhu Johnson, Zareen Ahmad, Ron Laxer)",1-2 depending on funding,Division of Rheumatology does not provide fellowship funding; proof of funding required (per division page),Not stated on official page,CPSO certificate authorizing postgraduate education (educational licence); applicants must be recognized as a specialist/family physician in the jurisdiction where they practised (per UofT PGME fellowship page),A 1-2 year fellowship at Mount Sinai and Toronto Western Hospitals developing advanced clinical and research expertise in the scleroderma spectrum of disorders.,3 October 2026,https://deptmedicine.utoronto.ca/scleroderma-clinical-research-fellowship | https://pgme.utoronto.ca/fellowship-training | https://deptmedicine.utoronto.ca/university-toronto-department-medicine-fellowships
/programs/advanced-drug-allergy-fellowship-mcgill,Advanced Drug Allergy Fellowship,McGill University,Internal Medicine,Allergy & immunology,"Department of Medicine / PGME, Clinical Immunology and Allergy",Canada,Montreal,Quebec,Clinical Research Fellowship,1 or 2 years,Not stated on official page,"2027-2028 cycle: applications opened May 15, 2026; deadline September 1, 2026",Completed residency with Royal College or Board certification; graduate of a FAIMER-listed medical school; recognized as a specialist in Canada or abroad; proof of funding,Open to physicians recognized as specialists in Canada or abroad (McGill PGME admissions),Not stated on official page,McGill PGME online application (non-refundable fee $143.82); up to two programs per fee,1,"Candidates must secure funding from a non-profit source (minimum equivalent of R-1 salary, approx. $60,000/yr, plus tuition and fees); self-funding refused (McGill PGME admissions)",Not stated on official page,Must be eligible for a training card from the Collège des Médecins du Québec,A McGill clinical research fellowship in advanced drug allergy offered over one or two years under Dr. Ana-Maria Copaescu.,3 October 2026,https://www.mcgill.ca/pgme/prospective-fellows/fellowship-programs/internal-medicine-clinical-immunology-and-allergy-fellowships | https://www.mcgill.ca/pgme/prospective-fellows/admissions | https://www.mcgill.ca/pgme/prospective-fellows/application-timelines
/programs/immune-deficiency-fellowship-mcgill,Immune Deficiency Fellowship,McGill University,Internal Medicine,Allergy & immunology,"Department of Medicine / PGME, Clinical Immunology and Allergy",Canada,Montreal,Quebec,Clinical Research Fellowship,1 year or 2 years,Not stated on official page,"2027-2028 cycle: applications opened May 15, 2026; deadline September 1, 2026",Completed residency with Royal College or Board certification; graduate of a FAIMER-listed medical school; recognized as a specialist in Canada or abroad; proof of funding,Open to physicians recognized as specialists in Canada or abroad (McGill PGME admissions),Not stated on official page,McGill PGME online application (non-refundable fee $143.82); up to two programs per fee,1 (per track),"Candidates must secure funding from a non-profit source (minimum equivalent of R-1 salary, approx. $60,000/yr, plus tuition and fees); self-funding refused (McGill PGME admissions)",Not stated on official page,Must be eligible for a training card from the Collège des Médecins du Québec,"A McGill clinical research fellowship in immune deficiency, available as a one-year or two-year program.",3 October 2026,https://www.mcgill.ca/pgme/prospective-fellows/fellowship-programs/internal-medicine-clinical-immunology-and-allergy-fellowships | https://www.mcgill.ca/pgme/prospective-fellows/admissions | https://www.mcgill.ca/pgme/prospective-fellows/application-timelines
/programs/bone-and-mineral-metabolism-fellowship-mcgill,Bone and Mineral Metabolism Fellowship,McGill University,Internal Medicine,Endocrinology,"Department of Medicine / PGME, Endocrinology and Metabolism",Canada,Montreal,Quebec,Clinical Fellowship,1 year,Not stated on official page,"2027-2028 cycle: applications opened May 15, 2026; deadline September 1, 2026",Completed residency with Royal College or Board certification; graduate of a FAIMER-listed medical school; recognized as a specialist in Canada or abroad; proof of funding,Open to physicians recognized as specialists in Canada or abroad (McGill PGME admissions),Not stated on official page,McGill PGME online application (non-refundable fee $143.82); up to two programs per fee,1-2,"Candidates must secure funding from a non-profit source (minimum equivalent of R-1 salary, approx. $60,000/yr, plus tuition and fees); self-funding refused (McGill PGME admissions)",Not stated on official page,Must be eligible for a training card from the Collège des Médecins du Québec,A one-year McGill endocrinology fellowship in bone and mineral metabolism directed by Dr. Richard Kremer and Dr. Ami Grunbaum.,3 October 2026,https://www.mcgill.ca/pgme/prospective-fellows/fellowship-programs/internal-medicine-endocrinology-and-metabolism | https://www.mcgill.ca/pgme/prospective-fellows/admissions | https://www.mcgill.ca/pgme/prospective-fellows/application-timelines
/programs/endocrine-tumors-fellowship-mcgill,Endocrine Tumors Fellowship,McGill University,Internal Medicine,Endocrinology,"Department of Medicine / PGME, Endocrinology and Metabolism",Canada,Montreal,Quebec,Clinical Fellowship,1 year,Not stated on official page,"2027-2028 cycle: applications opened May 15, 2026; deadline September 1, 2026",Completed residency with Royal College or Board certification; graduate of a FAIMER-listed medical school; recognized as a specialist in Canada or abroad; proof of funding,Open to physicians recognized as specialists in Canada or abroad (McGill PGME admissions),Not stated on official page,McGill PGME online application (non-refundable fee $143.82); up to two programs per fee,1,"Candidates must secure funding from a non-profit source (minimum equivalent of R-1 salary, approx. $60,000/yr, plus tuition and fees); self-funding refused (McGill PGME admissions)",Not stated on official page,Must be eligible for a training card from the Collège des Médecins du Québec,A one-year McGill fellowship in endocrine tumours directed by Dr. Juan Rivera.,3 October 2026,https://www.mcgill.ca/pgme/prospective-fellows/fellowship-programs/internal-medicine-endocrinology-and-metabolism | https://www.mcgill.ca/pgme/prospective-fellows/admissions | https://www.mcgill.ca/pgme/prospective-fellows/application-timelines
/programs/advanced-inflammatory-bowel-disease-fellowship-mcgill,Advanced Inflammatory Bowel Disease Fellowship,McGill University,Internal Medicine,Gastroenterology,"Department of Medicine / PGME, Gastroenterology",Canada,Montreal,Quebec,Clinical Research Fellowship,1 year,Not stated on official page,"Gastroenterology fellowships 2027-2028: opens March 1, deadline June 1",Completed residency with Royal College or Board certification; graduate of a FAIMER-listed medical school; recognized as a specialist in Canada or abroad; proof of funding,Open to physicians recognized as specialists in Canada or abroad (McGill PGME admissions),Not stated on official page,McGill PGME online application (non-refundable fee $143.82); up to two programs per fee,3,Program offers one funded position per year,Not stated on official page,Must be eligible for a training card from the Collège des Médecins du Québec,"A one-year McGill clinical research fellowship in advanced inflammatory bowel disease directed by Dr. Matthieu Allez, with one funded position per year.",3 October 2026,https://www.mcgill.ca/pgme/prospective-fellows/fellowship-programs/internal-medicine-gastroenterology | https://www.mcgill.ca/pgme/prospective-fellows/admissions | https://www.mcgill.ca/pgme/prospective-fellows/application-timelines
/programs/advanced-therapeutic-endoscopy-fellowship-mcgill,Advanced Therapeutic Endoscopy Fellowship,McGill University,Internal Medicine,Gastroenterology,"Department of Medicine / PGME, Gastroenterology",Canada,Montreal,Quebec,Clinical Fellowship,1 year,Not stated on official page,"Applications open May 1; deadline July 1, 2026 (2027-2028 cycle)",Completed residency with Royal College or Board certification; graduate of a FAIMER-listed medical school; recognized as a specialist in Canada or abroad; proof of funding,Open to physicians recognized as specialists in Canada or abroad (McGill PGME admissions),Not stated on official page,McGill PGME online application (non-refundable fee $143.82); up to two programs per fee,3,"Candidates must secure funding from a non-profit source (minimum equivalent of R-1 salary, approx. $60,000/yr, plus tuition and fees); self-funding refused (McGill PGME admissions)",Not stated on official page,Must be eligible for a training card from the Collège des Médecins du Québec,A one-year McGill clinical fellowship in advanced therapeutic endoscopy directed by Dr. Yen-I Chen.,3 October 2026,https://www.mcgill.ca/pgme/prospective-fellows/fellowship-programs/internal-medicine-gastroenterology | https://www.mcgill.ca/pgme/prospective-fellows/admissions | https://www.mcgill.ca/pgme/prospective-fellows/application-timelines
/programs/endohepatology-fellowship-mcgill,Endohepatology Fellowship,McGill University,Internal Medicine,Hepatology,"Department of Medicine / PGME, Gastroenterology",Canada,Montreal,Quebec,Clinical Fellowship,1 year,Not stated on official page,"Gastroenterology fellowships 2027-2028: opens March 1, deadline June 1",Completed residency with Royal College or Board certification; graduate of a FAIMER-listed medical school; recognized as a specialist in Canada or abroad; proof of funding,Open to physicians recognized as specialists in Canada or abroad (McGill PGME admissions),Not stated on official page,McGill PGME online application (non-refundable fee $143.82); up to two programs per fee,1-2,"Candidates must secure funding from a non-profit source (minimum equivalent of R-1 salary, approx. $60,000/yr, plus tuition and fees); self-funding refused (McGill PGME admissions)",Not stated on official page,Must be eligible for a training card from the Collège des Médecins du Québec,A one-year McGill clinical fellowship combining hepatology and endoscopy (endohepatology) directed by Dr. Amine Benmassaoud and Dr. Yen-I Chen.,3 October 2026,https://www.mcgill.ca/pgme/prospective-fellows/fellowship-programs/internal-medicine-gastroenterology | https://www.mcgill.ca/pgme/prospective-fellows/admissions | https://www.mcgill.ca/pgme/prospective-fellows/application-timelines
/programs/hepatology-and-liver-transplantation-fellowship-mcgill,Hepatology and Liver Transplantation Fellowship,McGill University,Internal Medicine,Hepatology,"Department of Medicine / PGME, Gastroenterology",Canada,Montreal,Quebec,Clinical Research Fellowship,1 year,Not stated on official page,"Gastroenterology fellowships 2027-2028: opens March 1, deadline June 1","Must be board certified in gastroenterology; plus McGill PGME requirements (specialist recognition, FAIMER-listed school, proof of funding)",Open to physicians recognized as specialists in Canada or abroad (McGill PGME admissions),Not stated on official page,McGill PGME online application (non-refundable fee $143.82); up to two programs per fee,2,"Candidates must secure funding from a non-profit source (minimum equivalent of R-1 salary, approx. $60,000/yr, plus tuition and fees); self-funding refused (McGill PGME admissions)",Not stated on official page,Must be eligible for a training card from the Collège des Médecins du Québec,A one-year McGill clinical research fellowship in hepatology and liver transplantation directed by Dr. Marc Deschenes.,3 October 2026,https://www.mcgill.ca/pgme/prospective-fellows/fellowship-programs/internal-medicine-gastroenterology | https://www.mcgill.ca/pgme/prospective-fellows/admissions | https://www.mcgill.ca/pgme/prospective-fellows/application-timelines
/programs/thrombosis-clinical-and-research-fellowship-jgh-mcgill,Thrombosis Clinical and Research Fellowship (JGH),McGill University,Internal Medicine,General internal medicine,"Department of Medicine / PGME, General Internal Medicine",Canada,Montreal,Quebec,Clinical Fellowship (option for research),1 year,Not stated on official page,"2027-2028 cycle: applications opened May 15, 2026; deadline September 1, 2026",Completed residency with Royal College or Board certification; graduate of a FAIMER-listed medical school; recognized as a specialist in Canada or abroad; proof of funding,Open to physicians recognized as specialists in Canada or abroad (McGill PGME admissions),Not stated on official page,McGill PGME online application (non-refundable fee $143.82); up to two programs per fee,1-2,"Candidates must secure funding from a non-profit source (minimum equivalent of R-1 salary, approx. $60,000/yr, plus tuition and fees); self-funding refused (McGill PGME admissions)",Not stated on official page,Must be eligible for a training card from the Collège des Médecins du Québec,"A one-year clinical fellowship in thrombosis at the Jewish General Hospital with an option for research, directed by Dr. Matthew Ades.",3 October 2026,https://www.mcgill.ca/pgme/prospective-fellows/fellowship-programs/internal-medicine-general-internal-medicine | https://www.mcgill.ca/pgme/prospective-fellows/admissions | https://www.mcgill.ca/pgme/prospective-fellows/application-timelines
/programs/vascular-medicine-clinical-fellowship-mcgill,Vascular Medicine Clinical Fellowship,McGill University,Internal Medicine,General internal medicine,"Department of Medicine / PGME, General Internal Medicine",Canada,Montreal,Quebec,Clinical Fellowship,1 year,Not stated on official page,"2027-2028 cycle: applications opened May 15, 2026; deadline September 1, 2026",Completed residency with Royal College or Board certification; graduate of a FAIMER-listed medical school; recognized as a specialist in Canada or abroad; proof of funding,Open to physicians recognized as specialists in Canada or abroad (McGill PGME admissions),Not stated on official page,McGill PGME online application (non-refundable fee $143.82); up to two programs per fee,1-2,"Candidates must secure funding from a non-profit source (minimum equivalent of R-1 salary, approx. $60,000/yr, plus tuition and fees); self-funding refused (McGill PGME admissions)",Not stated on official page,Must be eligible for a training card from the Collège des Médecins du Québec,"A one-year, 100% clinical McGill fellowship in vascular medicine co-directed by Dr. Matthew Ades and Dr. Khue Ly.",3 October 2026,https://www.mcgill.ca/pgme/prospective-fellows/fellowship-programs/internal-medicine-general-internal-medicine | https://www.mcgill.ca/pgme/prospective-fellows/admissions | https://www.mcgill.ca/pgme/prospective-fellows/application-timelines
/programs/geriatric-oncology-fellowship-mcgill,Geriatric Oncology Fellowship,McGill University,Internal Medicine,Geriatric medicine,"Department of Medicine / PGME, Geriatric Medicine",Canada,Montreal,Quebec,Clinical Fellowship,1 year,Not stated on official page,"2027-2028 cycle: applications opened May 15, 2026; deadline September 1, 2026",Completed residency with Royal College or Board certification; graduate of a FAIMER-listed medical school; recognized as a specialist in Canada or abroad; proof of funding,Open to physicians recognized as specialists in Canada or abroad (McGill PGME admissions),Not stated on official page,McGill PGME online application (non-refundable fee $143.82); up to two programs per fee,2,"Candidates must secure funding from a non-profit source (minimum equivalent of R-1 salary, approx. $60,000/yr, plus tuition and fees); self-funding refused (McGill PGME admissions)",Not stated on official page,Must be eligible for a training card from the Collège des Médecins du Québec,A one-year McGill clinical fellowship in geriatric oncology directed by Dr. Miruna Anohim.,3 October 2026,https://www.mcgill.ca/pgme/prospective-fellows/fellowship-programs/internal-medicine-geriatric-medicine | https://www.mcgill.ca/pgme/prospective-fellows/admissions | https://www.mcgill.ca/pgme/prospective-fellows/application-timelines
/programs/lymphoma-fellowship-mcgill,Lymphoma Fellowship,McGill University,Internal Medicine,Hematology & oncology,"Department of Medicine / PGME, Hematology",Canada,Montreal,Quebec,Clinical Fellowship,1 year,Not stated on official page,"2027-2028 cycle: applications opened May 15, 2026; deadline September 1, 2026",Completed residency with Royal College or Board certification; graduate of a FAIMER-listed medical school; recognized as a specialist in Canada or abroad; proof of funding,Open to physicians recognized as specialists in Canada or abroad (McGill PGME admissions),Not stated on official page,McGill PGME online application (non-refundable fee $143.82); up to two programs per fee,1-2,"Candidates must secure funding from a non-profit source (minimum equivalent of R-1 salary, approx. $60,000/yr, plus tuition and fees); self-funding refused (McGill PGME admissions)",Not stated on official page,Must be eligible for a training card from the Collège des Médecins du Québec,A one-year McGill clinical fellowship in lymphoma directed by Dr. Kelly Davison.,3 October 2026,https://www.mcgill.ca/pgme/prospective-fellows/fellowship-programs/internal-medicine-hematology | https://www.mcgill.ca/pgme/prospective-fellows/admissions | https://www.mcgill.ca/pgme/prospective-fellows/application-timelines
/programs/multiple-myeloma-fellowship-mcgill,Multiple Myeloma Fellowship,McGill University,Internal Medicine,Hematology & oncology,"Department of Medicine / PGME, Hematology",Canada,Montreal,Quebec,Clinical Fellowship,1 year,Not stated on official page,"2027-2028 cycle: applications opened May 15, 2026; deadline September 1, 2026",Completed residency with Royal College or Board certification; graduate of a FAIMER-listed medical school; recognized as a specialist in Canada or abroad; proof of funding,Open to physicians recognized as specialists in Canada or abroad (McGill PGME admissions),Not stated on official page,McGill PGME online application (non-refundable fee $143.82); up to two programs per fee,1-2,"Candidates must secure funding from a non-profit source (minimum equivalent of R-1 salary, approx. $60,000/yr, plus tuition and fees); self-funding refused (McGill PGME admissions)",Not stated on official page,Must be eligible for a training card from the Collège des Médecins du Québec,A one-year McGill clinical fellowship in multiple myeloma directed by Dr. Kelly Davison.,3 October 2026,https://www.mcgill.ca/pgme/prospective-fellows/fellowship-programs/internal-medicine-hematology | https://www.mcgill.ca/pgme/prospective-fellows/admissions | https://www.mcgill.ca/pgme/prospective-fellows/application-timelines
/programs/breast-cancer-fellowship-mcgill,Breast Cancer Fellowship,McGill University,Internal Medicine,Hematology & oncology,"Department of Medicine / PGME, Medical Oncology",Canada,Montreal,Quebec,Clinical Fellowship,1 year,Not stated on official page,"2027-2028 cycle: applications opened May 15, 2026; deadline September 1, 2026","English and French required; plus McGill PGME requirements (specialist recognition, FAIMER-listed school, proof of funding)",Open to physicians recognized as specialists in Canada or abroad (McGill PGME admissions),Not stated on official page,McGill PGME online application (non-refundable fee $143.82); up to two programs per fee,2,"Candidates must secure funding from a non-profit source (minimum equivalent of R-1 salary, approx. $60,000/yr, plus tuition and fees); self-funding refused (McGill PGME admissions)",Not stated on official page,Must be eligible for a training card from the Collège des Médecins du Québec,A one-year McGill medical oncology fellowship in breast cancer; English and French are required.,3 October 2026,https://www.mcgill.ca/pgme/prospective-fellows/fellowship-programs/internal-medicine-medical-oncology | https://www.mcgill.ca/pgme/prospective-fellows/admissions | https://www.mcgill.ca/pgme/prospective-fellows/application-timelines
/programs/antimicrobial-stewardship-fellowship-mcgill,Antimicrobial Stewardship Fellowship,McGill University,Internal Medicine,Infectious diseases,"Department of Medicine / PGME, Medical Microbiology and Infectious Diseases",Canada,Montreal,Quebec,Clinical and Research Fellowship,1 year,Not stated on official page,"2027-2028 cycle: applications opened May 15, 2026; deadline September 1, 2026",Completed residency with Royal College or Board certification; graduate of a FAIMER-listed medical school; recognized as a specialist in Canada or abroad; proof of funding,Open to physicians recognized as specialists in Canada or abroad (McGill PGME admissions),Not stated on official page,McGill PGME online application (non-refundable fee $143.82); up to two programs per fee,2,"Candidates must secure funding from a non-profit source (minimum equivalent of R-1 salary, approx. $60,000/yr, plus tuition and fees); self-funding refused (McGill PGME admissions)",Not stated on official page,Must be eligible for a training card from the Collège des Médecins du Québec,A one-year McGill clinical and research fellowship in antimicrobial stewardship directed by Dr. Makeda Semret.,3 October 2026,https://www.mcgill.ca/pgme/prospective-fellows/fellowship-programs/internal-medicine-medical-microbiology-and-infectious-diseases | https://www.mcgill.ca/pgme/prospective-fellows/admissions | https://www.mcgill.ca/pgme/prospective-fellows/application-timelines
/programs/transplant-infectious-diseases-fellowship-mcgill,Transplant Infectious Diseases Fellowship,McGill University,Internal Medicine,Infectious diseases,"Department of Medicine / PGME, Medical Microbiology and Infectious Diseases",Canada,Montreal,Quebec,Clinical and Research Fellowship,1 year,Not stated on official page,"2027-2028 cycle: applications opened May 15, 2026; deadline September 1, 2026",Royal College certification in Adult or Pediatric Infectious Diseases or equivalent; plus McGill PGME requirements,Open to physicians recognized as specialists in Canada or abroad (McGill PGME admissions),Not stated on official page,McGill PGME online application (non-refundable fee $143.82); up to two programs per fee,1,"Candidates must secure funding from a non-profit source (minimum equivalent of R-1 salary, approx. $60,000/yr, plus tuition and fees); self-funding refused (McGill PGME admissions)",Not stated on official page,Must be eligible for a training card from the Collège des Médecins du Québec,A one-year McGill clinical and research fellowship in transplant infectious diseases directed by Dr. Matthew Pellan Cheng.,3 October 2026,https://www.mcgill.ca/pgme/prospective-fellows/fellowship-programs/internal-medicine-medical-microbiology-and-infectious-diseases | https://www.mcgill.ca/pgme/prospective-fellows/admissions | https://www.mcgill.ca/pgme/prospective-fellows/application-timelines
/programs/tropical-medicine-fellowship-mcgill,Tropical Medicine Fellowship,McGill University,Internal Medicine,Infectious diseases,"Department of Medicine / PGME, Medical Microbiology and Infectious Diseases",Canada,Montreal,Quebec,Clinical Research Fellowship,1 year,Not stated on official page,"2027-2028 cycle: applications opened May 15, 2026; deadline September 1, 2026",Completed residency with Royal College or Board certification; graduate of a FAIMER-listed medical school; recognized as a specialist in Canada or abroad; proof of funding,Open to physicians recognized as specialists in Canada or abroad (McGill PGME admissions),Not stated on official page,McGill PGME online application (non-refundable fee $143.82); up to two programs per fee,1,"Candidates must secure funding from a non-profit source (minimum equivalent of R-1 salary, approx. $60,000/yr, plus tuition and fees); self-funding refused (McGill PGME admissions)",Not stated on official page,Must be eligible for a training card from the Collège des Médecins du Québec,A one-year McGill clinical research fellowship in tropical medicine directed by Dr. Michael Libman and Dr. Sapha Barkati.,3 October 2026,https://www.mcgill.ca/pgme/prospective-fellows/fellowship-programs/internal-medicine-medical-microbiology-and-infectious-diseases | https://www.mcgill.ca/pgme/prospective-fellows/admissions | https://www.mcgill.ca/pgme/prospective-fellows/application-timelines
/programs/kidney-transplantation-fellowship-mcgill,Kidney Transplantation Fellowship,McGill University,Internal Medicine,Nephrology,"Department of Medicine / PGME, Nephrology",Canada,Montreal,Quebec,Clinical Fellowship,1 year,Not stated on official page,"2027-2028 cycle: applications opened May 15, 2026; deadline September 1, 2026",Completed residency with Royal College or Board certification; graduate of a FAIMER-listed medical school; recognized as a specialist in Canada or abroad; proof of funding,Open to physicians recognized as specialists in Canada or abroad (McGill PGME admissions),Not stated on official page,McGill PGME online application (non-refundable fee $143.82); up to two programs per fee,1-2 per year,Partial funding may be available (program page); otherwise McGill PGME proof-of-funding rules apply,Not stated on official page,Must be eligible for a training card from the Collège des Médecins du Québec,A one-year McGill clinical fellowship in kidney transplantation directed by Dr. Sonali Natasha de Chickera.,3 October 2026,https://www.mcgill.ca/pgme/prospective-fellows/fellowship-programs/internal-medicine-nephrology | https://www.mcgill.ca/pgme/prospective-fellows/admissions | https://www.mcgill.ca/pgme/prospective-fellows/application-timelines
/programs/advanced-fellowship-in-glomerular-diseases-mcgill,Advanced Fellowship in Glomerular Diseases,McGill University,Internal Medicine,Nephrology,"Department of Medicine / PGME, Nephrology",Canada,Montreal,Quebec,Clinical and Research Fellowship (50/50),1 year,Not stated on official page,"2027-2028 cycle: applications opened May 15, 2026; deadline September 1, 2026",Completed residency with Royal College or Board certification; graduate of a FAIMER-listed medical school; recognized as a specialist in Canada or abroad; proof of funding,Open to physicians recognized as specialists in Canada or abroad (McGill PGME admissions),Not stated on official page,McGill PGME online application (non-refundable fee $143.82); up to two programs per fee,1,Partial funding may be available (program page); otherwise McGill PGME proof-of-funding rules apply,Not stated on official page,Must be eligible for a training card from the Collège des Médecins du Québec,"A one-year McGill fellowship split 50% research and 50% clinical in glomerular diseases, directed by Dr. Ratna Samanta.",3 October 2026,https://www.mcgill.ca/pgme/prospective-fellows/fellowship-programs/internal-medicine-nephrology | https://www.mcgill.ca/pgme/prospective-fellows/admissions | https://www.mcgill.ca/pgme/prospective-fellows/application-timelines
/programs/systemic-autoimmune-rheumatic-disease-fellowship-mcgill,Systemic Autoimmune Rheumatic Disease Fellowship,McGill University,Internal Medicine,Rheumatology,"Department of Medicine / PGME, Rheumatology",Canada,Montreal,Quebec,Clinical and Research Fellowship,1 year,Not stated on official page,"2027-2028 cycle: applications opened May 15, 2026; deadline September 1, 2026",Completed residency with Royal College or Board certification; graduate of a FAIMER-listed medical school; recognized as a specialist in Canada or abroad; proof of funding,Open to physicians recognized as specialists in Canada or abroad (McGill PGME admissions),Not stated on official page,McGill PGME online application (non-refundable fee $143.82); up to two programs per fee,1,"Candidates must secure funding from a non-profit source (minimum equivalent of R-1 salary, approx. $60,000/yr, plus tuition and fees); self-funding refused (McGill PGME admissions)",Not stated on official page,Must be eligible for a training card from the Collège des Médecins du Québec,A one-year McGill clinical and research fellowship in systemic autoimmune rheumatic diseases directed by Dr. Christian Pineau.,3 October 2026,https://www.mcgill.ca/pgme/prospective-fellows/fellowship-programs/internal-medicine-rheumatology | https://www.mcgill.ca/pgme/prospective-fellows/admissions | https://www.mcgill.ca/pgme/prospective-fellows/application-timelines
/programs/scleroderma-and-myositis-clinical-research-fellowship-mcgill,Scleroderma and Myositis Clinical Research Fellowship,McGill University,Internal Medicine,Rheumatology,"Department of Medicine / PGME, Rheumatology",Canada,Montreal,Quebec,Clinical and Research Fellowship,1 year,Not stated on official page,"2027-2028 cycle: applications opened May 15, 2026; deadline September 1, 2026",Completed residency with Royal College or Board certification; graduate of a FAIMER-listed medical school; recognized as a specialist in Canada or abroad; proof of funding,Open to physicians recognized as specialists in Canada or abroad (McGill PGME admissions),Not stated on official page,McGill PGME online application (non-refundable fee $143.82); up to two programs per fee,1,"Candidates must secure funding from a non-profit source (minimum equivalent of R-1 salary, approx. $60,000/yr, plus tuition and fees); self-funding refused (McGill PGME admissions)",Not stated on official page,Must be eligible for a training card from the Collège des Médecins du Québec,A one-year McGill clinical and research fellowship in scleroderma and myositis directed by Dr. Marie Hudson and Dr. Valérie Leclair.,3 October 2026,https://www.mcgill.ca/pgme/prospective-fellows/fellowship-programs/internal-medicine-rheumatology | https://www.mcgill.ca/pgme/prospective-fellows/admissions | https://www.mcgill.ca/pgme/prospective-fellows/application-timelines
/programs/interventional-pulmonary-fellowship-mcgill,Interventional Pulmonary Fellowship,McGill University,Internal Medicine,Pulmonary & critical care,"Department of Medicine / PGME, Respirology",Canada,Montreal,Quebec,Clinical Fellowship,1 year,Not stated on official page,"2027-2028 cycle: applications opened May 15, 2026; deadline September 1, 2026",Completed residency with Royal College or Board certification; graduate of a FAIMER-listed medical school; recognized as a specialist in Canada or abroad; proof of funding,Open to physicians recognized as specialists in Canada or abroad (McGill PGME admissions),Not stated on official page,McGill PGME online application (non-refundable fee $143.82); up to two programs per fee,1,"Candidates must secure funding from a non-profit source (minimum equivalent of R-1 salary, approx. $60,000/yr, plus tuition and fees); self-funding refused (McGill PGME admissions)",Not stated on official page,Must be eligible for a training card from the Collège des Médecins du Québec,A one-year McGill clinical fellowship in interventional pulmonology directed by Dr. Stéphane Beaudoin.,3 October 2026,https://www.mcgill.ca/pgme/prospective-fellows/fellowship-programs/internal-medicine-respirology | https://www.mcgill.ca/pgme/prospective-fellows/admissions | https://www.mcgill.ca/pgme/prospective-fellows/application-timelines
/programs/sleep-medicine-fellowship-mcgill,Sleep Medicine Fellowship,McGill University,Internal Medicine,Sleep medicine,"Department of Medicine / PGME, Respirology",Canada,Montreal,Quebec,Clinical Fellowship,1 year,Not stated on official page,"2027-2028 cycle: applications opened May 15, 2026; deadline September 1, 2026",Applicants should be recognized specialists in Respirology (McGill PGME admissions); proof of funding required,Open to physicians recognized as specialists in Canada or abroad (McGill PGME admissions),Not stated on official page,McGill PGME online application (non-refundable fee $143.82); up to two programs per fee,2,"Candidates must secure funding from a non-profit source (minimum equivalent of R-1 salary, approx. $60,000/yr, plus tuition and fees); self-funding refused (McGill PGME admissions)",Not stated on official page,Must be eligible for a training card from the Collège des Médecins du Québec,A one-year McGill clinical sleep medicine fellowship for recognized respirology specialists.,3 October 2026,https://www.mcgill.ca/pgme/prospective-fellows/fellowship-programs/internal-medicine-respirology | https://www.mcgill.ca/pgme/prospective-fellows/admissions | https://www.mcgill.ca/pgme/prospective-fellows/application-timelines
/programs/thrombosis-fellowship-program-ottawa,Thrombosis Fellowship Program,University of Ottawa / The Ottawa Hospital,Internal Medicine,Hematology & oncology,"Department of Medicine, Division of Hematology",Canada,Ottawa,Ontario,"Clinical Fellowship (clinical, clinical-research or clinical-education streams)",1 year (clinical); 2-3 years (research or education streams),July 1 (flexible),September 1,"Completed/completing General Internal Medicine, Respirology and/or Hematology training",Foreign medical graduates with equivalent qualifications are eligible to apply,Not stated on official page,Contact Leslie Goulding (fellowship contact); Fellowship Director Dr. Aurelien Delluc,4-5 annually,Not stated on official page,Not stated on official page,Not stated on official page,A well-established Ottawa Hospital thrombosis fellowship offering a 1-year clinical stream and 2-3 year clinical-research (with Master's in Clinical Epidemiology) or clinical-education streams.,3 October 2026,https://www.uottawa.ca/faculty-medicine/department-medicine/hematology
/programs/leukemia-fellowship-ottawa,Leukemia Fellowship,University of Ottawa / The Ottawa Hospital,Internal Medicine,Hematology & oncology,"Department of Medicine, Division of Hematology",Canada,Ottawa,Ontario,Clinical Fellowship,1-2 years,July 1 (flexible),Not stated on official page,"Preference for prior Internal Medicine and Hematology training in a Canadian, British, Australian, New Zealand or US program",Candidates not meeting University of Ottawa training criteria must complete a PEAP (pre-entry assessment) before starting,Not stated on official page,Contact Leslie Goulding; Fellowship Director Dr. Michael Kennah,1-2 annually,Not stated on official page,Not stated on official page,Not stated on official page,"A clinical academic training program preparing candidates for a career focused on leukemia and myeloid neoplasms, with inpatient, outpatient, transplantation and research exposure.",3 October 2026,https://www.uottawa.ca/faculty-medicine/department-medicine/hematology
/programs/malignant-hematology-and-stem-cell-transplantation-fellowship-ottawa,Malignant Hematology and Stem Cell Transplantation Fellowship,University of Ottawa / The Ottawa Hospital,Internal Medicine,Hematology & oncology,"Department of Medicine, Division of Hematology",Canada,Ottawa,Ontario,Clinical / Clinical Research Fellowship,1-2 years,July 1 (flexible),Late fall (flexible),"Preference for prior internal medicine and hematology training in a Canadian, British, Australian, New Zealand or US programme",Candidates not meeting University of Ottawa training criteria must complete a PEAP before starting,Not stated on official page,Contact Leslie Goulding; Fellowship Director Dr. Michael Kennah,1-2 annually,Not stated on official page,Not stated on official page,Not stated on official page,"A clinical/clinical research fellowship in malignant hematology, combined malignant hematology and hematopoietic cell transplantation, or HCT alone, tailored to the trainee.",3 October 2026,https://www.uottawa.ca/faculty-medicine/department-medicine/hematology
/programs/interventional-pulmonology-fellowship-ottawa,Interventional Pulmonology Fellowship,University of Ottawa / The Ottawa Hospital,Internal Medicine,Pulmonary & critical care,"Department of Medicine, Division of Respirology",Canada,Ottawa,Ontario,Clinical Fellowship,1 year,July 1,August 31,PGY5 or greater in Respiratory Medicine and permitted to practise Internal Medicine in Ontario,Not stated on official page,Not stated on official page,Contact Crystal Lameira; Fellowship Director Dr. Kayvan Amjadi,1 annually,Not stated on official page,Not stated on official page,Must be permitted to practise Internal Medicine in Ontario,"A one-year fellowship at one of the largest North American centres for pleural effusion and ascites management, training in EBUS, interventional bronchoscopy and indwelling catheters.",3 October 2026,https://www.uottawa.ca/faculty-medicine/department-medicine/respirology
/programs/sleep-medicine-fellowship-ottawa,Sleep Medicine Fellowship,University of Ottawa / The Ottawa Hospital,Internal Medicine,Sleep medicine,"Department of Medicine, Division of Respirology",Canada,Ottawa,Ontario,Clinical Fellowship,1 year,July 1,August 31,"FRCP in Respirology, Neurology or Psychiatry",Not stated on official page,Not stated on official page,Contact Crystal Lameira; Fellowship Director Dr. Judith Leech,1 annually,Not stated on official page,Not stated on official page,Not stated on official page,"A one-year, fully clinical sleep medicine fellowship with multidisciplinary exposure to sleep and circadian rhythm disorders and laboratory polysomnography training based on AASM criteria.",3 October 2026,https://www.uottawa.ca/faculty-medicine/department-medicine/respirology
/programs/general-nephrology-fellowship-ottawa,General Nephrology Fellowship,University of Ottawa / The Ottawa Hospital,Internal Medicine,Nephrology,"Department of Medicine, Division of Nephrology",Canada,Ottawa,Ontario,Clinical Fellowship,1 year,Varies depending on availability,October 31,Certification in Nephrology,Not stated on official page,Not stated on official page,Contact Emilie St-Jean Savoie; Fellowship Director Dr. Mohan Biyani,6-8 annually,Not stated on official page,Not stated on official page,Not stated on official page,"A one-year fellowship building expertise in home dialysis, renal transplantation, intensive care nephrology and renal replacement therapies in one of Ontario's largest nephrology programs.",3 October 2026,https://www.uottawa.ca/faculty-medicine/department-medicine/nephrology
/programs/glomerulonephritis-clinical-fellowship-ottawa,Glomerulonephritis Clinical Fellowship,University of Ottawa / The Ottawa Hospital,Internal Medicine,Nephrology,"Department of Medicine, Division of Nephrology",Canada,Ottawa,Ontario,Clinical Fellowship,1 year,July 1,October 31,Certification in Nephrology; fluent in English (French an asset),Outstanding applicants with equivalent training in other medical systems are encouraged to apply,Not stated on official page,Contact Emilie St-Jean Savoie; Fellowship Director Dr. Todd Fairhead,1 annually,Not stated on official page,Not stated on official page,"Must have passed or be eligible for independent licensure in Ontario, or be eligible for an educational licence (minimum 4 years residency after medical school)",A one-year fellowship providing advanced training in managing glomerulonephritis and kidney diseases requiring immunosuppression at one of Ontario's six provincial GN Centres of Excellence.,3 October 2026,https://www.uottawa.ca/faculty-medicine/department-medicine/nephrology
/programs/solid-organ-transplant-kidney-transplant-fellowship-ottawa,Solid Organ Transplant (Kidney Transplant) Fellowship,University of Ottawa / The Ottawa Hospital,Internal Medicine,Nephrology,"Department of Medicine, Division of Nephrology",Canada,Ottawa,Ontario,Clinical Fellowship,1 year,July 1 (not including PEAP period if required),October 31,Certification in Nephrology,Not stated on official page,RCPSC Area of Focused Competence (AFC) in Solid Organ Transplantation,Contact Emilie St-Jean Savoie; Fellowship Director Dr. Stephanie Hoar,1 annually,Not stated on official page,Not stated on official page,Not stated on official page,"A one-year program in the medical management of kidney transplantation, accredited by the Royal College as an Area of Focused Competence in Solid Organ Transplantation.",3 October 2026,https://www.uottawa.ca/faculty-medicine/department-medicine/nephrology
/programs/advanced-endoscopic-services-fellowship-ottawa,Advanced Endoscopic Services Fellowship,University of Ottawa / The Ottawa Hospital,Internal Medicine,Gastroenterology,"Department of Medicine, Division of Gastroenterology",Canada,Ottawa,Ontario,Clinical Fellowship,1 year,July 1,November 1,Gastroenterology fellowship; preferred North American training experience; English proficiency; preference for applicants who did a GI elective at The Ottawa Hospital,Not stated on official page,Not stated on official page,Contact Bonnie Quast (GI fellowship contact); Fellowship Director Dr. Avijit Chatterjee,1 annually,Not stated on official page,Not stated on official page,Not stated on official page,"A one-year advanced therapeutic endoscopy fellowship with high-volume ERCP and EUS (about 800 cases each annually) plus stenting, EMR and deep enteroscopy, with a research component.",3 October 2026,https://www.uottawa.ca/faculty-medicine/department-medicine/gastroenterology
/programs/hepatology-fellowship-ottawa,Hepatology Fellowship,University of Ottawa / The Ottawa Hospital,Internal Medicine,Hepatology,"Department of Medicine, Division of Gastroenterology",Canada,Ottawa,Ontario,Clinical Fellowship,1 year,July 1,January 2 (late applications considered individually),"Completion of Gastroenterology residency (FRCPC or equivalent), or Canadian trainee with 1-2 years of GIM subspecialty training",Not stated on official page,Not stated on official page,Contact Bonnie Quast,1-2 annually,Not stated on official page,Not stated on official page,Not stated on official page,"A one-year Ottawa Hospital clinical fellowship enhancing consultancy expertise in liver disease, including viral hepatitis, autoimmune liver disease and liver transplantation, with mentored clinical research.",3 October 2026,https://www.uottawa.ca/faculty-medicine/department-medicine/gastroenterology
/programs/bariatric-medicine-fellowship-ottawa,Bariatric Medicine Fellowship,University of Ottawa / The Ottawa Hospital,Internal Medicine,Endocrinology,"Department of Medicine, Division of Endocrinology and Metabolism",Canada,Ottawa,Ontario,Clinical Fellowship,1-2 years (clinical); 2-3 years (clinical investigator),Flexible,N/A (as listed),"GIM, Endocrinology or Family Medicine graduate",Not stated on official page,Not stated on official page,Contact Dr. Judy Shiau (Fellowship Director),1-2 annually,Not stated on official page,Not stated on official page,Not stated on official page,A 1-year clinical or 2-3 year clinical investigator fellowship in bariatric medicine at The Ottawa Hospital Weight Management Clinic and LEAF Weight Management Clinic.,3 October 2026,https://www.uottawa.ca/faculty-medicine/department-medicine/endocrinology-metabolism
/programs/thyroid-diseases-and-thyroid-oncology-fellowship-ottawa,Thyroid Diseases and Thyroid Oncology Fellowship,University of Ottawa / The Ottawa Hospital,Internal Medicine,Endocrinology,"Department of Medicine, Division of Endocrinology and Metabolism",Canada,Ottawa,Ontario,Clinical Fellowship,1 year,"Flexible, generally July 1",Inquiries and applications accepted anytime,Must be an Endocrinologist or equivalent,Not stated on official page,University of Ottawa Certificate of Completion,Contact Cassidy Boucher; Fellowship Director Dr. Heather Lochnan,1-2 annually,Not stated on official page,Not stated on official page,Not stated on official page,"A customizable one-year fellowship in thyroid disease and thyroid oncology with dedicated thyroid cancer and ultrasound-guided FNA nodule clinics, leading to a University of Ottawa Certificate of Completion.",3 October 2026,https://www.uottawa.ca/faculty-medicine/department-medicine/endocrinology-metabolism
/programs/pituitary-endocrinology-fellowship-ottawa,Pituitary Endocrinology Fellowship,University of Ottawa / The Ottawa Hospital,Internal Medicine,Endocrinology,"Department of Medicine, Division of Endocrinology and Metabolism",Canada,Ottawa,Ontario,Clinical Fellowship,1 year,"Flexible, generally July 1",Inquiries and applications accepted anytime,Must be an Endocrinologist or equivalent,Not stated on official page,University of Ottawa Certificate of Completion,Contact Cassidy Boucher,1-2 annually,Not stated on official page,Not stated on official page,Not stated on official page,"A customizable one-year pituitary fellowship with a dedicated pituitary clinic run with neurosurgery, plus adrenal and general endocrine exposure, leading to a University of Ottawa Certificate of Completion.",3 October 2026,https://www.uottawa.ca/faculty-medicine/department-medicine/endocrinology-metabolism
/programs/advanced-rheumatology-clinical-fellowship-ottawa,Advanced Rheumatology Clinical Fellowship,University of Ottawa / The Ottawa Hospital,Internal Medicine,Rheumatology,"Department of Medicine, Division of Rheumatology",Canada,Ottawa,Ontario,Clinical Fellowship,2 years,Flexible,Inquiries and applications accepted anytime,"Rheumatologists certified by the Royal College, the American Board, or IMGs who obtain Royal College equivalency",International Medical Graduates eligible if they obtain equivalency from the Royal College of Canada,University of Ottawa Certificate of Completion,Contact Rihame Sleiman; Fellowship Director Dr. Sibel Aydin,1 annually,Not stated on official page,Not stated on official page,Not stated on official page,"A two-year clinical fellowship in advanced rheumatology (senior clinician and physician support) including vasculitis, rheumatology-dermatology, rheumatology-respirology and musculoskeletal ultrasound clinics.",3 October 2026,https://www.uottawa.ca/faculty-medicine/department-medicine/rheumatology
/programs/antimicrobial-stewardship-fellowship-ottawa,Antimicrobial Stewardship Fellowship,University of Ottawa / The Ottawa Hospital,Internal Medicine,Infectious diseases,"Department of Medicine, Division of Infectious Diseases",Canada,Ottawa,Ontario,Clinical Fellowship,12 months,July 1 (flexible),November 30,"Completion of an RCPSC-approved infectious diseases training program, or equivalent",Not stated on official page,Not stated on official page,Contact Ashley Desrosiers; Fellowship Director Dr. Caroline Nott,1 annually,Not stated on official page,Not stated on official page,Not stated on official page,"A one-year fellowship providing theoretical and practical experience to implement and manage a hospital-based antimicrobial stewardship program, including 8 weeks of attending ID inpatient consultation.",3 October 2026,https://www.uottawa.ca/faculty-medicine/department-medicine/infectious-diseases
/programs/nephrology-transplant-clinical-fellowship-ubc,Nephrology Transplant Clinical Fellowship,University of British Columbia,Internal Medicine,Nephrology,"Department of Medicine, Division of Nephrology",Canada,Vancouver,British Columbia,Clinical Fellowship,1 year,"March 1 or July 1, 2027","September 14, 2026 (for 2027 start)",Completed Nephrology training; graduated from medical school within 10 years of starting,Not stated on official page,Accredited by the American Society of Transplantation (AST/ASN),"CV and two referees to Maeve Lalor, UBC Division & Programs Administrator",4 each year,"Salary $91,710.67 per annum + benefits",Not stated on official page,Must be eligible for an educational licence in British Columbia (CPSBC); IELTS Academic minimum 7 in each component if primary medical education/patient care was not in English,A one-year AST/ASN-accredited clinical fellowship at Vancouver General and St Paul's Hospitals covering all aspects of kidney and kidney-pancreas transplant care in a program performing over 300 transplants per year.,3 October 2026,https://nephrology.medicine.ubc.ca/education/fellowships/
/programs/advanced-clinical-nephrology-program-ubc,Advanced Clinical Nephrology Program,University of British Columbia,Internal Medicine,Nephrology,"Department of Medicine, Division of Nephrology",Canada,Vancouver,British Columbia,Clinical Fellowship,1 year,"March 1 or July 1, 2027 (flexible)","September 1 for a start the following year (2027 intake extended to September 14, 2026)",Completed at least 2 years of nephrology in an accredited training program; graduated from medical school within 10 years,Highly subscribed by trainees from Australia and New Zealand,Accredited by the Australian and New Zealand Royal College organizations (per program page); UBC Division of Nephrology certificate on completion,"CV and three referees to Maeve Lalor, UBC Division & Programs Administrator",2+ each year,"Salary $91,710.67 per annum + benefits",Not stated on official page,Must be eligible for an educational licence in British Columbia (CPSBC); IELTS Academic minimum 7 in each component if primary medical education/patient care was not in English,"A 12-month post-certification program giving advanced exposure to home dialysis, transplantation, intensive care nephrology and renal replacement therapies, with a curriculum tailored to the fellow's interests.",3 October 2026,https://nephrology.medicine.ubc.ca/education/fellowships/
/programs/hepatology-fellowship-calgary,Hepatology Fellowship,University of Calgary,Internal Medicine,Hepatology,"Cumming School of Medicine, Department of Medicine, Division of Gastroenterology & Hepatology",Canada,Calgary,Alberta,Clinical Fellowship,1 year,July 1 (alternative start dates possible),Not stated on official page,Not stated on official page,Not stated on official page,Not stated on official page,Contact Program Director Dr. Meredith Borman (okuzhel@ucalgary.ca),1 per year,Funding for this fellowship is available,Not stated on official page,Not stated on official page,"A one-year hepatology fellowship including one month of transplant hepatology in Edmonton, 2-3 months of research, ward, consult and clinic work, endoscopy and a supervised longitudinal clinic.",3 October 2026,https://cumming.ucalgary.ca/departments/medicine/divisionssections/gastroenterology/education/hepatology-fellowship
/programs/international-clinical-fellowship-programme-in-endocrinology-and-diabetes-mellitus-rcpi,International Clinical Fellowship Programme in Endocrinology & Diabetes Mellitus,Royal College of Physicians of Ireland (RCPI),Internal Medicine,Endocrinology,RCPI Institute of Medicine (training in HSE-accredited hospitals),Ireland,Dublin (placements in accredited hospitals across Ireland),Various,Clinical Fellowship,3 years,Not stated on official page,Recruitment currently closed; register interest via RCPI (as of page),Primary medical degree through English; structured internship; completed 4/5-year national residency programme and examinations (e.g. Saudi or Arab Board); at least one year post-residency experience in chosen specialty; IELTS Academic 7.0 overall (6.5 each) or OET B in all domains (mandatory after offer),"Open only to citizens of Bahrain, Kuwait, Oman, Qatar, Saudi Arabia and UAE nominated and sponsored by their government body (per RCPI ICFP page)",RCPI Certificate of Achievement of Clinical Fellowship Training; curriculum approved by RCPI Institute of Medicine,Application via RCPI Global Training and Partnerships (internationalaffairs@rcpi.ie),Not stated on official page,Full government sponsorship required (covering fees and living expenses); self-sponsored candidates not eligible,Not stated on official page,Must be eligible for registration with the Irish Medical Council (Supervised Division),"A sponsored, curriculum-based RCPI clinical fellowship providing structured hands-on endocrinology and diabetes training in Irish hospitals for international doctors, who then return to their home country.",3 October 2026,https://www.rcpi.ie/Learn-and-Develop/Training-Programmes/International/International-Clinical-Fellowship-Programme/Available-Programmes/International-Clinical-Fellowship-Programme-in-General-Internal-Medicine | https://www.rcpi.ie/Learn-and-Develop/Training-Programmes/International/International-Clinical-Fellowship-Programme/Apply | https://www.rcpi.ie/Learn-and-Develop/Training-Programmes/International/International-Clinical-Fellowship-Programme/Overview
/programs/international-clinical-fellowship-programme-in-gastroenterology-rcpi,International Clinical Fellowship Programme in Gastroenterology,Royal College of Physicians of Ireland (RCPI),Internal Medicine,Gastroenterology,RCPI Institute of Medicine (training in HSE-accredited hospitals),Ireland,Dublin (placements in accredited hospitals across Ireland),Various,Clinical Fellowship,2 years,Not stated on official page,Recruitment currently closed; register interest via RCPI (as of page),Primary medical degree through English; structured internship; completed 4/5-year national residency programme and examinations (e.g. Saudi or Arab Board); at least one year post-residency experience in chosen specialty; IELTS Academic 7.0 overall (6.5 each) or OET B in all domains (mandatory after offer),"Open only to citizens of Bahrain, Kuwait, Oman, Qatar, Saudi Arabia and UAE nominated and sponsored by their government body (per RCPI ICFP page)",RCPI Certificate of Achievement of Clinical Fellowship Training; curriculum approved by RCPI Institute of Medicine,Application via RCPI Global Training and Partnerships (internationalaffairs@rcpi.ie),Not stated on official page,Full government sponsorship required (covering fees and living expenses); self-sponsored candidates not eligible,Not stated on official page,Must be eligible for registration with the Irish Medical Council (Supervised Division),"A two-year RCPI clinical fellowship for sponsored international doctors covering luminal gastroenterology, hepatology and diagnostic and therapeutic endoscopy under consultant trainers in accredited Irish hospitals.",3 October 2026,https://www.rcpi.ie/Learn-and-Develop/Training-Programmes/International/International-Clinical-Fellowship-Programme/Available-Programmes/International-Clinical-Fellowship-Programme-in-General-Internal-Medicine | https://www.rcpi.ie/Learn-and-Develop/Training-Programmes/International/International-Clinical-Fellowship-Programme/Apply | https://www.rcpi.ie/Learn-and-Develop/Training-Programmes/International/International-Clinical-Fellowship-Programme/Overview
/programs/international-clinical-fellowship-programme-in-infectious-diseases-rcpi,International Clinical Fellowship Programme in Infectious Diseases,Royal College of Physicians of Ireland (RCPI),Internal Medicine,Infectious diseases,RCPI Institute of Medicine (training in HSE-accredited hospitals),Ireland,Dublin (placements in accredited hospitals across Ireland),Various,Clinical Fellowship,2 years,Not stated on official page,Recruitment currently closed; register interest via RCPI (as of page),Primary medical degree through English; structured internship; completed 4/5-year national residency programme and examinations (e.g. Saudi or Arab Board); at least one year post-residency experience in chosen specialty; IELTS Academic 7.0 overall (6.5 each) or OET B in all domains (mandatory after offer),"Open only to citizens of Bahrain, Kuwait, Oman, Qatar, Saudi Arabia and UAE nominated and sponsored by their government body (per RCPI ICFP page)",RCPI Certificate of Achievement of Clinical Fellowship Training; curriculum approved by RCPI Institute of Medicine,Application via RCPI Global Training and Partnerships (internationalaffairs@rcpi.ie),Not stated on official page,Full government sponsorship required (covering fees and living expenses); self-sponsored candidates not eligible,Not stated on official page,Must be eligible for registration with the Irish Medical Council (Supervised Division),A two-year RCPI curriculum-based clinical fellowship in infectious diseases for government-sponsored international doctors in accredited Irish hospitals.,3 October 2026,https://www.rcpi.ie/Learn-and-Develop/Training-Programmes/International/International-Clinical-Fellowship-Programme/Available-Programmes/International-Clinical-Fellowship-Programme-in-General-Internal-Medicine | https://www.rcpi.ie/Learn-and-Develop/Training-Programmes/International/International-Clinical-Fellowship-Programme/Apply | https://www.rcpi.ie/Learn-and-Develop/Training-Programmes/International/International-Clinical-Fellowship-Programme/Overview
/programs/international-clinical-fellowship-programme-in-medical-oncology-rcpi,International Clinical Fellowship Programme in Medical Oncology,Royal College of Physicians of Ireland (RCPI),Internal Medicine,Hematology & oncology,RCPI Institute of Medicine (training in HSE-accredited hospitals),Ireland,Dublin (placements in accredited hospitals across Ireland),Various,Clinical Fellowship,Up to 3 years,Not stated on official page,Recruitment currently closed; register interest via RCPI (as of page),Primary medical degree through English; structured internship; completed 4/5-year national residency programme and examinations (e.g. Saudi or Arab Board); at least one year post-residency experience in chosen specialty; IELTS Academic 7.0 overall (6.5 each) or OET B in all domains (mandatory after offer),"Open only to citizens of Bahrain, Kuwait, Oman, Qatar, Saudi Arabia and UAE nominated and sponsored by their government body (per RCPI ICFP page)",RCPI Certificate of Achievement of Clinical Fellowship Training; curriculum approved by RCPI Institute of Medicine,Application via RCPI Global Training and Partnerships (internationalaffairs@rcpi.ie),Not stated on official page,Full government sponsorship required (covering fees and living expenses); self-sponsored candidates not eligible,Not stated on official page,Must be eligible for registration with the Irish Medical Council (Supervised Division),"An RCPI clinical fellowship of up to three years in medical oncology for government-sponsored international doctors, delivered under consultant trainers in accredited Irish hospitals.",3 October 2026,https://www.rcpi.ie/Learn-and-Develop/Training-Programmes/International/International-Clinical-Fellowship-Programme/Available-Programmes/International-Clinical-Fellowship-Programme-in-General-Internal-Medicine | https://www.rcpi.ie/Learn-and-Develop/Training-Programmes/International/International-Clinical-Fellowship-Programme/Apply | https://www.rcpi.ie/Learn-and-Develop/Training-Programmes/International/International-Clinical-Fellowship-Programme/Overview
/programs/international-clinical-fellowship-programme-in-respiratory-medicine-rcpi,International Clinical Fellowship Programme in Respiratory Medicine,Royal College of Physicians of Ireland (RCPI),Internal Medicine,Pulmonary & critical care,RCPI Institute of Medicine (training in HSE-accredited hospitals),Ireland,Dublin (placements in accredited hospitals across Ireland),Various,Clinical Fellowship,Up to 3 years,Not stated on official page,Recruitment currently closed; register interest via RCPI (as of page),Primary medical degree through English; structured internship; completed 4/5-year national residency programme and examinations (e.g. Saudi or Arab Board); at least one year post-residency experience in chosen specialty; IELTS Academic 7.0 overall (6.5 each) or OET B in all domains (mandatory after offer),"Open only to citizens of Bahrain, Kuwait, Oman, Qatar, Saudi Arabia and UAE nominated and sponsored by their government body (per RCPI ICFP page)",RCPI Certificate of Achievement of Clinical Fellowship Training; curriculum approved by RCPI Institute of Medicine,Application via RCPI Global Training and Partnerships (internationalaffairs@rcpi.ie),Not stated on official page,Full government sponsorship required (covering fees and living expenses); self-sponsored candidates not eligible,Not stated on official page,Must be eligible for registration with the Irish Medical Council (Supervised Division),An RCPI clinical fellowship of up to three years in respiratory medicine for government-sponsored international doctors in accredited Irish hospitals.,3 October 2026,https://www.rcpi.ie/Learn-and-Develop/Training-Programmes/International/International-Clinical-Fellowship-Programme/Available-Programmes/International-Clinical-Fellowship-Programme-in-General-Internal-Medicine | https://www.rcpi.ie/Learn-and-Develop/Training-Programmes/International/International-Clinical-Fellowship-Programme/Apply | https://www.rcpi.ie/Learn-and-Develop/Training-Programmes/International/International-Clinical-Fellowship-Programme/Overview
/programs/international-clinical-fellowship-programme-in-rheumatology-rcpi,International Clinical Fellowship Programme in Rheumatology,Royal College of Physicians of Ireland (RCPI),Internal Medicine,Rheumatology,RCPI Institute of Medicine (training in HSE-accredited hospitals),Ireland,Dublin (placements in accredited hospitals across Ireland),Various,Clinical Fellowship,3 years,Not stated on official page,Recruitment currently closed; register interest via RCPI (as of page),Primary medical degree through English; structured internship; completed 4/5-year national residency programme and examinations (e.g. Saudi or Arab Board); at least one year post-residency experience in chosen specialty; IELTS Academic 7.0 overall (6.5 each) or OET B in all domains (mandatory after offer),"Open only to citizens of Bahrain, Kuwait, Oman, Qatar, Saudi Arabia and UAE nominated and sponsored by their government body (per RCPI ICFP page)",RCPI Certificate of Achievement of Clinical Fellowship Training; curriculum approved by RCPI Institute of Medicine,Application via RCPI Global Training and Partnerships (internationalaffairs@rcpi.ie),Not stated on official page,Full government sponsorship required (covering fees and living expenses); self-sponsored candidates not eligible,Not stated on official page,Must be eligible for registration with the Irish Medical Council (Supervised Division),"A three-year RCPI clinical fellowship in rheumatology for government-sponsored international doctors, completed under leading consultant trainers in accredited Irish hospitals.",3 October 2026,https://www.rcpi.ie/Learn-and-Develop/Training-Programmes/International/International-Clinical-Fellowship-Programme/Available-Programmes/International-Clinical-Fellowship-Programme-in-General-Internal-Medicine | https://www.rcpi.ie/Learn-and-Develop/Training-Programmes/International/International-Clinical-Fellowship-Programme/Apply | https://www.rcpi.ie/Learn-and-Develop/Training-Programmes/International/International-Clinical-Fellowship-Programme/Overview
/programs/international-clinical-fellowship-programme-in-geriatric-medicine-with-acute-internal-medicine-rcpi,International Clinical Fellowship Programme in Geriatric Medicine with Acute Internal Medicine,Royal College of Physicians of Ireland (RCPI),Internal Medicine,Geriatric medicine,RCPI Institute of Medicine (training in HSE-accredited hospitals),Ireland,Dublin (placements in accredited hospitals across Ireland),Various,Clinical Fellowship,Not stated on official page (ICFP generally 2-3 years),Not stated on official page,Recruitment currently closed; register interest via RCPI (as of page),Primary medical degree through English; structured internship; completed 4/5-year national residency programme and examinations (e.g. Saudi or Arab Board); at least one year post-residency experience in chosen specialty; IELTS Academic 7.0 overall (6.5 each) or OET B in all domains (mandatory after offer); Geriatric Medicine requires full MRCPI as a minimum; board-certified Internal Medicine doctors,"Open only to citizens of Bahrain, Kuwait, Oman, Qatar, Saudi Arabia and UAE nominated and sponsored by their government body (per RCPI ICFP page)",RCPI Certificate of Achievement of Clinical Fellowship Training; curriculum approved by RCPI Institute of Medicine,Application via RCPI Global Training and Partnerships (internationalaffairs@rcpi.ie),Not stated on official page,Full government sponsorship required (covering fees and living expenses); self-sponsored candidates not eligible,Not stated on official page,Must be eligible for registration with the Irish Medical Council (Supervised Division),An RCPI clinical fellowship in geriatric medicine with acute internal medicine for board-certified internists sponsored by their government.,3 October 2026,https://www.rcpi.ie/Learn-and-Develop/Training-Programmes/International/International-Clinical-Fellowship-Programme/Available-Programmes/International-Clinical-Fellowship-Programme-in-General-Internal-Medicine | https://www.rcpi.ie/Learn-and-Develop/Training-Programmes/International/International-Clinical-Fellowship-Programme/Apply | https://www.rcpi.ie/Learn-and-Develop/Training-Programmes/International/International-Clinical-Fellowship-Programme/Overview
/programs/international-clinical-fellowship-programme-in-nephrology-rcpi,International Clinical Fellowship Programme in Nephrology,Royal College of Physicians of Ireland (RCPI),Internal Medicine,Nephrology,RCPI Institute of Medicine (training in HSE-accredited hospitals),Ireland,Dublin (placements in accredited hospitals across Ireland),Various,Clinical Fellowship,Not stated on official page (ICFP generally 2-3 years),Not stated on official page,Recruitment currently closed; register interest via RCPI (as of page),Primary medical degree through English; structured internship; completed 4/5-year national residency programme and examinations (e.g. Saudi or Arab Board); at least one year post-residency experience in chosen specialty; IELTS Academic 7.0 overall (6.5 each) or OET B in all domains (mandatory after offer),"Open only to citizens of Bahrain, Kuwait, Oman, Qatar, Saudi Arabia and UAE nominated and sponsored by their government body (per RCPI ICFP page)",RCPI Certificate of Achievement of Clinical Fellowship Training; curriculum approved by RCPI Institute of Medicine,Application via RCPI Global Training and Partnerships (internationalaffairs@rcpi.ie),Not stated on official page,Full government sponsorship required (covering fees and living expenses); self-sponsored candidates not eligible,Not stated on official page,Must be eligible for registration with the Irish Medical Council (Supervised Division),An RCPI International Clinical Fellowship Programme track in nephrology for government-sponsored international doctors training in accredited Irish hospitals.,3 October 2026,https://www.rcpi.ie/Learn-and-Develop/Training-Programmes/International/International-Clinical-Fellowship-Programme/Available-Programmes/International-Clinical-Fellowship-Programme-in-General-Internal-Medicine | https://www.rcpi.ie/Learn-and-Develop/Training-Programmes/International/International-Clinical-Fellowship-Programme/Apply | https://www.rcpi.ie/Learn-and-Develop/Training-Programmes/International/International-Clinical-Fellowship-Programme/Overview
/programs/christie-medical-oncology-fellowship-programme-christie,Christie Medical Oncology Fellowship Programme,The Christie NHS Foundation Trust,Internal Medicine,Hematology & oncology,The Christie Institute for Cancer Education / Medical Oncology,United Kingdom,Manchester,England,Clinical / Clinical Research Fellowship,Fixed-term (varies by post),Not stated on official page,Rolling; posts advertised as they become available on NHS Jobs / Christie vacancy portal,Not stated on official page,Welcomes international candidates; allow at least 6 months for arrangements,Not stated on official page,Apply to individual posts on NHS Jobs or The Christie vacancy portal; enquiries the-christie.fellowships@nhs.net,Not stated on official page,Trust-funded posts; academic fellowships (MD/PhD) via MCRC/CRUK Manchester; externally funded fellowships (e.g. ESMO) also hosted,International candidates may require a work visa; Medical Workforce Team advises on visa requirements,GMC registration required (PLAB or exemption for non-EU graduates; IELTS Academic English requirements),"Clinical and research medical oncology fellowships at Europe's largest single-site cancer hospital across sub-specialties including breast, GI, lung, melanoma, early-phase trials and cell therapy, with a structured fellowship education programme.",3 October 2026,https://www.christie.nhs.uk/christie-institute-for-cancer-education/international-education/the-christie-fellowship-programme
/programs/christie-supportive-oncology-fellowship-christie,Christie Supportive Oncology Fellowship,The Christie NHS Foundation Trust,Internal Medicine,Palliative medicine,The Christie Institute for Cancer Education / Supportive Oncology,United Kingdom,Manchester,England,Clinical Fellowship,12 months,Not stated on official page,Not stated on official page,Doctors who have completed Internal Medicine or GP training,Christie Fellowship Programme welcomes international candidates,Certificate of fellowship completion from RCR/UKASCC on achieving the UKASCC curriculum (endorsed by the Royal College of Radiologists),Advertised through NHS Jobs; contact the-christie.fellowships@nhs.net,3 Trust-funded fellowships per year,Trust-funded,International candidates may require a work visa; Medical Workforce Team advises,GMC registration required,"Twelve-month Trust-funded posts building skills in symptom control, treatment side-effect management, psychological support, complex pain and supportive oncology research, part of a national pilot programme.",3 October 2026,https://www.christie.nhs.uk/christie-institute-for-cancer-education/international-education/the-christie-fellowship-programme
/programs/international-clinical-fellowship-programme-adult-medical-specialties-guys-st-thomas,International Clinical Fellowship Programme (Adult Medical Specialties),Guy's and St Thomas' NHS Foundation Trust,Internal Medicine,General internal medicine,Guy's and St Thomas' Education (all adult specialties),United Kingdom,London,England,Clinical Fellowship,1 or 2 years,No fixed start date; applications considered year-round,Rolling,Primary medical degree and internship; completed or near completion of 4/5-year national residency; GMC English standards; clinical practice 3 of last 5 years; certificate of good standing,"Designed for international doctors; must be sponsored by overseas employer, government or sponsoring body (self-funded not accepted)",Certified by the UK General Medical Council (GMC sponsorship),"Email application with CV, passport copy and IELTS/OET results; video interview via Microsoft Teams",Not stated on official page,Sponsor-funded; non-refundable administration fee after conditional offer,Programme assists with visa application and sponsors GMC registration,GMC registration sponsored through the programme,"A GMC-certified one- or two-year structured clinical fellowship for international doctors sponsored by their Ministry of Health, government, hospital or training body, available in all adult and paediatric specialties.",3 October 2026,https://www.guysandstthomasevents.co.uk/vpp/icfp/
/programs/hepatology-fellowship-rmh,Hepatology Fellowship,The Royal Melbourne Hospital,Internal Medicine,Hepatology,Gastroenterology and Hepatology,Australia,Melbourne,Victoria,Clinical and Research Fellowship,1 year,Not stated on official page,Not stated on official page,Clinical experience equivalent to RACP Advanced Trainee in Gastroenterology (Year 3); MBBS or equivalent,International Medical Graduates eligible if eligible for Medical Board of Australia registration,Not stated on official page,Via RMH careers (2027 position description),Not stated on official page,Not stated on official page,Not stated on official page,AHPRA registration or eligibility (for IMGs),"A one-year clinical and research programme developing advanced hepatology expertise, including multidisciplinary HCC care, complex portal hypertension, acute liver failure and an active hepatology clinical trials unit in the Parkville precinct.",3 October 2026,https://www.thermh.org.au/files/rmh-careers/Medical_Workforce_Unit/DIT/Medical/HEPATOLOGY_Fellow_PD_2027.pdf
/programs/advanced-inflammatory-bowel-disease-fellowship-rmh,Advanced Inflammatory Bowel Disease Fellowship,The Royal Melbourne Hospital,Internal Medicine,Gastroenterology,Gastroenterology (IBD Unit),Australia,Melbourne,Victoria,Clinical and Research Fellowship,1 or 2 years,Not stated on official page,Not stated on official page,FRACP in Gastroenterology; MBBS or equivalent,International Medical Graduates eligible if eligible for Medical Board of Australia registration,Not stated on official page,Via RMH careers (2027 position description),Not stated on official page,Not stated on official page,Not stated on official page,General registration with AHPRA or eligibility (for IMGs),"A one- or two-year advanced IBD fellowship at one of Australia's largest IBD units, with inpatient and outpatient care, IBD endoscopy, intestinal ultrasound, IBD-pregnancy clinic and research.",3 October 2026,https://www.thermh.org.au/files/rmh-careers/Medical_Workforce_Unit/DIT/Medical/IBD_Fellow_2027_PD.pdf
/programs/john-perrett-specialist-fellowship-in-nephrology-rmh,John Perrett Specialist Fellowship in Nephrology,The Royal Melbourne Hospital,Internal Medicine,Nephrology,Nephrology,Australia,Melbourne,Victoria,Clinical and Research Fellowship,Not stated on official page,Not stated on official page,Not stated on official page,Completed three years of advanced training through the RACP or international equivalent; PhD in a related field; MBBS or equivalent,RACP or international-equivalent advanced training accepted,Not stated on official page,Via RMH careers (position description),Not stated on official page,Not stated on official page,Not stated on official page,Current AHPRA registration,"A mentored career-development fellowship for research-minded early-career nephrologists, combining advanced subspecialty clinical training, education leadership and a research project, modelled on the ASN subspecialty career-track blueprint.",3 October 2026,https://www.thermh.org.au/files/rmh-careers/Medical_Workforce_Unit/DIT/Medical/JP_Nephrology_Fellow_2026_PD.pdf
/programs/interventional-endoscopy-fellowship-monash,Interventional Endoscopy Fellowship,Monash Health,Internal Medicine,Gastroenterology,Gastroenterology,Australia,Melbourne,Victoria,Clinical Fellowship,Not stated on official page,Not stated on official page,Not stated on official page,Fourth-year (post-advanced training) level,Not stated on official page,Not stated on official page,Contact Endoscopy clinical lead Michael Swan (Michael.swan@monashhealth.org),Not stated on official page,Not stated on official page,Not stated on official page,Not stated on official page,"A fourth-year non-core interventional endoscopy fellowship (ERCP, EUS and third-space endoscopy) in Victoria's largest gastroenterology unit.",3 October 2026,https://monashhealth.org/services/gastroenterology/careers/advanced-training/
/programs/clinical-fellowship-in-nephrology-uz-leuven,Clinical Fellowship in Nephrology,UZ Leuven,Internal Medicine,Nephrology,Department of Nephrology,Belgium,Leuven,Flemish Brabant,Clinical Fellowship (vacancy listing),1 year,Not stated on official page,Not stated on official page,Medical and nephrology specialist diploma recognised in Belgium/EU; fluent Dutch (spoken and written),Requires Belgian/EU-recognised specialist diploma and fluent Dutch,Not stated on official page,Send cover letter and CV per UZ Leuven vacancy 2517,Not stated on official page,Not stated on official page,Not stated on official page,Not stated on official page,"A one-year clinical fellowship covering dialysis techniques, home therapies, glomerular disease, nephrogenetics and kidney transplantation in a centre performing 120-140 kidney transplants annually.",3 October 2026,https://www.uzleuven.be/nl/vacature/2517
/programs/solid-organ-transplantation-afc-liver-transplant-physician-adult-alberta,"Solid Organ Transplantation AFC - Liver Transplant (Physician, Adult)",University of Alberta,Internal Medicine,Hepatology,Department of Medicine (Solid Organ Transplantation),Canada,Edmonton,Alberta,Clinical Fellowship,Not stated on official page,Not stated on official page,Not stated on official page,Post-residency or post-certification in specialty/subspecialty; CPSA licensing requirements,Not stated on official page,RCPSC Area of Focused Competence (AFC) in Solid Organ Transplantation,Contact transplant.fellowships@ualberta.ca,Not stated on official page,"Varies (institutional sponsors, scholarships, home government, Gulf sponsorship or program-funded); sponsored applicants must meet UofA PGME minimum salary of CAD $60,000/yr",Not stated on official page,Must meet College of Physicians and Surgeons of Alberta (CPSA) licensing requirements; English Language Proficiency proof if not exempt,A Royal College Area of Focused Competence (AFC)-accredited adult physician fellowship in liver transplantation within the University of Alberta Department of Medicine.,3 October 2026,https://sites.google.com/ualberta.ca/dom-fellowships-external/home
/programs/solid-organ-transplantation-afc-kidney-transplant-physician-adult-alberta,"Solid Organ Transplantation AFC - Kidney Transplant (Physician, Adult)",University of Alberta,Internal Medicine,Nephrology,Department of Medicine (Solid Organ Transplantation),Canada,Edmonton,Alberta,Clinical Fellowship,Not stated on official page,Not stated on official page,Not stated on official page,Post-residency or post-certification in specialty/subspecialty; CPSA licensing requirements,Not stated on official page,RCPSC Area of Focused Competence (AFC) in Solid Organ Transplantation,Contact transplant.fellowships@ualberta.ca,Not stated on official page,"Varies (institutional sponsors, scholarships, home government, Gulf sponsorship or program-funded); sponsored applicants must meet UofA PGME minimum salary of CAD $60,000/yr",Not stated on official page,Must meet College of Physicians and Surgeons of Alberta (CPSA) licensing requirements; English Language Proficiency proof if not exempt,A Royal College AFC-accredited adult physician fellowship in kidney transplantation within the University of Alberta Department of Medicine.,3 October 2026,https://sites.google.com/ualberta.ca/dom-fellowships-external/home
/programs/sleep-disorder-medicine-fellowship-alberta,Sleep Disorder Medicine Fellowship,University of Alberta,Internal Medicine,Sleep medicine,"Department of Medicine, Division of Pulmonary Medicine",Canada,Edmonton,Alberta,Clinical Fellowship,Not stated on official page,Not stated on official page,Not stated on official page,Post-residency or post-certification in specialty/subspecialty; CPSA licensing requirements,Not stated on official page,Not stated on official page,See University of Alberta Department of Medicine fellowship listing (dom.fellowships@ualberta.ca),Not stated on official page,"Varies (institutional sponsors, scholarships, home government, Gulf sponsorship or program-funded); sponsored applicants must meet UofA PGME minimum salary of CAD $60,000/yr",Not stated on official page,Must meet College of Physicians and Surgeons of Alberta (CPSA) licensing requirements; English Language Proficiency proof if not exempt,A sleep disorder medicine fellowship offered by the University of Alberta Department of Medicine respirology program.,3 October 2026,https://sites.google.com/ualberta.ca/dom-fellowships-external/home
/programs/hematology-oncology-fellowship-cleveland-clinic,Hematology & Medical Oncology Fellowship,Cleveland Clinic,Internal Medicine,Hematology & oncology,Cleveland Clinic Cancer Institute (Taussig Cancer Center),United States,Cleveland,Ohio,Clinical Fellowship,3 years,1 July,Applications reviewed in July; submit by 31 July for interview consideration,Board eligible/board certified in internal medicine.,Not stated on official page,ACGME-accredited,ERAS; NRMP Main Match only (no positions outside the Match); interviews September-November,8 per year,"Cleveland Clinic GME benefits listed on programme page (e.g., $1,000 annual educational allowance; GME-funded meeting trip up to $2,500).",Not stated on official page,Not stated on official page,"Since 1934, an intensive three-year ACGME-accredited combined haematology and medical oncology programme that has trained more than 200 graduates.",3 October 2026,https://my.clevelandclinic.org/departments/cancer/medical-professionals/hematology-oncology-fellowship
/programs/hospice-palliative-medicine-fellowship-cleveland-clinic,Hospice and Palliative Medicine Fellowship,Cleveland Clinic,Internal Medicine,Palliative medicine,Cleveland Clinic Cancer Institute (Hospice and Palliative Medicine Program),United States,Cleveland,Ohio,Clinical Fellowship,1 year,1 July,Applications accepted during July each year (see NRMP for current-cycle deadlines),Not stated on official page,Not stated on official page,Not stated on official page,ERAS; NRMP Main Match only,Not stated on official page,"Cleveland Clinic GME benefits listed on programme page (e.g., $1,000 annual educational allowance; GME-funded meeting trip up to $2,500).",Not stated on official page,Not stated on official page,"Established in 1989 as the first US-based physician hospice and palliative medicine fellowship, training clinically excellent physicians, educators and scientists.",3 October 2026,https://my.clevelandclinic.org/departments/cancer/medical-professionals/hospice-palliative-medicine-fellowship
/programs/geriatric-medicine-fellowship-cleveland-clinic,Geriatric Medicine Fellowship,Cleveland Clinic,Internal Medicine,Geriatric medicine,Section of Geriatric Medicine,United States,Cleveland,Ohio,Clinical Fellowship,12 months,Not stated on official page,Interviews July through November or until positions filled,Board-eligible or board-certified in Internal Medicine or Family Medicine.,Not stated on official page,Not stated on official page,ERAS; NRMP Match,2 per year,Not stated on official page,Not stated on official page,Not stated on official page,"A one-year clinical fellowship training physicians for leadership in geriatric medicine through outpatient GEM, inpatient consultation, teaching and research/QI.",3 October 2026,https://my.clevelandclinic.org/departments/community-care/medical-professionals/geriatric-fellowship-program
/programs/gastroenterology-hepatology-fellowship-cleveland-clinic,Gastroenterology & Hepatology Fellowship,Cleveland Clinic,Internal Medicine,Gastroenterology,Gastroenterology & Hepatology Fellowship Program (Cleveland Clinic digestive disease department),United States,Cleveland,Ohio,Clinical Fellowship,3 years (categorical); 4-5 years (T32 track),Not stated on official page,Not stated on official page,Not stated on official page,Not stated on official page,ACGME-accredited,Not stated on official page,Not stated on official page,NIH-funded T32 track; salaries based on level of training,Cleveland Clinic accepts H-1B or ECFMG-sponsored J-1 visas for clinical fellowship; does not sponsor permanent residency petitions,Not stated on official page,A three-year ACGME-accredited programme with a categorical clinical/endoscopy track and an NIH T32 translational research track.,3 October 2026,https://my.clevelandclinic.org/departments/digestive/medical-professionals/education/gastroenterology-hepatology-fellowship
/programs/endocrinology-diabetes-metabolism-fellowship-cleveland-clinic,"Endocrinology, Diabetes and Metabolism Fellowship",Cleveland Clinic,Internal Medicine,Endocrinology,Endocrinology & Metabolism Institute / Medical Specialty Institute,United States,Cleveland,Ohio,Clinical Fellowship,2 years,Not stated on official page,Not stated on official page,Not stated on official page,Not stated on official page,ACGME-accredited,ERAS only; NRMP Medical Specialties Matching Program; three letters,3 per year,"Year 1 appointed at PGY-4, year 2 at PGY-5",Sponsors J-1 and H-1B visas,Not stated on official page,"An ACGME-accredited endocrinology, diabetes and metabolism fellowship within Cleveland Clinic's Medical Specialty Institute.",3 October 2026,https://my.clevelandclinic.org/departments/endocrinology-metabolism/medical-professionals/endocrinology-diabetes-metabolism-fellowship
/programs/allergy-clinical-immunology-fellowship-cleveland-clinic,Allergy and Clinical Immunology Fellowship,Cleveland Clinic,Internal Medicine,Allergy & immunology,Respiratory Institute,United States,Cleveland,Ohio,Clinical Fellowship,2 years,Not stated on official page,Not stated on official page,Board certified/eligible in Internal Medicine or Pediatrics.,Not stated on official page,Not stated on official page,NRMP Match (IM and Pediatric lists),"2 per year (ideally 1 internal medicine, 1 pediatrics)",Not stated on official page,Not stated on official page,Not stated on official page,"A two-year allergy and clinical immunology fellowship with adult and paediatric continuity clinics, preparing graduates to practise independently.",3 October 2026,https://my.clevelandclinic.org/departments/respiratory/medical-professionals/allergy-clinical-immunology-fellowships
/programs/infectious-disease-fellowship-cleveland-clinic,Infectious Disease Fellowship,Cleveland Clinic,Internal Medicine,Infectious diseases,Department of Infectious Disease,United States,Cleveland,Ohio,Clinical Fellowship,2 years (optional third year),Not stated on official page,Not stated on official page,Completion of a US Internal Medicine residency.,Not stated on official page,Not stated on official page,ERAS (ERAS ID 1463812156); NRMP Match,6 general fellows in the programme,Not stated on official page,Sponsors H-1B and J-1 visas,Not stated on official page,"A clinically oriented two-year ID fellowship with general, transplant/immunocompromised, endocarditis and bone and joint consult training at one of the largest US transplant centres.",3 October 2026,https://my.clevelandclinic.org/departments/respiratory/medical-professionals/infectious-disease-fellowship
/programs/pulmonary-critical-care-medicine-fellowship-cleveland-clinic,Pulmonary & Critical Care Medicine Fellowship,Cleveland Clinic,Internal Medicine,Pulmonary & critical care,Respiratory Institute,United States,Cleveland,Ohio,Clinical Fellowship,Not stated on official page,Not stated on official page,Not stated on official page,Not stated on official page,Not stated on official page,Not stated on official page,ERAS,Not stated on official page,Not stated on official page,Not stated on official page,Not stated on official page,"After completing core board-eligibility requirements, PCCM fellows design a track suited to their goals, including additional clinical training, research or administrative experience.",3 October 2026,https://my.clevelandclinic.org/departments/respiratory/medical-professionals/pulmonary-critical-care-fellowship | https://my.clevelandclinic.org/departments/respiratory/medical-professionals/pulmonary-critical-care-fellowship/overview | https://my.clevelandclinic.org/departments/respiratory/medical-professionals/pulmonary-critical-care-fellowship/apply
/programs/nephrology-hypertension-fellowship-cleveland-clinic,Nephrology and Hypertension Fellowship,Cleveland Clinic,Internal Medicine,Nephrology,"Department of Kidney Medicine, Glickman Urological & Kidney Institute",United States,Cleveland,Ohio,Clinical Fellowship,2 years,Not stated on official page,Not stated on official page,Completed three-year ACGME-accredited Internal Medicine residency.,Not stated on official page,ACGME-accredited,ERAS; programmes begin receiving applications 16 July 2026,5 per class,NIH-funded U2C grant supports one research position per year,Welcomes trainees on J-1 and H-1 visas,Not stated on official page,A two-year ACGME-accredited nephrology fellowship with categorical and research tracks plus optional AST and one-year ACGME transplant nephrology training.,3 October 2026,https://my.clevelandclinic.org/departments/urology-kidney/medical-professionals/nephrology-fellowship-training-program
/programs/sleep-medicine-fellowship-cleveland-clinic,Sleep Medicine Fellowship,Cleveland Clinic,Internal Medicine,Sleep medicine,"Sleep Disorders Center, Neurological Institute",United States,Cleveland,Ohio,Clinical Fellowship,1 year,Not stated on official page,Not stated on official page,Not stated on official page,Not stated on official page,ACGME-accredited,Not stated on official page,Not stated on official page,Not stated on official page,Not stated on official page,Not stated on official page,"A one-year ACGME-accredited programme at the Main Campus Sleep Disorders Center (over 25,000 sleep studies a year) with a 100% board pass rate since at least 2007.",3 October 2026,https://my.clevelandclinic.org/departments/neurological/medical-professionals/fellowships/sleep-medicine
/programs/rheumatology-fellowship-cleveland-clinic,Rheumatology Fellowship,Cleveland Clinic,Internal Medicine,Rheumatology,Orthopaedic & Rheumatologic Institute / Medical Specialties Institute,United States,Cleveland,Ohio,Clinical Fellowship,2 years,1 July 2027,Not stated on official page,Foreign medical graduates must have completed a two-year US-based Internal Medicine residency before joining.,Not stated on official page,ACGME-accredited,ERAS only; NRMP Medical Specialties Matching Program,3 per year,"Year 1 appointed at PGY-4, year 2 at PGY-5",Sponsors J-1 and H-1B visas,Not stated on official page,A two-year ACGME-accredited rheumatology programme of 13 four-week modules per year with continuity clinic where fellows act as the patient's primary rheumatologist.,3 October 2026,https://my.clevelandclinic.org/departments/orthopaedics-rheumatology/medical-professionals/rheumatology-fellowship
/programs/endocrinology-fellowship-duke,Endocrinology Fellowship,Duke University School of Medicine,Internal Medicine,Endocrinology,"Division of Endocrinology, Metabolism & Nutrition, Department of Medicine",United States,Durham,North Carolina,Clinical Fellowship,Not stated on official page,Not stated on official page,Applications reviewed in late July; interviews late August-October,Not stated on official page,Not stated on official page,Not stated on official page,ERAS (Clinical and Research Tracks); NRMP Match; programme signals considered; virtual interviews,Not stated on official page,Not stated on official page,"Rarely sponsors H-1B or J-1 visas (not supported by T32 grant), though well-qualified candidates needing sponsorship are encouraged to apply.",Not stated on official page,"Duke's endocrinology fellowship offers separate Clinical and Research Tracks preparing fellows for clinical practice, research careers or academic clinician-educator roles.",3 October 2026,https://medicine.duke.edu/education-and-training/fellowship-programs/endocrinology-fellowship | https://medicine.duke.edu/education-and-training/fellowship-programs/endocrinology-fellowship/how-apply
/programs/gastroenterology-fellowship-duke,Gastroenterology Fellowship,Duke University School of Medicine,Internal Medicine,Gastroenterology,"Division of Gastroenterology, Department of Medicine",United States,Durham,North Carolina,Clinical Fellowship,3 years,July 2027,Applications from July; interviews September-early October,IMGs must have completed an ACGME-accredited Internal Medicine residency and be ABIM board-eligible in Internal Medicine.,Not stated on official page,Not stated on official page,ERAS; NRMP Match; three letters incl. one from residency Chair/Programme Director; USMLE Steps 1-3,Not stated on official page,Research track supported by T32 grant,J-1 supported on clinical track; H-1B not supported; visa holders not eligible for the T32-funded Research Track.,Not stated on official page,"A three-year general gastroenterology and hepatology programme with clinical and T32-supported research tracks across tertiary, VA and community hospitals.",3 October 2026,https://medicine.duke.edu/education-and-training/fellowship-programs/gastroenterology-fellowship | https://medicine.duke.edu/education-and-training/fellowship-programs/gastroenterology-fellowship/how-apply
/programs/geriatrics-fellowship-duke,Geriatrics Fellowship,Duke University School of Medicine,Internal Medicine,Geriatric medicine,"Division of Geriatrics, Department of Medicine",United States,Durham,North Carolina,Clinical Fellowship,Not stated on official page,Not stated on official page,Not stated on official page,Participation in an ACGME-accredited residency.,ECFMG status report required if applicable.,Not stated on official page,ERAS; NRMP Match; USMLE Steps 1-3 or COMLEX,Not stated on official page,Not stated on official page,Not stated on official page,Not stated on official page,"Trains physicians to become expert clinicians and leaders in clinical work, research and education in geriatrics within a programme with over 40 years of experience.",3 October 2026,https://medicine.duke.edu/education-and-training/fellowship-programs/geriatrics-fellowship | https://medicine.duke.edu/education-and-training/fellowship-programs/geriatrics-fellowship/how-apply
/programs/hematology-oncology-fellowship-duke,Hematology-Oncology Fellowship,Duke University School of Medicine,Internal Medicine,Hematology & oncology,"Divisions of Medical Oncology, Hematological Malignancies and Cellular Therapy, and Hematology",United States,Durham,North Carolina,Clinical Fellowship,3 years,Not stated on official page,Not stated on official page,Must have passed USMLE Step 3 (or equivalent) to enter at PGY-3 level or higher (Duke University Hospital policy).,NIH-funded years 2-3 restricted to US citizens/permanent residents; other candidates considered if fully funded by their government or medical school.,Not stated on official page,ERAS; NRMP Match; four letters requested (one from residency programme director),Average of 21 fellows across all training years,Years 2-3 primarily NIH-funded; Programme page refers to Duke Graduate Medical Education for stipends and benefits.,Not stated on official page,Not stated on official page,"Provides clinical, translational and basic laboratory training in haematology, medical oncology, cell therapy and bone marrow transplantation with over 100 faculty and the Duke Cancer Institute.",3 October 2026,https://medicine.duke.edu/education-and-training/fellowship-programs/hematology-oncology-fellowship | https://medicine.duke.edu/education-and-training/fellowship-programs/hematology-oncology-fellowship/how-apply
/programs/hospice-palliative-medicine-fellowship-duke,Hospice & Palliative Medicine Fellowship,Duke University School of Medicine,Internal Medicine,Palliative medicine,Department of Medicine (Hospice and Palliative Medicine),United States,Durham,North Carolina,Clinical Fellowship,1 year,Not stated on official page,Not stated on official page,Not stated on official page,Not stated on official page,ACGME-accredited,ERAS only; NRMP Match; virtual interviews,Not stated on official page,Not stated on official page,Not stated on official page,Not stated on official page,"Established in 2005, a one-year ACGME-accredited programme training future leaders in hospice and palliative medicine across inpatient and outpatient settings with mentoring from national leaders.",3 October 2026,https://medicine.duke.edu/education-and-training/fellowship-programs/hospice-palliative-medicine-fellowship | https://medicine.duke.edu/education-and-training/fellowship-programs/hospice-palliative-medicine-fellowship/how-apply
/programs/infectious-diseases-fellowship-duke,Infectious Diseases Fellowship,Duke University School of Medicine,Internal Medicine,Infectious diseases,"Division of Infectious Diseases, Department of Medicine",United States,Durham,North Carolina,Clinical Fellowship,3 years (year 1 clinical; years 2-3 research),Not stated on official page,Not stated on official page,IMGs require completion of ACGME-accredited (or equivalent) IM residency and ABIM board-eligibility in IM.,Not stated on official page,Not stated on official page,ERAS; NRMP Specialties Matching Program; virtual interviews,4 first-year positions per year,Programme page refers to Duke Graduate Medical Education for stipends and benefits.,Accepts applicants sponsored on ECFMG J-1 clinical visas,Not stated on official page,"A three-year programme with a clinical first year at Duke University Medical Center and Durham VA followed by research training, with over 80% of graduates in academic ID faculty positions.",3 October 2026,https://medicine.duke.edu/education-and-training/fellowship-programs/infectious-diseases-fellowship | https://medicine.duke.edu/education-and-training/fellowship-programs/infectious-diseases-fellowship/how-apply
/programs/nephrology-fellowship-duke,Nephrology Fellowship,Duke University School of Medicine,Internal Medicine,Nephrology,"Division of Nephrology, Department of Medicine",United States,Durham,North Carolina,Clinical Fellowship,Not stated on official page,1 July 2027,ERAS from July 2026; interviews late August-October; Match Day 2 December 2026,All three USMLE Steps (or COMLEX equivalent) passed before start.,Not stated on official page,Not stated on official page,ERAS only; NRMP 'all in' Match; virtual Zoom interviews,5 fellowship positions annually,Not stated on official page,J-1 and H-1B sponsored for selected applicants,Not stated on official page,"A fellow-driven nephrology programme with night float, integrated VA experience, clinical concentrations and clinical/biomedical investigator pathways.",3 October 2026,https://medicine.duke.edu/education-and-training/fellowship-programs/nephrology-fellowship | https://medicine.duke.edu/education-and-training/fellowship-programs/nephrology-fellowship/how-apply
/programs/pulmonary-critical-care-medicine-fellowship-duke,Pulmonary and Critical Care Medicine Fellowship,Duke University School of Medicine,Internal Medicine,Pulmonary & critical care,"Division of Pulmonary, Allergy and Critical Care Medicine, Department of Medicine",United States,Durham,North Carolina,Clinical Fellowship,3 years (optional 4th year Physician Investigator track),Not stated on official page,Not stated on official page,Not stated on official page,Not stated on official page,Not stated on official page,Not stated on official page,5 fellows per year,Not stated on official page,Not stated on official page,Not stated on official page,"A three-year combined PCCM fellowship producing physicians prepared for academic careers, with dual-certification eligibility and an optional fourth research year.",3 October 2026,https://medicine.duke.edu/education-and-training/fellowship-programs/pulmonary-and-critical-care-medicine-fellowship
/programs/rheumatology-fellowship-duke,Rheumatology Fellowship,Duke University School of Medicine,Internal Medicine,Rheumatology,"Division of Rheumatology and Immunology, Department of Medicine",United States,Durham,North Carolina,Clinical Fellowship,Not stated on official page,Not stated on official page,Not stated on official page,Not stated on official page,ECFMG status report if applicable.,Not stated on official page,ERAS only; NRMP Match; programme signalling; virtual interviews,Not stated on official page,Not stated on official page,Not stated on official page,Not stated on official page,"Trains rheumatologists for private practice, clinician-educator and physician-scientist careers within a top-ranked Division of Rheumatology and Immunology.",3 October 2026,https://medicine.duke.edu/education-and-training/fellowship-programs/rheumatology-fellowship | https://medicine.duke.edu/education-and-training/fellowship-programs/rheumatology-fellowship/how-apply
/programs/gastroenterology-fellowship-emory,Gastroenterology Fellowship Training Program,Emory University School of Medicine,Internal Medicine,Gastroenterology,"Division of Digestive Diseases, Department of Medicine",United States,Atlanta,Georgia,Clinical Fellowship,3 years,Not stated on official page,Not stated on official page,Not stated on official page,Not stated on official page,ACGME-accredited,ERAS; programme signalling (preferential review),5-6 fellows per year,Not stated on official page,Programme sponsors J-1 visas,Not stated on official page,"A three-year ACGME-accredited programme producing board-certified digestive disease subspecialists and clinical investigators, with further training available in advanced endoscopy and transplant hepatology.",3 October 2026,https://med.emory.edu/departments/medicine/divisions/digestive-diseases/education/index.html
/programs/endocrinology-fellowship-emory,Endocrinology Fellowship,Emory University School of Medicine,Internal Medicine,Endocrinology,"Division of Endocrinology, Department of Medicine",United States,Atlanta,Georgia,Clinical Fellowship,2 years (optional third research year),Not stated on official page,Not stated on official page,Completed residency in Internal Medicine and eligible for ABIM internal medicine board exam.,Not stated on official page,Not stated on official page,ERAS only; NRMP Match; required interviews August-November,Not stated on official page,Each fellow receives funds to travel to a national endocrine meeting yearly,Sponsors J-1 and H-1B visas,Not stated on official page,"A two-year endocrinology fellowship with rotations at Emory University Hospital, Emory Midtown, Grady and the Atlanta VA, with strengths in pituitary, bone, lipid, thyroid and diabetes care.",3 October 2026,https://med.emory.edu/departments/medicine/divisions/endocrinology/education/index.html
/programs/geriatric-medicine-fellowship-emory,Geriatric Medicine Fellowship,Emory University School of Medicine,Internal Medicine,Geriatric medicine,"Division of Geriatrics and Gerontology, Department of Medicine",United States,Atlanta,Georgia,Clinical Fellowship,12 months,Not stated on official page,Not stated on official page,Residents trained in internal or family medicine in the United States.,Foreign medical graduates accepted with valid ECFMG certification and US ACGME-accredited IM or FM residency.,ACGME-accredited,ERAS; NRMP Match (applicants accepted only through the Match except in extraordinary circumstances),Not stated on official page,Not stated on official page,Not stated on official page,Not stated on official page,"A 12-month ACGME-accredited clinical programme training fellows in direct and consultative care of diverse older patients at the Atlanta VA, Emory Healthcare and Grady.",3 October 2026,https://med.emory.edu/departments/medicine/divisions/geriatrics-gerontology/education/index.html
/programs/infectious-diseases-fellowship-emory,Infectious Diseases Fellowship,Emory University School of Medicine,Internal Medicine,Infectious diseases,"Division of Infectious Diseases, Department of Medicine",United States,Atlanta,Georgia,Clinical Fellowship,2 years (year 1 clinical; year 2 mentored scholarship),Not stated on official page,Not stated on official page,Not stated on official page,Not stated on official page,Not stated on official page,Not stated on official page,Not stated on official page,Not stated on official page,Not stated on official page,Not stated on official page,"Develops exceptional clinicians and scholars in infectious diseases, with a clinical first year and a second year focused on mentored scholarship in areas such as HIV, transplant ID and stewardship.",3 October 2026,https://med.emory.edu/departments/medicine/divisions/infectious-diseases/education/index.html
/programs/pulmonary-critical-care-fellowship-emory,Pulmonary and Critical Care Medicine Fellowship,Emory University School of Medicine,Internal Medicine,Pulmonary & critical care,"Division of Pulmonary, Allergy, Critical Care, and Sleep Medicine, Department of Medicine",United States,Atlanta,Georgia,Clinical Fellowship,3-4 years,Not stated on official page,Not stated on official page,Not stated on official page,Not stated on official page,Not stated on official page,Not stated on official page,6 fellows per year,Not stated on official page,Not stated on official page,Not stated on official page,Emory's PCCM fellowship recruits six fellows annually for three to four years of clinical and research training.,3 October 2026,https://med.emory.edu/departments/medicine/divisions/pulmonary/education/pulm-fellowship/index.html
/programs/sleep-medicine-fellowship-emory,Sleep Medicine Fellowship,Emory University School of Medicine,Internal Medicine,Sleep medicine,"Division of Pulmonary, Allergy, Critical Care, and Sleep Medicine, Department of Medicine",United States,Atlanta,Georgia,Clinical Fellowship,1 year,Not stated on official page,Not stated on official page,Not stated on official page,Not stated on official page,Not stated on official page,Not stated on official page,4 fellows per year,Not stated on official page,Not stated on official page,Not stated on official page,A comprehensive one-year fellowship combining hands-on clinical sleep medicine experience across multiple sites with a foundation in scholarly pursuits.,3 October 2026,https://med.emory.edu/departments/medicine/divisions/pulmonary/education/sleep-medicine/index.html
/programs/nephrology-fellowship-emory,Nephrology Fellowship,Emory University School of Medicine,Internal Medicine,Nephrology,"Division of Renal Medicine, Department of Medicine",United States,Atlanta,Georgia,Clinical Fellowship,Not stated on official page,Not stated on official page,Not stated on official page,Not stated on official page,Not stated on official page,Not stated on official page,Not stated on official page,Not stated on official page,Not stated on official page,Not stated on official page,Not stated on official page,"Trains outstanding clinical nephrologists and renal physician-scientists across Emory University Hospital, Emory Midtown, Atlanta VA, Grady Memorial and Emory St. Joseph's.",3 October 2026,https://med.emory.edu/departments/medicine/divisions/renal-medicine/education/index.html
/programs/rheumatology-fellowship-emory,Rheumatology Fellowship,Emory University School of Medicine,Internal Medicine,Rheumatology,"Division of Rheumatology, Department of Medicine",United States,Atlanta,Georgia,Clinical Fellowship,2 years,Not stated on official page,Not stated on official page,Not stated on official page,Not stated on official page,ACGME-accredited,Not stated on official page,3 per year (6 total),Not stated on official page,Not stated on official page,Not stated on official page,"A two-year ACGME-accredited programme rotating across four tertiary hospitals with specialised clinics, a musculoskeletal ultrasound curriculum and paediatric rheumatology exposure.",3 October 2026,https://med.emory.edu/departments/medicine/divisions/rheumatology/education/index.html
/programs/hospice-palliative-medicine-fellowship-emory,Hospice and Palliative Medicine Fellowship,Emory University School of Medicine,Internal Medicine,Palliative medicine,"Division of General Medicine and Geriatrics, Department of Medicine",United States,Atlanta,Georgia,Clinical Fellowship,1 year,Not stated on official page,Not stated on official page,Not stated on official page,Not stated on official page,ACGME-accredited (continuous since 2010),Not stated on official page,Not stated on official page,Not stated on official page,Not stated on official page,Not stated on official page,"An ACGME-accredited one-year fellowship founded in 2010 that trains leaders in palliative medicine clinical care, research and education across multiple sites with more than 25 faculty.",3 October 2026,https://med.emory.edu/departments/family-preventive/divisions-programs/palliative-care/hospice-palliative-care-fellowship/index.html
/programs/hematology-medical-oncology-fellowship-emory,Hematology and Medical Oncology Fellowship,Emory University School of Medicine,Internal Medicine,Hematology & oncology,Department of Hematology and Medical Oncology,United States,Atlanta,Georgia,Clinical Fellowship,3 years,Not stated on official page,Not stated on official page,Not stated on official page,Not stated on official page,ACGME-accredited,Not stated on official page,Not stated on official page,Not stated on official page,Not stated on official page,Not stated on official page,"An ACGME-accredited three-year combined programme (plus a hematology-focused track) training haematologists and oncologists to lead clinical and translational research, with mentored research time.",3 October 2026,https://med.emory.edu/departments/hematology-medical-oncology/education-and-training/fellowship/index.html
/programs/rheumatology-fellowship-mayo-clinic-minnesota,Rheumatology Fellowship (Minnesota),Mayo Clinic School of Graduate Medical Education,Internal Medicine,Rheumatology,Mayo Clinic School of Graduate Medical Education (Rochester campus),United States,Rochester,Minnesota,Clinical Fellowship,2 years (optional third year),Not stated on official page,Not stated on official page,Not stated on official page,Not stated on official page,ACGME-accredited,Not stated on official page,2 clinical fellowship positions per year,Not stated on official page,Not stated on official page,Not stated on official page,A two-year rheumatology fellowship at Mayo Clinic in Rochester with an optional research-focused third year and CCaTS certificate or master's coursework.,3 October 2026,https://college.mayo.edu/academics/residencies-and-fellowships/rheumatology-fellowship-minnesota/
/programs/infectious-diseases-fellowship-mayo-clinic-minnesota,Infectious Diseases Fellowship (Minnesota),Mayo Clinic School of Graduate Medical Education,Internal Medicine,Infectious diseases,Mayo Clinic School of Graduate Medical Education (Rochester campus),United States,Rochester,Minnesota,Clinical Fellowship,3 years (12+ months protected research),Not stated on official page,Not stated on official page,Not stated on official page,Not stated on official page,ACGME-accredited,Not stated on official page,Not stated on official page,Institutional funding guaranteed for the dedicated research year,Programme highlights state 'no visa restrictions',Not stated on official page,"A three-year ID fellowship offering in-depth training in clinical practice, education and research, with guaranteed funding for a dedicated research year and a 2:1 faculty-to-fellow ratio.",3 October 2026,https://college.mayo.edu/academics/residencies-and-fellowships/infectious-diseases-fellowship-minnesota/
/programs/hematology-medical-oncology-fellowship-mayo-clinic-minnesota,Hematology and Medical Oncology Fellowship (Minnesota),Mayo Clinic School of Graduate Medical Education,Internal Medicine,Hematology & oncology,Mayo Clinic School of Graduate Medical Education (Rochester campus),United States,Rochester,Minnesota,Clinical Fellowship,3 years,Not stated on official page,Not stated on official page,Not stated on official page,Not stated on official page,ACGME-accredited (since 1987),Not stated on official page,About 10 trainees complete the programme annually,Not stated on official page,Not stated on official page,Not stated on official page,A three-year combined haematology and medical oncology fellowship at Mayo Clinic's Rochester campus leading to ABIM eligibility in both subspecialties.,3 October 2026,https://college.mayo.edu/academics/residencies-and-fellowships/hematologyoncology-fellowship-minnesota/
/programs/pulmonary-critical-care-medicine-fellowship-mayo-clinic-minnesota,Pulmonary and Critical Care Medicine Fellowship (Minnesota),Mayo Clinic School of Graduate Medical Education,Internal Medicine,Pulmonary & critical care,Mayo Clinic School of Graduate Medical Education (Rochester campus),United States,Rochester,Minnesota,Clinical Fellowship,3 years,Not stated on official page,Not stated on official page,Not stated on official page,Not stated on official page,ACGME-accredited,ERAS,Not stated on official page,Not stated on official page,Not stated on official page,Not stated on official page,"A three-year PCCM fellowship emphasising clinical training and research, customised to each fellow, in which fellows perform their own ICU intubations and airway management.",3 October 2026,https://college.mayo.edu/academics/residencies-and-fellowships/pulmonary-and-critical-care-medicine-fellowship-minnesota/
/programs/geriatric-medicine-fellowship-mayo-clinic-minnesota,Geriatric Medicine Fellowship (Minnesota),Mayo Clinic School of Graduate Medical Education,Internal Medicine,Geriatric medicine,Mayo Clinic School of Graduate Medical Education (Rochester campus),United States,Rochester,Minnesota,Clinical Fellowship,12 months (Path A) or 12 months plus a non-ACGME academic year (Path B),Not stated on official page,Not stated on official page,Not stated on official page,Not stated on official page,ACGME-accredited,Not stated on official page,Not stated on official page,Not stated on official page,Not stated on official page,Not stated on official page,An ACGME-accredited geriatric medicine fellowship with a 12-month clinical pathway and an optional additional academic year.,3 October 2026,https://college.mayo.edu/academics/residencies-and-fellowships/geriatric-medicine-fellowship-minnesota/
/programs/infectious-diseases-fellowship-mass-general-brigham,Infectious Diseases Fellowship (Combined MGH-BWH),Mass General Brigham (combined Massachusetts General Hospital and Brigham and Women's Hospital programme),Internal Medicine,Infectious diseases,"Division of Infectious Diseases, Mass General Brigham",United States,Boston,Massachusetts,Clinical Fellowship,2 years (board eligibility); optional further T32-supported research years,7 July 2027,"Apply through ERAS July-August; interviews 22 & 28 September, 5 & 13 October 2026; Match Day 2 December 2026",Not stated on official page,Not stated on official page,Not stated on official page,ERAS; NRMP Match,Not stated on official page,Not stated on official page,Not stated on official page,Not stated on official page,"A combined MGH-BWH programme training leaders in infectious diseases, with a first clinical year across both hospitals, Mass Eye and Ear and Dana-Farber, and clinician-educator or research pathways.",3 October 2026,https://idfellowship.massgeneralbrigham.org/ | https://idfellowship.massgeneralbrigham.org/program/
/programs/gastroenterology-fellowship-mgh-mass-general-brigham,Gastroenterology Fellowship at Massachusetts General Hospital,Massachusetts General Hospital (Mass General Brigham),Internal Medicine,Gastroenterology,"Mass General Brigham Division of Gastroenterology, Hepatology and Endoscopy",United States,Boston,Massachusetts,Clinical Fellowship,Not stated on official page,1 July,Third Wednesday in July (ERAS); interviews September-October,Enrolled in or completed an ACGME-accredited internal medicine residency; minimum 18 months clinical curriculum.,Graduates of international medical schools (except Canadian) need 6-12 months of US-based hands-on clinical experience and three letters from US medical school faculty.,Not stated on official page,ERAS only; NRMP Match,Not stated on official page,Not stated on official page,J-1 and H-1B visa applicants considered on occasion,Licence issued by the Medical Board of Massachusetts required,"Provides a rigorous foundation in patient care, research and teaching for physicians committed to academic gastroenterology, with access to opportunities across the integrated Mass General Brigham division.",3 October 2026,https://gi.massgeneralbrigham.org/education/mgh-gastroenterology-fellowship/
/programs/rheumatology-fellowship-mgh-mass-general-brigham,MGH Rheumatology Fellowship,Massachusetts General Hospital (Mass General Brigham),Internal Medicine,Rheumatology,"Mass General Brigham Division of Rheumatology, Inflammation and Immunity",United States,Boston,Massachusetts,Clinical Fellowship,2 years (ACGME clinical pathway) or 3 years (NIH-sponsored track),1 July,Not stated on official page,Three years of IM postgraduate training (or two under the research residency pathway); board eligible in IM; USMLE Steps I-III passed.,Not stated on official page,ACGME-accredited,ERAS,Not stated on official page,Not stated on official page,Not stated on official page,Not stated on official page,"Trains academic rheumatologists as clinicians, clinician-educators and clinician-scientists, with inpatient consults at MGH and Mass Eye and Ear and over 12,000 outpatient visits a year.",3 October 2026,https://research.massgeneralbrigham.org/en/education-and-training/graduate-medical-education/medicine/mgh-rheumatology-fellowship
/programs/allergy-immunology-fellowship-northwestern,Allergy & Immunology Fellowship,Northwestern University Feinberg School of Medicine (McGaw Medical Center),Internal Medicine,Allergy & immunology,"Division of Allergy & Immunology, Department of Medicine",United States,Chicago,Illinois,Clinical Fellowship,2 years (additional research years encouraged),Not stated on official page,ERAS applications 1 July to 15 September,"Completed ACGME-approved residency in Medicine, Pediatrics or Med-Peds.",Not stated on official page,ACGME-accredited (ACGME ID 0201631016),ERAS; NRMP Match; programme signalling encouraged but not required,4 MD or DO fellows per year,Not stated on official page,Not stated on official page,Not stated on official page,"A two-year ACGME-accredited fellowship (50% clinical, 25% research, 25% education) training leaders in academic allergy and immunology, with a 100% ABAI pass rate since 2002.",3 October 2026,https://www.medicine.northwestern.edu/education/fellowships/allergy-immunology/index.html | https://www.medicine.northwestern.edu/education/fellowships/allergy-immunology/allergy-immunology-fellowship.html
/programs/endocrinology-diabetes-metabolism-fellowship-northwestern,"Endocrinology, Diabetes & Metabolism Fellowship",Northwestern University Feinberg School of Medicine (McGaw Medical Center),Internal Medicine,Endocrinology,"Department of Medicine (Endocrinology, Diabetes & Metabolism)",United States,Chicago,Illinois,Clinical Fellowship,2 years (third year for T32-eligible fellows),Not stated on official page,Not stated on official page,At least two years of ACGME-accredited IM postgraduate training; board-eligible in IM at start; USMLE Steps 1-3 passed.,Not stated on official page,Not stated on official page,NRMP Match; virtual interviews (2026-27 cycle),Not stated on official page,NIH T32 supports most fellows during research years,J-1 holders considered only for two-year clinical track; H-1B not considered; T32 positions and third year limited to US citizens/permanent residents,Eligible for Illinois medical license; temporary license required,"Prepares physicians for academic and clinical endocrinology careers through two years of clinical training and clinical, translational or basic research.",3 October 2026,https://www.medicine.northwestern.edu/education/fellowships/endocrinology/index.html
/programs/gastroenterology-hepatology-fellowship-northwestern,Gastroenterology & Hepatology Fellowship,Northwestern University Feinberg School of Medicine (McGaw Medical Center),Internal Medicine,Gastroenterology,"Division of Gastroenterology & Hepatology, Department of Medicine",United States,Chicago,Illinois,Clinical Fellowship,"3 years (clinical, T32 research, or dual GI/transplant hepatology track)",Not stated on official page,Not stated on official page,Minimum two years ACGME-accredited IM postgraduate training; board eligibility in IM at entry.,"IMGs require a valid ECFMG certificate and J-1, H-1B or permanent resident status.",Not stated on official page,ERAS; NRMP Match; four letters incl. one from residency programme,"3-5 fellows per year (1-2 general GI, 1-2 T32 research, 1 transplant hepatology)",Research track NIH-funded T32,J-1 or H-1B status accepted,Eligible for unrestricted Illinois medical license,"A three-year fellowship providing a comprehensive foundation in clinical care and investigative research, with more than 75% of graduates entering academic positions.",3 October 2026,https://www.medicine.northwestern.edu/education/fellowships/gastroenterology-hepatology/index.html | https://www.medicine.northwestern.edu/education/fellowships/gastroenterology-hepatology/gastroenterology-and-hepatology-fellowship.html
/programs/geriatric-medicine-fellowship-northwestern,Geriatric Medicine Fellowship,Northwestern University Feinberg School of Medicine (McGaw Medical Center),Internal Medicine,Geriatric medicine,Department of Medicine (Geriatrics),United States,Chicago,Illinois,Clinical Fellowship,1 year,Not stated on official page,Not stated on official page,"Completed ACGME-accredited IM or FM residency; ABIM exam eligible; USMLE I, II and III passed at time of application.",Valid ECFMG certification required if applicable.,ACGME-accredited,ERAS only,Not stated on official page,Not stated on official page,"Applicants must be US citizen, permanent resident or hold a J-1 visa",Eligible for unrestricted Illinois medical license,"A one-year ACGME-accredited fellowship with rotations at Northwestern Memorial Hospital and Shirley Ryan AbilityLab, providing excellence in clinical geriatrics, teaching and research.",3 October 2026,https://www.medicine.northwestern.edu/education/fellowships/geriatrics/index.html
/programs/hematology-medical-oncology-fellowship-northwestern,Hematology & Medical Oncology Fellowship,Northwestern University Feinberg School of Medicine (McGaw Medical Center),Internal Medicine,Hematology & oncology,"Division of Hematology and Oncology, Department of Medicine",United States,Chicago,Illinois,Clinical Fellowship,3 years,Not stated on official page,1 August 2026 (complete ERAS application),Only residents in an ACGME-accredited residency in a US hospital are considered.,Non-permanent residents must already hold a visa permitting a three-year stay (usually J).,Not stated on official page,ERAS only; NRMP Match; virtual interviews September 2026,7 per year,Three-year stipends,Appropriate visa (usually J) required,Valid Illinois permanent license required for appointment,"Trains and mentors academic leaders in medical oncology and haematology over three years at McGaw Medical Center, leading to dual board eligibility.",3 October 2026,https://www.medicine.northwestern.edu/education/fellowships/hematology-oncology/index.html
/programs/infectious-diseases-fellowship-northwestern,Infectious Diseases Fellowship,Northwestern University Feinberg School of Medicine (McGaw Medical Center),Internal Medicine,Infectious diseases,"Division of Infectious Diseases, Department of Medicine",United States,Chicago,Illinois,Clinical Fellowship,2 years (optional third research year),Not stated on official page,Not stated on official page,Completed approved US residency providing ABIM eligibility in Internal Medicine.,Not stated on official page,Not stated on official page,ERAS from July; three letters; interviews August-October; NRMP Match,Not stated on official page,Not stated on official page,J-1 holders considered only for two-year clinical track; H-1B not considered; T32 and third-year positions limited to US citizens/permanent residents,Not stated on official page,"A two-year programme with a clinical first year and a highly customisable second year, plus optional mentored research supported by T32 and foundation funding.",3 October 2026,https://www.medicine.northwestern.edu/education/fellowships/infectious-diseases/index.html
/programs/nephrology-fellowship-northwestern,Nephrology Fellowship,Northwestern University Feinberg School of Medicine (McGaw Medical Center),Internal Medicine,Nephrology,"Division of Nephrology & Hypertension, Department of Medicine",United States,Chicago,Illinois,Clinical Fellowship,2 years (3-year integrated Nephrology-Critical Care track),Not stated on official page,Not stated on official page,Completed ACGME-accredited residency; ABIM exam eligible before start.,Valid ECFMG certification and valid visa required if applicable.,Not stated on official page,ERAS only; NRMP Match; interviews from end of August,Not stated on official page,Not stated on official page,Not stated on official page,Eligible for unrestricted medical license before training,"A two-year nephrology fellowship with nine months on the Northwestern Memorial inpatient consult service in year one, VA training, scholarly tracks and an integrated nephrology-critical care option.",3 October 2026,https://www.medicine.northwestern.edu/education/fellowships/nephrology-hypertension/index.html
/programs/pulmonary-critical-care-clinical-fellowship-northwestern,Pulmonary & Critical Care Clinical Fellowship,Northwestern University Feinberg School of Medicine (McGaw Medical Center),Internal Medicine,Pulmonary & critical care,"Division of Pulmonary & Critical Care Medicine, Department of Medicine",United States,Chicago,Illinois,Clinical Fellowship,3 years (extended research training available),Not stated on official page,Previous cycle deadline 16 July (July 2026 start); current-cycle date not stated,Enrolled in or completed ACGME-accredited internal medicine residency.,Not stated on official page,ACGME-accredited,ERAS only; NRMP Medical Specialties Matching Program,Not stated on official page,Not stated on official page,ECFMG-sponsored J-1 (McGaw sponsoring institution); J-1 fees paid by applicant,Not stated on official page,"A three-year combined PCCM fellowship meeting ABIM requirements in both specialties, with continuity clinics at Northwestern and Jesse Brown VA and research opportunities.",3 October 2026,https://www.medicine.northwestern.edu/education/fellowships/pulmonary-critical-care/index.html | https://www.medicine.northwestern.edu/education/fellowships/pulmonary-critical-care/pulmonary-critical-care-clinical-fellowship.html
/programs/rheumatology-fellowship-northwestern,Rheumatology Fellowship,Northwestern University Feinberg School of Medicine (McGaw Medical Center),Internal Medicine,Rheumatology,"Division of Rheumatology, Department of Medicine",United States,Chicago,Illinois,Clinical Fellowship,2 years (optional non-ACGME third research year),Not stated on official page,Not stated on official page,Completed ACGME-accredited Internal Medicine residency; ABIM exam eligible; US citizen/national or permanent resident (T32 support).,"US citizenship, non-citizen national or permanent residence required (NIH T32).",Not stated on official page,ERAS; NRMP Match,Not stated on official page,NIH NRSA T32 training grant,Not stated on official page,Eligible for unrestricted Illinois medical license,"A two-year curriculum preparing fellows for ABIM rheumatology certification, with research or medical education emphasis in year two and an optional T32-supported research year.",3 October 2026,https://www.medicine.northwestern.edu/education/fellowships/rheumatology/index.html
/programs/endocrinology-diabetes-metabolism-fellowship-nyu-langone,"Endocrinology, Diabetes & Metabolism Fellowship",NYU Grossman School of Medicine / NYU Langone Health,Internal Medicine,Endocrinology,"Holman Division of Endocrinology, Diabetes & Metabolism, Department of Medicine",United States,New York,New York,Clinical Fellowship,2 years,Not stated on official page,Not stated on official page,Three years of accredited postgraduate education in internal medicine before fellowship.,Valid ECFMG certificate required for graduates of medical schools outside the US.,ACGME-accredited,ERAS only; three letters incl. residency programme director; programme signalling,Not stated on official page,Not stated on official page,Not stated on official page,Not stated on official page,"A two-year ACGME-accredited fellowship offering experience in patient care, research and teaching across all aspects of endocrinology, diabetes and metabolism.",3 October 2026,https://med.nyu.edu/departments-institutes/medicine/divisions/endocrinology-diabetes-metabolism/fellowship | https://med.nyu.edu/departments-institutes/medicine/divisions/endocrinology-diabetes-metabolism/fellowship/application
/programs/gastroenterology-hepatology-fellowship-nyu-langone,Gastroenterology & Hepatology Three-Year Clinical Fellowship,NYU Grossman School of Medicine / NYU Langone Health,Internal Medicine,Gastroenterology,"Division of Gastroenterology & Hepatology, Department of Medicine",United States,New York,New York,Clinical Fellowship,3 years,Not stated on official page,Not stated on official page,Not stated on official page,Not stated on official page,ACGME-accredited,Not stated on official page,6-7 fellows per year,Not stated on official page,Not stated on official page,Not stated on official page,"A three-year ACGME-accredited clinical fellowship leading to mastery of gastroenterology and endoscopic procedures, with rotations across four hospital sites and outpatient locations.",3 October 2026,https://med.nyu.edu/departments-institutes/medicine/divisions/gastroenterology-hepatology/education/fellowships | https://med.nyu.edu/departments-institutes/medicine/divisions/gastroenterology-hepatology/education/fellowships/three-year-clinical-fellowship
/programs/hematology-medical-oncology-fellowship-nyu-langone,Hematology & Medical Oncology Fellowship,NYU Grossman School of Medicine / NYU Langone Health,Internal Medicine,Hematology & oncology,"Division of Hematology & Medical Oncology, Department of Medicine / Perlmutter Cancer Center",United States,New York,New York,Clinical Fellowship,3 years,1 July 2027,Application cycle runs from July 2026 through mid-August 2026,Not stated on official page,ECFMG status report required if applicable.,Not stated on official page,ERAS only with programme signalling; virtual interviews September-October 2026; no prematch,Not stated on official page,Not stated on official page,Not stated on official page,Not stated on official page,"A three-year combined fellowship training academic physicians in haematology and medical oncology with clinical and research expertise, in collaboration with Perlmutter Cancer Center.",3 October 2026,https://med.nyu.edu/departments-institutes/medicine/divisions/hematology-medical-oncology/education/fellowship | https://med.nyu.edu/departments-institutes/medicine/divisions/hematology-medical-oncology/education/fellowship/application
/programs/infectious-diseases-immunology-fellowship-nyu-langone,Infectious Diseases & Immunology Fellowship,NYU Grossman School of Medicine / NYU Langone Health,Internal Medicine,Infectious diseases,"Division of Infectious Diseases & Immunology, Department of Medicine",United States,New York,New York,Clinical Fellowship,2 years (optional third research year),Not stated on official page,Per ERAS deadlines; interviews August-October,Not stated on official page,Not stated on official page,ACGME-accredited,ERAS only; three letters incl. programme director or chair,4 per year,Not stated on official page,"NYU Langone does not offer H-1B sponsorship for house staff, residents or fellows; J-1 sponsorship available through ECFMG.",Not stated on official page,"A two-year ACGME-accredited ID fellowship with diverse clinical experiences and optional formal research training, plus transplant ID and other concentrations.",3 October 2026,https://med.nyu.edu/departments-institutes/medicine/divisions/infectious-diseases-immunology/education/fellowships/infectious-diseases-immunology-fellowship | https://med.nyu.edu/departments-institutes/medicine/divisions/infectious-diseases-immunology/education/fellowships/infectious-diseases-immunology-fellowship/application
/programs/nephrology-fellowship-nyu-langone,Nephrology Fellowship,NYU Grossman School of Medicine / NYU Langone Health,Internal Medicine,Nephrology,"Division of Nephrology, Department of Medicine",United States,New York,New York,Clinical Fellowship,2 years (optional third year),Not stated on official page,Rolling review; interview contacts after 15 July,Not stated on official page,Not stated on official page,ACGME-accredited,ERAS; NRMP Medical Specialties Matching Program,3 per year,Not stated on official page,Not stated on official page,Not stated on official page,A two-year ACGME-accredited nephrology fellowship following a 21st-century curriculum that prepares fellows for the ABIM nephrology examination.,3 October 2026,https://med.nyu.edu/departments-institutes/medicine/divisions/nephrology/education/fellowship
/programs/pulmonary-critical-care-medicine-fellowship-nyu-langone,Pulmonary & Critical Care Medicine Fellowship,NYU Grossman School of Medicine / NYU Langone Health,Internal Medicine,Pulmonary & critical care,"Division of Pulmonary, Critical Care & Sleep Medicine, Department of Medicine",United States,New York,New York,Clinical Fellowship,3 years,Not stated on official page,Not stated on official page,Not stated on official page,Not stated on official page,ACGME-accredited,ERAS; three letters incl. programme director or chair,8 per year,Not stated on official page,"NYU Langone does not offer H-1B sponsorship for house staff, residents or fellows; J-1 sponsorship available through ECFMG.",Not stated on official page,A three-year ACGME-accredited programme meeting pulmonary and critical care board requirements and individualised to each fellow's career path.,3 October 2026,https://med.nyu.edu/departments-institutes/medicine/divisions/pulmonary-critical-care-sleep-medicine/education/fellowships | https://med.nyu.edu/departments-institutes/medicine/divisions/pulmonary-critical-care-sleep-medicine/education/fellowships/pulmonary-critical-care-medicine
/programs/sleep-medicine-fellowship-nyu-langone,Sleep Medicine Fellowship,NYU Grossman School of Medicine / NYU Langone Health,Internal Medicine,Sleep medicine,"Division of Pulmonary, Critical Care & Sleep Medicine, Department of Medicine",United States,New York,New York,Clinical Fellowship,1 clinical year (optional 1-2 research years),Not stated on official page,Not stated on official page,Not stated on official page,Not stated on official page,Not stated on official page,ERAS,Not stated on official page,Not stated on official page,"NYU Langone does not offer H-1B sponsorship for house staff, residents or fellows; J-1 sponsorship available through ECFMG.",Not stated on official page,"Prepares fellows for academic or clinical sleep medicine careers with training at Bellevue, VA NY Harbor, NYU Langone ambulatory clinics and Tisch Hospital.",3 October 2026,https://med.nyu.edu/departments-institutes/medicine/divisions/pulmonary-critical-care-sleep-medicine/education/fellowships | https://med.nyu.edu/departments-institutes/medicine/divisions/pulmonary-critical-care-sleep-medicine/education/fellowships/sleep-medicine
/programs/rheumatology-fellowship-nyu-langone,Rheumatology Fellowship,NYU Grossman School of Medicine / NYU Langone Health,Internal Medicine,Rheumatology,"Division of Rheumatology, Department of Medicine",United States,New York,New York,Clinical Fellowship,2 years,Not stated on official page,Not stated on official page,Not stated on official page,Not stated on official page,ACGME-accredited,Not stated on official page,4 per year (8 total),Research track supported by T32 training grant and/or other sources,Not stated on official page,Not stated on official page,"A two-year ACGME-accredited rheumatology fellowship within one of the premier US rheumatology divisions, with an optional research track.",3 October 2026,https://med.nyu.edu/departments-institutes/medicine/divisions/rheumatology/education/fellowship
/programs/geriatric-medicine-fellowship-stanford,Geriatric Medicine Fellowship (Stanford-VA Palo Alto),Stanford Medicine,Internal Medicine,Geriatric medicine,"Section of Geriatric Medicine, Department of Medicine; VA Palo Alto Health Care System GRECC",United States,Palo Alto,California,Clinical Fellowship,1 year (optional additional 2-year advanced research training),July 1,Applications open in July via ERAS; interviews August-October; NRMP rank list deadline in November (no fixed closing date stated),Completion of an ACGME or AOA accredited residency in Family Medicine or Internal Medicine by fellowship start; certified or actively pursuing board certification in primary specialty; USMLE/COMLEX Steps 1-3.,"IMGs accepted with ECFMG certification; applicants must be US citizens, permanent residents or hold a J-1 visa.",ACGME-accredited,ERAS; NRMP Match,Up to 3 fellows per year,Not stated on official page,J-1 only; Stanford does not sponsor H-1B visas for international medical graduates.,Must be license-eligible in California,"A one-year ACGME-accredited joint Stanford University and VA Palo Alto Health Care System fellowship, administered by the Palo Alto VA GRECC, that prepares fellows to become skilled practitioners and leaders in Geriatric Medicine.",3 October 2026,https://med.stanford.edu/geriatricmedicine/education/fellowship.html | https://med.stanford.edu/geriatricmedicine/education/fellowship/program-info.html
/programs/rheumatology-fellowship-stanford,Rheumatology Fellowship,Stanford Medicine,Internal Medicine,Rheumatology,"Division of Immunology & Rheumatology, Department of Medicine",United States,Palo Alto,California,Clinical Fellowship,Not stated on official page,Not stated on official page,Applications accepted via ERAS from July 2026 for 2027 positions; interviews start September 2026,"Three years of postgraduate training in Internal Medicine (or two years under the ABIM Research Pathway); Board Eligible in Internal Medicine at start; USMLE I, II and III passed (waivers considered individually).",ECFMG certificate required if applicable; visa status must be submitted by non-US citizens.,Not stated on official page,ERAS; NRMP Match,Not stated on official page,Stanford GME offers salaries matched to the Bay Area cost of living; programme page refers to the Stanford GME website for salaries and benefits.,J-1 visas only,Not stated on official page,"Stanford's rheumatology fellowship trains rheumatologists for careers in immunology, clinical rheumatology or clinical epidemiology of rheumatic diseases, combining cutting-edge science with compassionate care.",3 October 2026,https://med.stanford.edu/immunology/fellowship-program.html | https://med.stanford.edu/immunology/fellowship-program/how-to-apply.html
/programs/hospice-palliative-medicine-fellowship-stanford,Hospice & Palliative Medicine Fellowship,Stanford Medicine,Internal Medicine,Palliative medicine,"Hospice & Palliative Medicine Fellowship Program, Stanford Medicine",United States,Stanford,California,Clinical Fellowship,1 year,July (2027 intake),Submit by 15 August 2026 (ERAS opens 1 July 2026),"Completed residency in child neurology, family medicine, internal medicine, pediatrics, Med/Peds, PM&R, neurology or radiation oncology; or at least three clinical years of anesthesiology, emergency medicine, OB/GYN, psychiatry, radiology or surgery residency.",Not stated on official page,ACGME-accredited (ACGME programme code 5400514019),ERAS; NRMP Match (NRMP code 1820540F0),Not stated on official page,Stipend based on clinical years of residency training; see Stanford GME for benefits.,Stanford can sponsor J-1 visas through its International Students and Scholars Office.,California medical license required before starting,"A one-year ACGME-accredited fellowship with clinical sites spanning an inpatient hospice unit, a safety-net hospital, an academic medical center, long-term care and home-based hospice care.",3 October 2026,https://med.stanford.edu/palliative-fellowship | https://med.stanford.edu/palliative-fellowship/application.html | https://med.stanford.edu/palliative-fellowship/overview.html
/programs/sleep-medicine-fellowship-stanford,Sleep Medicine Fellowship,Stanford Medicine,Internal Medicine,Sleep medicine,"Division of Sleep Medicine, Stanford Medicine",United States,Stanford,California,Clinical Fellowship,1 year,Not stated on official page,Not stated on official page,"Board eligible or certified in Internal Medicine, Neurology, Psychiatry, Pediatrics, Otolaryngology, Family Medicine or Anesthesia through an ACGME-accredited programme.",Not stated on official page,ACGME-accredited,ERAS; NRMP Match,Not stated on official page,Not stated on official page,Not stated on official page,Not stated on official page,"A one-year ACGME-accredited clinical sleep medicine fellowship sponsored by Stanford Hospital and Clinics at the Stanford Sleep Medicine Center, the first fellowship programme accredited by the American Sleep Disorders Association.",3 October 2026,https://med.stanford.edu/sleepdivision/education/sleepmedfellowship.html
/programs/clinical-informatics-fellowship-stanford,Clinical Informatics Fellowship,Stanford Medicine,Internal Medicine,Clinical informatics,"Clinical Informatics Fellowship Program, Stanford Medicine",United States,Stanford,California,Clinical Fellowship,Not stated on official page,July 2027 class,ERAS applications accepted early July to 14 September 2026; AMIA match 17 December 2026,"For AY2027-28, candidates trained in emergency medicine, internal medicine or pediatrics.",Foreign medical graduates may apply; certified English translation of transcript required.,"ACGME-accredited (first ACGME-accredited clinical informatics fellowship in the US, 2014)",ERAS (listed under Clinical Informatics (Pediatrics)); AMIA Clinical Informatics Match,Not stated on official page,Not stated on official page,Not stated on official page,Not stated on official page,"Stanford's ACGME-accredited clinical informatics fellowship offers applied clinical informatics experiences across Stanford Medicine, local health systems and industry.",3 October 2026,https://med.stanford.edu/cifellowship.html | https://med.stanford.edu/cifellowship/apply.html
/programs/blood-marrow-transplantation-cellular-therapy-fellowship-stanford,Blood & Marrow Transplantation and Cellular Therapy Fellowship,Stanford Medicine,Internal Medicine,Hematology & oncology,"Division of Blood & Marrow Transplantation & Cellular Therapy, Department of Medicine",United States,Stanford,California,Clinical Fellowship,1 year,Not stated on official page,Not stated on official page,"Completed fellowship in Hematology or Oncology (rarely, completion of Internal Medicine residency considered).",Not stated on official page,Not stated on official page,Direct application: CV and three letters of support to the Program Director; in-person or Zoom interview,Not stated on official page,Not stated on official page,Not stated on official page,Must be able to obtain a California medical license,A one-year clinical fellowship in hematopoietic cell transplantation and cellular therapy that has trained more than 45 physicians since 2007.,3 October 2026,https://med.stanford.edu/bmt/bmt-fellowship.html | https://med.stanford.edu/bmt/bmt-fellowship/application.html
/programs/endocrinology-diabetes-metabolism-fellowship-ucla,"Endocrinology, Diabetes & Metabolism Fellowship (UCLA-VA)",UCLA Health / David Geffen School of Medicine at UCLA,Internal Medicine,Endocrinology,"Division of Endocrinology, Diabetes & Metabolism, Department of Medicine",United States,Los Angeles,California,Clinical Fellowship,2 years,Not stated on official page,31 August 2026 (ERAS opens 1 July 2026),Not stated on official page,Not stated on official page,Not stated on official page,ERAS; NRMP Match (NRMP code 1956143F0); programme signalling considered,5-6 fellows per year,Not stated on official page,Not stated on official page,Not stated on official page,"The UCLA-VA Endocrinology, Diabetes & Metabolism Fellowship is a two-year programme offering clinical and research training at Ronald Reagan UCLA Medical Center, Santa Monica UCLA Medical Center and the VA Greater Los Angeles Health Care System.",3 October 2026,https://www.uclahealth.org/departments/medicine/endocrinology/fellowship-program | https://www.uclahealth.org/departments/medicine/endocrinology/fellowship-program/application-process
/programs/gastroenterology-digestive-diseases-fellowship-ucla,Digestive Diseases (Gastroenterology) Fellowship,UCLA Health / David Geffen School of Medicine at UCLA,Internal Medicine,Gastroenterology,"Division of Digestive Diseases, Department of Medicine",United States,Los Angeles,California,Clinical Fellowship,3 years (Clinical Scholars Track); Research Scientist Track 4+ years not offered for the 2027 cycle,1 July 2027,"5pm PDT, 17 July 2026","Minimum 36 months of US ACGME-accredited residency (24 consecutive months at the same institution) by fellowship start; passed USMLE Steps 1, 2 and 3 (or COMLEX equivalent).",Not stated on official page,Not stated on official page,ERAS; NRMP Match; programme signalling preferred,6 positions (Clinical Scholars Track) for 2027,Not stated on official page,Not stated on official page,"Valid California medical license, or eligible to apply for one by 1 July","One of the largest GI training programmes, offering clinical and research training across academic, VA, county and community hospitals with clinical and research scholar tracks.",3 October 2026,https://www.uclahealth.org/departments/medicine/gastro/fellowship | https://www.uclahealth.org/departments/medicine/gastro/fellowship/apply-our-program
/programs/geriatric-medicine-fellowship-ucla,Geriatric Medicine Fellowship (UCLA-VA Multicampus),UCLA Health / David Geffen School of Medicine at UCLA,Internal Medicine,Geriatric medicine,"Division of Geriatric Medicine, Department of Medicine",United States,Los Angeles,California,Clinical Fellowship,1 year (combined Geriatric Medicine-Palliative Care fellowship also offered),1 July,15 August,Completed ACGME-accredited residency in Internal Medicine or Family Medicine; USMLE/COMLEX Steps 1-3 transcripts.,International medical graduates welcome.,Not stated on official page,ERAS,Not stated on official page,Not stated on official page,H-1B and J-1 visa sponsorship offered,California medical license within 180 days of enrolment,"A one-year UCLA-VA geriatric medicine fellowship with training across UCLA Health, the Greater Los Angeles VA and Harbor-UCLA, plus community nursing homes and a PACE centre, with optional inpatient, SNF and home-based pathways.",3 October 2026,https://www.uclahealth.org/departments/medicine/geriatrics/fellowship | https://www.uclahealth.org/departments/medicine/geriatrics/fellowship/overview | https://www.uclahealth.org/departments/medicine/geriatrics/fellowship/apply
/programs/hematology-oncology-fellowship-ucla,Hematology & Oncology Fellowship,UCLA Health / David Geffen School of Medicine at UCLA,Internal Medicine,Hematology & oncology,"Division of Hematology-Oncology, Department of Medicine",United States,Los Angeles,California,Clinical Fellowship,"3 years (18 months clinical, 18 months research)",Not stated on official page,Not stated on official page,Not stated on official page,Not stated on official page,ACGME-accredited,ERAS (ERAS code 155-05-21-123); NRMP Match; at least four letters including one from programme director,8 fellows per year,Not stated on official page,Not stated on official page,Not stated on official page,"A three-year ACGME-accredited combined haematology and oncology programme with 18 months of clinical service and 18 months of dedicated research, aimed at developing academic leaders.",3 October 2026,https://www.uclahealth.org/departments/medicine/education-training/fellowship-programs/hematology-oncology-fellowship-program
/programs/hospice-palliative-medicine-fellowship-ucla,Hospice and Palliative Medicine Fellowship,UCLA Health / David Geffen School of Medicine at UCLA,Internal Medicine,Palliative medicine,UCLA Health Palliative Care,United States,Los Angeles,California,Clinical Fellowship,Not stated on official page,Not stated on official page,Not stated on official page,Not stated on official page,Not stated on official page,Not stated on official page,ERAS; three letters of recommendation (one from programme director); virtual interviews,Not stated on official page,All fellows reimbursed at the PGY-4 level regardless of training years,J-1 visa accepted,Active California medical license required by 1 July,"UCLA's hospice and palliative medicine fellowship trains clinically excellent physicians in managing physical, psychological and spiritual distress within interdisciplinary care, with the Greater Los Angeles VA as a participating site.",3 October 2026,https://www.uclahealth.org/medical-services/palliative-care/fellowship | https://www.uclahealth.org/medical-services/palliative-care/fellowship/apply
/programs/infectious-diseases-fellowship-ucla,Infectious Diseases Fellowship (UCLA Multicampus Program),UCLA Health / David Geffen School of Medicine at UCLA,Internal Medicine,Infectious diseases,"Division of Infectious Diseases, Department of Medicine",United States,Los Angeles,California,Clinical Fellowship,2 years (Clinical Scholar track); Academic Research track longer; 3-year combined ID-preventive medicine track,Not stated on official page,Not stated on official page,Not stated on official page,Not stated on official page,Not stated on official page,Not stated on official page,Not stated on official page,Not stated on official page,Not stated on official page,Not stated on official page,"The UCLA Multicampus Program in Infectious Diseases offers academic research and clinical scholar tracks, with rotations at Ronald Reagan UCLA, Santa Monica, VA Greater Los Angeles, Olive View-UCLA and Cedars-Sinai.",3 October 2026,https://www.uclahealth.org/departments/medicine/infectious-diseases/fellowship | https://www.uclahealth.org/departments/medicine/infectious-diseases/fellowship/training-tracks
/programs/nephrology-fellowship-ucla,Nephrology Clinical Fellowship (UCLA-VA),UCLA Health / David Geffen School of Medicine at UCLA,Internal Medicine,Nephrology,"Division of Nephrology, Department of Medicine",United States,Los Angeles,California,Clinical Fellowship,2 years,Not stated on official page,Not stated on official page,Not stated on official page,Not stated on official page,Not stated on official page,Not stated on official page,Not stated on official page,Not stated on official page,Not stated on official page,Not stated on official page,"The integrated UCLA-VA Nephrology Fellowship provides two years of high-acuity clinical training at Ronald Reagan UCLA Medical Center and VA Greater Los Angeles, with optional advanced research training at PhD or master's level.",3 October 2026,https://www.uclahealth.org/departments/medicine/nephrology/fellowship-programs/clinical-fellowship
/programs/pulmonary-critical-care-medicine-fellowship-ucla,Pulmonary and Critical Care Medicine Fellowship,UCLA Health / David Geffen School of Medicine at UCLA,Internal Medicine,Pulmonary & critical care,"Division of Pulmonary, Critical Care & Sleep Medicine, Department of Medicine",United States,Los Angeles,California,Clinical Fellowship,Not stated on official page,Not stated on official page,Not stated on official page,Not stated on official page,Not stated on official page,Not stated on official page,ERAS only (Physician Researcher Track and Clinician Educator Track); programme signalling; virtual interviews from September,Anticipates matching 9 fellows,Not stated on official page,Not stated on official page,Not stated on official page,A four-hospital academic pulmonary and critical care training programme based at Ronald Reagan UCLA Medical Center with Physician Researcher and Clinician Educator tracks.,3 October 2026,https://www.uclahealth.org/departments/medicine/pulmonary/training-programs/pulmonary-and-critical-care-medicine-fellowship-program | https://www.uclahealth.org/departments/medicine/pulmonary/training-programs/pulmonary-and-critical-care-medicine-fellowship-program/ucla-application
/programs/rheumatology-fellowship-ucla,Rheumatology Fellowship,UCLA Health / David Geffen School of Medicine at UCLA,Internal Medicine,Rheumatology,"Division of Rheumatology, Department of Medicine",United States,Los Angeles,California,Clinical Fellowship,Not stated on official page,Not stated on official page,Not stated on official page,Not stated on official page,Not stated on official page,ACGME-accredited,ERAS,ACGME-approved for 10 fellowship slots (number varies with STAR programme participation),Not stated on official page,Not stated on official page,Not stated on official page,"One of the largest rheumatology training programmes in the US, producing bench scientists, clinical investigators/educators and practising clinicians.",3 October 2026,https://www.uclahealth.org/departments/medicine/rheumatology/fellowship
/programs/sleep-medicine-fellowship-ucla,Sleep Medicine Fellowship (UCLA Multi-Campus),UCLA Health / David Geffen School of Medicine at UCLA,Internal Medicine,Sleep medicine,"Division of Pulmonary, Critical Care & Sleep Medicine, Department of Medicine",United States,Los Angeles,California,Clinical Fellowship,Not stated on official page,Not stated on official page,Not stated on official page,Not stated on official page,Not stated on official page,Not stated on official page,ERAS,Not stated on official page,Fellows paid a UCLA PGY-4 salary per UCLA GME policies,Not stated on official page,Not stated on official page,The UCLA Multi-Campus Sleep Medicine Fellowship Program trains clinicians and researchers in sleep disorders through a rigorous training programme.,3 October 2026,https://www.uclahealth.org/medical-services/sleep-medicine/research-education/fellowship | https://www.uclahealth.org/departments/medicine/pulmonary/training-programs/sleep-medicine-fellowship/application-process
/programs/endocrinology-diabetes-metabolism-fellowship-upmc-pittsburgh,"Endocrinology, Diabetes, and Metabolism Fellowship",University of Pittsburgh / UPMC,Internal Medicine,Endocrinology,"Division of Endocrinology and Metabolism, Department of Medicine",United States,Pittsburgh,Pennsylvania,Clinical Fellowship,2 core years (optional 1-2 additional research years),Not stated on official page,Not stated on official page,Board certified or eligible in Internal Medicine.,Not stated on official page,ACGME-accredited,ERAS (rolling review; early submission recommended); Medical Specialties Matching Program; virtual interviews September-October,10 fellows across the two core years,Not stated on official page,H-1B and J-1 candidates considered; T32 positions limited to US citizens/permanent residents,Not stated on official page,"One of the largest endocrinology fellowships in the US, with rotations at UPMC Presbyterian, Shadyside, Magee, Children's Hospital of Pittsburgh and VA Pittsburgh.",3 October 2026,https://dom.pitt.edu/endo/fellowship/ | https://dom.pitt.edu/endo/fellowship/overview/ | https://dom.pitt.edu/endo/fellowship/apply/
/programs/gastroenterology-fellowship-upmc-pittsburgh,Gastroenterology Fellowship,University of Pittsburgh / UPMC,Internal Medicine,Gastroenterology,"Division of Gastroenterology, Department of Medicine",United States,Pittsburgh,Pennsylvania,Clinical Fellowship,3 years (18 months clinical + 18 months individualised training),Not stated on official page,Not stated on official page,Not stated on official page,Not stated on official page,"ACGME-accredited (with commendations, no citations)",ERAS Fellowships only; letter from a gastroenterologist/hepatologist expected,Not stated on official page,Not stated on official page,University of Pittsburgh fellowship programmes sponsor IMGs on H-1B and ECFMG J-1 clinical visas,Not stated on official page,"A rigorous, highly selective programme combining 18 months of intensive clinical training with 18 months of research, advanced clinical or educational development.",3 October 2026,https://dom.pitt.edu/gi/fellowship/ | https://dom.pitt.edu/gi/fellowship/apply/
/programs/transplant-hepatology-fellowship-upmc-pittsburgh,Transplant Hepatology Fellowship,University of Pittsburgh / UPMC,Internal Medicine,Hepatology,Division of Gastroenterology / Thomas E. Starzl Transplantation Institute,United States,Pittsburgh,Pennsylvania,Clinical Fellowship,1 year (traditional fourth year),2026-2027 (currently accepting applications),Not stated on official page,Not stated on official page,Not stated on official page,ACGME-accredited,AASLD Match (traditional 4th year); dual-certification pathway for internal UPMC GI fellows only,Not stated on official page,Not stated on official page,Not stated on official page,Not stated on official page,"Training in clinical hepatology and liver transplantation at UPMC and the Starzl Transplantation Institute, including a high-volume living donor liver transplant programme and transplant oncology.",3 October 2026,https://dom.pitt.edu/gi/transplant-hepatology-fellowship/
/programs/hematology-oncology-fellowship-upmc-pittsburgh,Hematology/Oncology Fellowship,University of Pittsburgh / UPMC,Internal Medicine,Hematology & oncology,UPMC Hillman Cancer Center,United States,Pittsburgh,Pennsylvania,Clinical Fellowship,Not stated on official page,Not stated on official page,31 August 2026 (ERAS opens July),IMGs: graduate of an ECFMG-certified medical school with at least three years of internal medicine education.,Not stated on official page,Not stated on official page,ERAS; programme director's letter plus three faculty letters; virtual interviews September-October,Not stated on official page,See UPMC Graduate Medical Education stipends/benefits (linked from programme page),UPMC Medical Education Program sponsors J-1 and H-1B visas,Not stated on official page,"The UPMC Hematology/Oncology Fellowship trains future leaders in haematology/oncology research, education and clinical care through individualised training and mentorship.",3 October 2026,https://hillmanresearch.upmc.edu/training/medical-students-residents/hem-onc | https://hillmanresearch.upmc.edu/training/medical-students-residents/hem-onc/apply
/programs/infectious-diseases-fellowship-upmc-pittsburgh,Infectious Diseases Fellowship,University of Pittsburgh / UPMC,Internal Medicine,Infectious diseases,"Division of Infectious Diseases, Department of Medicine",United States,Pittsburgh,Pennsylvania,Clinical Fellowship,Not stated on official page,Not stated on official page,Not stated on official page,Not stated on official page,Not stated on official page,ACGME-accredited,ERAS,Not stated on official page,Not stated on official page,Not stated on official page,Not stated on official page,"An ACGME-accredited ID fellowship with an individualised curriculum and physician-scientist, clinician-educator and subspecialty tracks at UPMC.",3 October 2026,https://dom.pitt.edu/id/fellowship/ | https://dom.pitt.edu/id/fellowship/overview/
/programs/nephrology-fellowship-upmc-pittsburgh,Nephrology Fellowship,University of Pittsburgh / UPMC,Internal Medicine,Nephrology,Department of Medicine (Nephrology),United States,Pittsburgh,Pennsylvania,Clinical Fellowship,2 years (optional grant-funded third research year),Not stated on official page,Not stated on official page,Completion of an ACGME-accredited Internal Medicine residency; USMLE Steps 1-3.,Not stated on official page,Not stated on official page,ERAS only; three letters incl. residency programme director,Not stated on official page,Not stated on official page,Sponsors J-1 visas and supports continuation of H-1B visas,Not stated on official page,"A two-year nephrology programme spanning four major hospitals, with 11 months of clinical rotations in year one and flexible research or advanced clinical training in year two.",3 October 2026,https://dom.pitt.edu/renal/fellowship/ | https://dom.pitt.edu/renal/fellowship/overview/ | https://dom.pitt.edu/renal/fellowship/apply/
/programs/hospice-palliative-medicine-fellowship-upmc-pittsburgh,Hospice and Palliative Medicine Fellowship,University of Pittsburgh / UPMC,Internal Medicine,Palliative medicine,"Section of Palliative Care and Medical Ethics, Division of General Internal Medicine",United States,Pittsburgh,Pennsylvania,Clinical Fellowship,Not stated on official page,Not stated on official page,Not stated on official page,"Completed ACGME- or AOA-accredited residency in anesthesiology, EM, FM, IM, neurology, OB/GYN, pediatrics, PM&R, psychiatry, radiation oncology or surgery; board-certified/eligible; interest in an academic or scholarly palliative care career.",Not stated on official page,Not stated on official page,ERAS; NRMP Match; USMLE/COMLEX Steps 1-3,Not stated on official page,Not stated on official page,Not stated on official page,Not stated on official page,"Prepares physicians for leadership in palliative care clinical work, education and research across inpatient, outpatient, home hospice and long-term care settings.",3 October 2026,https://dom.pitt.edu/dgim/fellowship/hospice-palliative/ | https://dom.pitt.edu/dgim/fellowship/hospice-palliative/apply/
/programs/geriatric-medicine-fellowship-upmc-pittsburgh,Geriatric Medicine Fellowship,University of Pittsburgh / UPMC,Internal Medicine,Geriatric medicine,"Division of Geriatric Medicine, Department of Medicine",United States,Pittsburgh,Pennsylvania,Clinical Fellowship,1 year clinical (2-year GeriPal and 1-4 additional research years available),Not stated on official page,Not stated on official page,Not stated on official page,Not stated on official page,Not stated on official page,Not stated on official page,Not stated on official page,Not stated on official page,Not stated on official page,Not stated on official page,"The University of Pittsburgh/UPMC geriatric fellowship offers tracks from a one-year clinical fellowship to a four-year research academic fellowship, including a combined geriatrics-palliative option.",3 October 2026,https://dom.pitt.edu/geri/fellowship/
/programs/pulmonary-critical-care-medicine-fellowship-upmc-pittsburgh,Pulmonary and Critical Care Medicine Fellowship,University of Pittsburgh / UPMC,Internal Medicine,Pulmonary & critical care,"Division of Pulmonary, Allergy, Critical Care & Sleep Medicine, Department of Medicine",United States,Pittsburgh,Pennsylvania,Clinical Fellowship,36 months,Not stated on official page,Not stated on official page,Not stated on official page,Not stated on official page,ACGME-accredited,ERAS; signals strongly weighted; virtual interviews via Thalamus September-October; separate NRMP number for Clinician-Educator Track,7 fellows per year,Not stated on official page,Not stated on official page,Not stated on official page,A 36-month ACGME-accredited PCCM fellowship for physicians pursuing academic careers with rigour in both clinical and research training.,3 October 2026,https://dom.pitt.edu/paccsm/fellowship/ | https://dom.pitt.edu/paccsm/fellowship/apply/
/programs/sleep-medicine-fellowship-upmc-pittsburgh,Sleep Medicine Fellowship,University of Pittsburgh / UPMC,Internal Medicine,Sleep medicine,"Division of Pulmonary, Allergy, Critical Care & Sleep Medicine, Department of Medicine",United States,Pittsburgh,Pennsylvania,Clinical Fellowship,1 year,Not stated on official page,Not stated on official page,Not stated on official page,Not stated on official page,ACGME-accredited,Not stated on official page,3 fellows (including 1 Sleep ENT Surgery Track),Not stated on official page,Not stated on official page,Not stated on official page,"A one-year ACGME-accredited sleep medicine fellowship with multidisciplinary faculty across pulmonary, neurology, pediatrics, psychiatry/psychology and otolaryngology.",3 October 2026,https://dom.pitt.edu/paccsm/sleep-fellowship/
/programs/rheumatology-clinical-immunology-fellowship-upmc-pittsburgh,Rheumatology and Clinical Immunology Fellowship,University of Pittsburgh / UPMC,Internal Medicine,Rheumatology,"Division of Rheumatology and Clinical Immunology, Department of Medicine",United States,Pittsburgh,Pennsylvania,Clinical Fellowship,"2 years (optional third year, e.g. NIH T32)",Not stated on official page,Not stated on official page,Not stated on official page,Not stated on official page,Not stated on official page,ERAS,3 per year (6 clinical fellows total),Not stated on official page,Not stated on official page,Not stated on official page,"A rheumatology fellowship with clinical training across tertiary centres, community hospitals and the VA, and individualised paths in clinical practice, medical education or research.",3 October 2026,https://dom.pitt.edu/rheum/fellowship/ | https://dom.pitt.edu/rheum/fellowship/apply/
/programs/clinical-informatics-fellowship-upmc-pittsburgh,Clinical Informatics Fellowship,University of Pittsburgh / UPMC,Internal Medicine,Clinical informatics,"Division of General Internal Medicine, Department of Medicine",United States,Pittsburgh,Pennsylvania,Clinical Fellowship,2 years,Not stated on official page,Not stated on official page,Not stated on official page,Not stated on official page,ACGME-accredited,Not stated on official page,Not stated on official page,Not stated on official page,Not stated on official page,Not stated on official page,"A two-year ACGME-accredited fellowship preparing physicians to become innovative leaders in clinical informatics, leading to board certification eligibility.",3 October 2026,https://dom.pitt.edu/dgim/fellowship/clinical-informatics/
/programs/gastroenterology-fellowship-ut-southwestern,Gastroenterology Fellowship,UT Southwestern Medical Center,Internal Medicine,Gastroenterology,"Division of Digestive and Liver Diseases, Department of Internal Medicine",United States,Dallas,Texas,Clinical Fellowship,3 years (Clinical Track); Investigator Track typically 4 years,Not stated on official page,Not stated on official page,Passed all USMLE or COMLEX steps; three years of prior Internal Medicine residency; three letters. T32 Investigator Track limited to US citizens/permanent residents.,Not stated on official page,ACGME-accredited,ERAS; NRMP Match,Not stated on official page,"Salary per programme page: PGY4 $82,225; PGY5 $86,343; PGY6 $89,505; PGY7 $95,050",UT Southwestern accepts permanent residents or ECFMG-sponsored J-1 visas; does not sponsor H-1B.,Not stated on official page,An ACGME-accredited GI fellowship with a three-year Clinical Track (clinical educator or clinical research pathways) and an NIH T32-supported Investigator Track.,3 October 2026,https://www.utsouthwestern.edu/departments/internal-medicine/divisions/digestive-liver-diseases/education-training/fellowships/gastroenterology-fellowship.html
/programs/transplant-hepatology-fellowship-ut-southwestern,Transplant Hepatology Fellowship,UT Southwestern Medical Center,Internal Medicine,Hepatology,"Division of Digestive and Liver Diseases, Department of Internal Medicine",United States,Dallas,Texas,Clinical Fellowship,1 year,Not stated on official page,Not stated on official page,Gastroenterology board eligible.,Not stated on official page,ACGME-accredited,Not stated on official page,Not stated on official page,"Salary per programme page: PGY4 $82,225; PGY5 $86,343; PGY6 $89,505; PGY7 $95,050",UT Southwestern accepts permanent residents or ECFMG-sponsored J-1 visas; does not sponsor H-1B.,Not stated on official page,"A one-year ACGME-accredited clinical liver transplant fellowship based at William P. Clements Jr. University Hospital, leading to transplant hepatology board eligibility and UNOS certification.",3 October 2026,https://www.utsouthwestern.edu/departments/internal-medicine/divisions/digestive-liver-diseases/education-training/fellowships/transplant-hepatology.html
/programs/endocrinology-diabetes-metabolism-fellowship-ut-southwestern,"Endocrinology, Diabetes and Metabolism Fellowship",UT Southwestern Medical Center,Internal Medicine,Endocrinology,"Division of Endocrinology, Department of Internal Medicine",United States,Dallas,Texas,Clinical Fellowship,2 years (optional third year),1 July,Strongly recommended to complete application by 1 September,Three years of prior Internal Medicine residency; three letters (one from current Program Director).,"Only US citizens, permanent residents or ECFMG J-1 visa holders accepted.",Not stated on official page,ERAS; NRMP Match,Not stated on official page,Not stated on official page,J-1 (ECFMG) only; H-1B not routinely offered,Not stated on official page,"A comprehensive two-year programme (optional third year) combining inpatient and outpatient clinical training at Parkland, Clements University Hospital and the VA with research opportunities.",3 October 2026,https://www.utsouthwestern.edu/departments/internal-medicine/divisions/endocrinology/fellowships/endocrine-fellowship/
/programs/hospice-palliative-medicine-fellowship-ut-southwestern,Hospice and Palliative Medicine Fellowship,UT Southwestern Medical Center,Internal Medicine,Palliative medicine,"Division of General Internal Medicine, Department of Internal Medicine",United States,Dallas,Texas,Clinical Fellowship,1 year (adult and pediatric tracks),Not stated on official page,Not stated on official page,"Completed ACGME- or AOA-accredited residency in anesthesiology, emergency medicine, family medicine, internal medicine or other eligible specialties.",Not stated on official page,Not stated on official page,Not stated on official page,Pediatric track accepts 1-2 per year; adult track numbers not stated,"Fellowship Year 1 (PGY4) $82,225",UT Southwestern accepts permanent residents or ECFMG-sponsored J-1 visas; does not sponsor H-1B.,Not stated on official page,"A one-year hospice and palliative medicine fellowship with adult and pediatric tracks rotating through Parkland, Clements University Hospital, Children's Medical Center Dallas, hospice and long-term care.",3 October 2026,https://www.utsouthwestern.edu/departments/internal-medicine/divisions/general-internal-medicine/education-training/hospice-palliative-fellowship.html
/programs/geriatric-medicine-fellowship-ut-southwestern,Geriatric Medicine Fellowship,UT Southwestern Medical Center,Internal Medicine,Geriatric medicine,"Division of Geriatrics, Department of Internal Medicine",United States,Dallas,Texas,Clinical Fellowship,1 year (second-year positions available for academic/research careers),Not stated on official page,Not stated on official page,Not stated on official page,Not stated on official page,Not stated on official page,ERAS; interviews September-October,Not stated on official page,"Fellowship Year 1 (PGY4) $82,255 (as listed on programme page)",Welcomes J-1 applicants; does not sponsor H-1B for clinical trainees,Not stated on official page,"A one-year primary care track fellowship spanning acute, ambulatory, community and long-term care for older adults, conducted with the UT Southwestern Internal Medicine residency.",3 October 2026,https://www.utsouthwestern.edu/departments/internal-medicine/divisions/geriatrics/education-training/fellowship/
/programs/hematology-oncology-fellowship-ut-southwestern,Hematology and Oncology Fellowship,UT Southwestern Medical Center,Internal Medicine,Hematology & oncology,"Division of Hematology and Oncology, Department of Internal Medicine",United States,Dallas,Texas,Clinical Fellowship,Not stated on official page,Not stated on official page,Not stated on official page,USMLE (incl. Step 2 CK) passed at time of application; ACGME-accredited internal medicine residency completed by start.,Not stated on official page,Not stated on official page,ERAS (signals preferred); three letters incl. one from IM programme director,Not stated on official page,"Salary per programme page: PGY4 $82,225; PGY5 $86,343; PGY6 $89,505; PGY7 $95,050",UT Southwestern accepts permanent residents or ECFMG-sponsored J-1 visas; does not sponsor H-1B.,Not stated on official page,"Trains excellent haematologists and oncologists for impact in clinical research, basic science, industry and practice, with multiple training tracks.",3 October 2026,https://www.utsouthwestern.edu/departments/internal-medicine/divisions/hematology-oncology/fellowships/
/programs/infectious-diseases-fellowship-ut-southwestern,Infectious Diseases Fellowship,UT Southwestern Medical Center,Internal Medicine,Infectious diseases,"Division of Infectious Diseases, Department of Internal Medicine",United States,Dallas,Texas,Clinical Fellowship,2 years clinical (optional 1-3 additional research years),July 2027,15 October (ERAS),Not stated on official page,Not stated on official page,Not stated on official page,ERAS; NRMP Match,Not stated on official page,Not stated on official page,UT Southwestern accepts permanent residents or ECFMG-sponsored J-1 visas; does not sponsor H-1B.,Not stated on official page,"A two-year general ID fellowship centred at four major teaching sites, with optional additional years of basic, translational or clinical research.",3 October 2026,https://www.utsouthwestern.edu/departments/internal-medicine/divisions/infectious-diseases/fellowship-programs/general/
/programs/nephrology-fellowship-ut-southwestern,Nephrology Fellowship,UT Southwestern Medical Center,Internal Medicine,Nephrology,"Division of Nephrology, Department of Internal Medicine",United States,Dallas,Texas,Clinical Fellowship,Not stated on official page,Not stated on official page,Not stated on official page,Not stated on official page,Not stated on official page,Not stated on official page,Virtual visits and virtual interviews; NRMP Match,Not stated on official page,Not stated on official page,Not stated on official page,Not stated on official page,"Since 1956, UT Southwestern's nephrology fellowship has provided comprehensive clinical and research training built on broad clinical experience and a strong research faculty.",3 October 2026,https://www.utsouthwestern.edu/departments/internal-medicine/divisions/nephrology/fellowship/
/programs/pulmonary-critical-care-fellowship-ut-southwestern,Pulmonary & Critical Care Fellowship,UT Southwestern Medical Center,Internal Medicine,Pulmonary & critical care,"Division of Pulmonary and Critical Care Medicine, Department of Internal Medicine",United States,Dallas,Texas,Clinical Fellowship,3 years (Clinical Track) or 4 years (Physician Investigator Track),Not stated on official page,Not stated on official page,Not stated on official page,Not stated on official page,Not stated on official page,ERAS only; NRMP Match; apply to one track,Not stated on official page,Physician Investigator Track supported by NIH T32,UT Southwestern accepts permanent residents or ECFMG-sponsored J-1 visas; does not sponsor H-1B.,Not stated on official page,"A PCCM fellowship with a three-year Clinical Track and a four-year Physician Investigator Track, with training at Parkland and UT Southwestern hospitals.",3 October 2026,https://www.utsouthwestern.edu/departments/internal-medicine/divisions/pulmonary-critical-care/education-training/pulmonary-fellowship.html
/programs/rheumatology-fellowship-ut-southwestern,Rheumatology Fellowship,UT Southwestern Medical Center,Internal Medicine,Rheumatology,"Division of Rheumatic Diseases, Department of Internal Medicine",United States,Dallas,Texas,Clinical Fellowship,2 years,Not stated on official page,Not stated on official page,Not stated on official page,Not stated on official page,Not stated on official page,ERAS; three letters incl. programme director,4 per year,"PGY4 $82,225; PGY5 $86,343; PGY6 $89,505; PGY7 $95,050; PGY8 $100,944 (per programme page)",Programme page states H-1B sponsorship is not allowed for postgraduate training programmes,Not stated on official page,A two-year rheumatology fellowship across three major training sites fostering clinically competent rheumatologists comfortable with complex rheumatic diseases.,3 October 2026,https://www.utsouthwestern.edu/departments/internal-medicine/divisions/rheumatic-diseases/education-training/
/programs/infectious-diseases-fellowship-university-of-washington,Infectious Diseases Fellowship,University of Washington School of Medicine,Internal Medicine,Infectious diseases,"Division of Allergy & Infectious Diseases, Department of Medicine",United States,Seattle,Washington,Clinical Fellowship,2-4 years,July,ERAS applications in July; reviewed in August (no fixed closing date stated),Not stated on official page,ECFMG certificate required if applicable.,Not stated on official page,ERAS; NRMP Match (participation required); virtual interviews September-October,Not stated on official page,Not stated on official page,Not stated on official page,Not stated on official page,"One of the oldest ID training programmes in the US (since 1960), offering broad clinical training at four hospitals plus clinical investigation over two to four years.",3 October 2026,https://aid.uw.edu/education-and-fellowships/ID-fellowship | https://aid.uw.edu/education-and-fellowships/ID-fellowship/for-prospective-applicants
/programs/allergy-immunology-fellowship-university-of-washington,Allergy & Immunology Fellowship,University of Washington School of Medicine,Internal Medicine,Allergy & immunology,"Division of Allergy & Infectious Diseases, Department of Medicine (with Seattle Children's Hospital)",United States,Seattle,Washington,Clinical Fellowship,Not stated on official page,July 2027 (for July 2026 applicants),1 September 2026,Not stated on official page,Not stated on official page,ACGME-accredited,ERAS only; mandatory virtual interview,Not stated on official page,Not stated on official page,Not stated on official page,Not stated on official page,"An individualised allergy and immunology fellowship with core clinical rotations, electives and mentored scholarly activity across UW, Seattle Children's Hospital and Northwest Asthma & Allergy Center.",3 October 2026,https://aid.uw.edu/education-and-fellowships/allergy-immunology-fellowship | https://aid.uw.edu/education-and-fellowships/allergy-immunology-fellowship/apply
/programs/gastroenterology-fellowship-university-of-washington,Gastroenterology Fellowship,University of Washington School of Medicine,Internal Medicine,Gastroenterology,"Division of Gastroenterology, Department of Medicine",United States,Seattle,Washington,Clinical Fellowship,3 years (Clinician-Teacher or dual GI/Transplant Hepatology); 4 years (Physician-Scientist),Not stated on official page,Applications from 1 July 2026; review begins 15 July; rank list deadline 18 November; Match Day 2 December,Not stated on official page,Not stated on official page,ACGME-accredited,ERAS; NRMP Match; Thalamus for interviews,Not stated on official page,Physician-Scientist pathway funded by NIH T32 training grant,Not stated on official page,Not stated on official page,"Training gastroenterologists since 1950, the UW programme offers Clinician-Teacher, Physician-Scientist and dual GI/Transplant Hepatology tracks across five Seattle-area training sites.",3 October 2026,https://gastro.uw.edu/fellowship/gastro | https://gastro.uw.edu/fellowship/gastro/how-to-apply
/programs/transplant-hepatology-fellowship-university-of-washington,Transplant Hepatology Fellowship,University of Washington School of Medicine,Internal Medicine,Hepatology,"Division of Gastroenterology, Department of Medicine",United States,Seattle,Washington,Clinical Fellowship,1 year,Not stated on official page,Not stated on official page,Completed Gastroenterology fellowship in an ACGME-accredited programme; board-certified/eligible in Gastroenterology.,Not stated on official page,ACGME-accredited,Not stated on official page,Not stated on official page,Not stated on official page,Not stated on official page,Not stated on official page,"A one-year ACGME-accredited transplant hepatology fellowship based at UW Medical Center's active liver transplant programme and VA Puget Sound, including clinical research.",3 October 2026,https://gastro.uw.edu/fellowship/transplant-hepatology
/programs/geriatric-medicine-fellowship-university-of-washington,Geriatric Medicine Fellowship,University of Washington School of Medicine,Internal Medicine,Geriatric medicine,"Division of Gerontology & Geriatric Medicine, Department of Medicine",United States,Seattle,Washington,Clinical Fellowship,Not stated on official page,Not stated on official page,"Rolling, July to early October",Completed ACGME-accredited residency in Family Medicine or Internal Medicine before fellowship start.,Non-US citizens welcome to apply; ECFMG status report if applicable.,Not stated on official page,ERAS; NRMP Match (code 1918151F0); interviews via Thalamus,Not stated on official page,Not stated on official page,Per UW GME Visa Policy (linked from programme page),Not stated on official page,"Prepares future leaders in geriatric medicine through training at Harborview, VA Puget Sound and UW Medical Center plus PACE, post-acute care and home visits; an integrated two-year geriatrics-palliative option is also offered.",3 October 2026,https://geriatrics.uw.edu/education/fellowships | https://geriatrics.uw.edu/education/fellowships/how-apply
/programs/palliative-medicine-fellowship-university-of-washington,Palliative Medicine Fellowship,University of Washington School of Medicine,Internal Medicine,Palliative medicine,"Division of Gerontology & Geriatric Medicine, Department of Medicine",United States,Seattle,Washington,Clinical Fellowship,1 year,Not stated on official page,Not stated on official page,Not stated on official page,Not stated on official page,Not stated on official page,Not stated on official page,"Up to 5 per year (4 adult track, 1 pediatric track)",Not stated on official page,Not stated on official page,Not stated on official page,"A one-year fellowship training physicians to deliver palliative care for severely and chronically ill patients of all ages across inpatient consult services, palliative care units, long-term care, home hospice and clinics.",3 October 2026,https://geriatrics.uw.edu/hpm-fellowship
/programs/hematology-oncology-fellowship-university-of-washington,Hematology-Oncology Fellowship (UW/Fred Hutch),University of Washington School of Medicine,Internal Medicine,Hematology & oncology,University of Washington / Fred Hutchinson Cancer Center,United States,Seattle,Washington,Clinical Fellowship,Typically 3 years (dual boards); single-subspecialty and ABIM Research Pathway also considered,July 2027,All materials in ERAS by the date released to programmes (typically third Wednesday in July),"Completed or enrolled in ACGME, ACGME-I, RCPSC, CFPC or AOA internal medicine residency; passed all USMLE/COMLEX exams; commitment to academic medicine; US citizenship or permanent residence by NRMP rank deadline.",US citizenship/permanent residence required in most cases (T32 funding); exception possible for classical haematology track.,ACGME-accredited (ACGME #1555413151),ERAS with programme signals (primary screen); NRMP Match,Not stated on official page,Partially funded by federal T32 grants; fellows are University of Washington employees,Generally unable to sponsor J-1 or H-1B; applicants needing sponsorship with classical haematology interest may be eligible via separate funding.,Not stated on official page,"An ACGME-accredited fellowship using resources across multiple institutions to prepare fellows for academic careers in basic, translational and clinical research in haematology and oncology.",3 October 2026,https://www.fredhutch.org/en/education-training/postdoctoral-fellows-programs/hematology-oncology-program.html | https://www.fredhutch.org/en/education-training/postdoctoral-fellows-programs/hematology-oncology-program/eligibility-application-information.html
/programs/endocrinology-metabolism-fellowship-university-of-washington,"Endocrinology, Metabolism & Nutrition Fellowship",University of Washington School of Medicine,Internal Medicine,Endocrinology,"Division of Metabolism, Endocrinology & Nutrition, Department of Medicine",United States,Seattle,Washington,Clinical Fellowship,2 years (Clinical Scholar) or 3 years (Research Scholar),Not stated on official page,31 July 2026 (complete ERAS application),Completion of ACGME- or RCPSC-accredited internal medicine residency; eligible for VA Puget Sound appointment (incl. Selective Service where applicable). Research track open only to US citizens/permanent residents.,Not stated on official page,ACGME-accredited,ERAS; NRMP Match (Clinical Scholar 1918143F1; Research Scholar 1918143F0),Not stated on official page,Compensation per CIR-NW collective bargaining agreement; see UW GME Prospective Residents & Fellows page (linked from programme page).,J-1 and H-1B sponsorship for the two-year clinical scholar track only (per UW GME Visa Policy),Not stated on official page,"Trains physicians in diabetes, endocrinology, metabolism and nutrition across UW Medical Center, Harborview and VA Puget Sound, with clinical scholar and research scholar tracks.",3 October 2026,https://endocrinology.uw.edu/fellowship | https://endocrinology.uw.edu/fellowship/how-to-apply
/programs/nephrology-fellowship-university-of-washington,Nephrology Fellowship,University of Washington School of Medicine,Internal Medicine,Nephrology,"Division of Nephrology, Department of Medicine",United States,Seattle,Washington,Clinical Fellowship,2 years clinical (research track at least 2 additional years),Not stated on official page,Not stated on official page,US board-certified or board-eligible in Internal Medicine (or ABIM 'exceptionally qualified'); US clinical experience recommended.,Not stated on official page,ACGME-accredited since 1983,ERAS; NRMP Match; virtual interviews September-October,5-6 fellows per year (up to 2 research track),Compensation per CIR-NW collective bargaining agreement; see UW GME Prospective Residents & Fellows page (linked from programme page).,"US citizen, permanent resident or J-1 only; H-1B applicants not considered",Eligible for Washington State medical licensure,"A highly competitive ACGME-accredited nephrology fellowship with clinical training at Harborview, UW Medical Center and Puget Sound VA plus outpatient dialysis at Northwest Kidney Centers.",3 October 2026,https://nephrology.uw.edu/education/fellowship | https://nephrology.uw.edu/education/fellowship/how-to-apply
/programs/pulmonary-critical-care-medicine-fellowship-university-of-washington,Pulmonary and Critical Care Medicine Fellowship,University of Washington School of Medicine,Internal Medicine,Pulmonary & critical care,"Division of Pulmonary, Critical Care & Sleep Medicine, Department of Medicine",United States,Seattle,Washington,Clinical Fellowship,Not stated on official page,Not stated on official page,1 August (all materials),Completed ACGME- or RCPSC-accredited Internal Medicine residency; must be eligible for an NIH T32 stipend.,Not stated on official page,Not stated on official page,"ERAS (one track only); signals encouraged; NRMP Match (Physician-scientist 1918156F0, Clinician-educator 1918156F1, Clinical 1918156F2)","2026 season: 3 physician-scientist, 1 clinician-educator, 2 clinical track",Primarily supported by NIH (T32 stipend eligibility required),Not stated on official page,Not stated on official page,"Trains academic leaders, scientists and scholars in pulmonary and critical care medicine through physician-scientist, clinician-educator and clinical tracks.",3 October 2026,https://pulmccsm.uw.edu/education/pulmonary-critical-care-fellowship | https://pulmccsm.uw.edu/education/pulmonary-critical-care-fellowship/application-eligibility-selection
/programs/sleep-medicine-fellowship-university-of-washington,Sleep Medicine Fellowship,University of Washington School of Medicine,Internal Medicine,Sleep medicine,"Division of Pulmonary, Critical Care & Sleep Medicine, Department of Medicine",United States,Seattle,Washington,Clinical Fellowship,1 year,Not stated on official page,Not stated on official page,"Board eligible in internal medicine, neurology, psychiatry, otolaryngology, pediatrics, family medicine or anesthesiology.",Not stated on official page,ACGME-accredited,Not stated on official page,Not stated on official page,Not stated on official page,Not stated on official page,Not stated on official page,"A one-year multidisciplinary ACGME-accredited clinical sleep fellowship based at the UW Medicine Sleep Center at Harborview, with training at UWMC, VA Puget Sound and Seattle Children's.",3 October 2026,https://pulmccsm.uw.edu/education/sleep-medicine-fellowship
/programs/rheumatology-fellowship-university-of-washington,Rheumatology Fellowship,University of Washington School of Medicine,Internal Medicine,Rheumatology,"Division of Rheumatology, Department of Medicine",United States,Seattle,Washington,Clinical Fellowship,Not stated on official page,July 2027 (AY2027-28),ERAS; interview invitations early August 2026; interviews 18 August-13 October 2026,Completed (or on track to complete) ACGME-accredited Internal Medicine residency; ABIM certification eligible.,IMGs with valid ECFMG certification and active US clinical training welcome.,ACGME-accredited (full accreditation),ERAS; NRMP Match; virtual interview via Thalamus,Not stated on official page,Not stated on official page,J-1 sponsored; H-1B only in exceptional circumstances,Eligible for Washington State medical license before start,"Training rheumatologists since 1967, the UW programme combines nine months of inpatient consults in year one across three Seattle hospitals with individualised clinical, educator and physician-scientist development.",3 October 2026,https://rheumatology.uw.edu/fellowship | https://rheumatology.uw.edu/fellowship/apply
/programs/allergy-immunology-fellowship-vanderbilt,Allergy/Immunology Fellowship,Vanderbilt University Medical Center,Internal Medicine,Allergy & immunology,"Division of Allergy, Pulmonary and Critical Care Medicine, Department of Medicine",United States,Nashville,Tennessee,Clinical Fellowship,2 years (NIH T32 support possible for years 3-5),Not stated on official page,Not stated on official page,"Completed residency in internal medicine, pediatrics or medicine/pediatrics.",Not stated on official page,Not stated on official page,Not stated on official page,Not stated on official page,Three NIH T32s may support salary for years 3-5 for research-track fellows (competitive),Not stated on official page,Not stated on official page,"A two-year programme training academic clinicians and investigators in allergy and immunology, meeting American Board of Allergy and Immunology certification requirements.",3 October 2026,https://medicine.vumc.org/divisions/allergy-pulmonary-critical-care-medicine/education/allergy-immunology-fellowship
/programs/pulmonary-critical-care-medicine-fellowship-vanderbilt,Pulmonary and Critical Care Medicine Fellowship,Vanderbilt University Medical Center,Internal Medicine,Pulmonary & critical care,"Division of Allergy, Pulmonary and Critical Care Medicine, Department of Medicine",United States,Nashville,Tennessee,Clinical Fellowship,3 years (about half complete an optional 4th year),Not stated on official page,Not stated on official page,Not stated on official page,Not stated on official page,Not stated on official page,Not stated on official page,6 fellows per year,T32 support available for a fourth research year,Not stated on official page,Not stated on official page,"A three-year programme producing expert clinicians with exceptional research training, customised to research- or clinically-focused academic careers without designated tracks.",3 October 2026,https://medicine.vumc.org/divisions/allergy-pulmonary-critical-care-medicine/education/pulmonary-critical-care-fellowship
/programs/endocrinology-clinical-fellowship-vanderbilt,Endocrinology Clinical Fellowship,Vanderbilt University Medical Center,Internal Medicine,Endocrinology,"Division of Diabetes, Endocrinology and Metabolism, Department of Medicine",United States,Nashville,Tennessee,Clinical Fellowship,Not stated on official page,Not stated on official page,Not stated on official page,Not stated on official page,Not stated on official page,Not stated on official page,ERAS; NRMP Match; three letters of recommendation,Not stated on official page,Four weeks paid vacation; 403(b) retirement matched up to 5%; see VUMC GME for house staff benefits,J-1 supported; H-1B not supported under most circumstances,Not stated on official page,"Since 1956, Vanderbilt's individually tailored endocrinology fellowship has trained over 200 graduates for clinical or research careers.",3 October 2026,https://medicine.vumc.org/divisions/diabetes-endocrinology-metabolism/education/endocrinology-clinical-fellowship
/programs/gastroenterology-fellowship-vanderbilt,Gastroenterology Fellowship,Vanderbilt University Medical Center,Internal Medicine,Gastroenterology,"Division of Gastroenterology, Hepatology and Nutrition, Department of Medicine",United States,Nashville,Tennessee,Clinical Fellowship,Not stated on official page,Not stated on official page,Not stated on official page,Not stated on official page,Not stated on official page,ACGME-accredited,Not stated on official page,5 new fellows per year,Research track supported by NIH T32 (trainees must be T32-eligible),Not stated on official page,Not stated on official page,An ACGME-accredited programme training future leaders in academic gastroenterology with clinical and research tracks and an ABIM combined GI/Transplant Hepatology option.,3 October 2026,https://medicine.vumc.org/divisions/gastroenterology-hepatology-nutrition/education/gastroenterology-fellowship
/programs/transplant-hepatology-fellowship-vanderbilt,Transplant Hepatology Fellowship,Vanderbilt University Medical Center,Internal Medicine,Hepatology,"Division of Gastroenterology, Hepatology and Nutrition / Vanderbilt Transplant Center",United States,Nashville,Tennessee,Clinical Fellowship,Not stated on official page,Not stated on official page,Not stated on official page,Not stated on official page,Not stated on official page,Not stated on official page,AASLD-sponsored match,Not stated on official page,Not stated on official page,Can consider applicants who need visa sponsorship,Not stated on official page,"Transplant hepatology training at the Vanderbilt Transplant Center, one of the ten largest US transplant institutes, performing 160-180 liver transplants a year.",3 October 2026,https://medicine.vumc.org/divisions/gastroenterology-hepatology-nutrition/education/transplant-hepatology-fellowship
/programs/hospice-palliative-care-fellowship-vanderbilt,Hospice and Palliative Care Fellowship,Vanderbilt University Medical Center,Internal Medicine,Palliative medicine,"Section of Palliative Care, Division of General Internal Medicine and Public Health",United States,Nashville,Tennessee,Clinical Fellowship,1 year clinical (research tracks add 2 years),Not stated on official page,Not stated on official page,"Completed ACGME-accredited, AOA-approved, ACGME-I Advanced Specialty-accredited, or RCPSC/CFPC-accredited residency.",Not stated on official page,ACGME-accredited,Virtual interviews,Not stated on official page,Not stated on official page,Not stated on official page,Not stated on official page,"An interdisciplinary, multi-campus programme at VUMC and VA Tennessee Valley that has trained over 30 fellows since 2008, with clinical and research tracks.",3 October 2026,https://medicine.vumc.org/divisions/general-internal-medicine-public-health/sections/palliative-care/fellowship
/programs/geriatric-medicine-fellowship-vanderbilt,Geriatric Medicine Fellowship,Vanderbilt University Medical Center,Internal Medicine,Geriatric medicine,"Division of Geriatric Medicine, Department of Medicine",United States,Nashville,Tennessee,Clinical Fellowship,1 year clinical (2-year VA advanced/Quality Scholars tracks optional),July,Not stated on official page,Completed ACGME-accredited residency in Internal Medicine or Family Medicine; ACGME-I and non-ACGME IM/FM graduates via the exceptional candidate pathway.,ACGME-I and non-ACGME-accredited residency graduates considered via exceptional candidate pathway.,Not stated on official page,Not stated on official page,Up to 4 clinical fellows per year,Not stated on official page,Not stated on official page,Not stated on official page,"An interdisciplinary, multi-campus programme at Vanderbilt Health and VA Tennessee Valley that has trained 49 fellows since 2000, developing leaders in age-friendly healthcare.",3 October 2026,https://medicine.vumc.org/divisions/geriatric-medicine/education/fellowship
/programs/hematology-oncology-fellowship-vanderbilt,Hematology and Oncology Fellowship,Vanderbilt University Medical Center,Internal Medicine,Hematology & oncology,Division of Hematology and Oncology / Vanderbilt-Ingram Cancer Center,United States,Nashville,Tennessee,Clinical Fellowship,3 years (combined path); up to 18 months research,Not stated on official page,Not stated on official page,Board eligible or certified in Internal Medicine.,Not stated on official page,Not stated on official page,ERAS (no paper applications); few interviews offered to non-signalling applicants,Not stated on official page,Not stated on official page,Not stated on official page,Not stated on official page,"Provides training in all aspects of clinical haematology and oncology leading to ABIM dual certification, with research opportunities from molecular biology to clinical investigation.",3 October 2026,https://medicine.vumc.org/divisions/hematology-oncology/education/fellowship
/programs/infectious-diseases-fellowship-vanderbilt,Infectious Diseases Fellowship,Vanderbilt University Medical Center,Internal Medicine,Infectious diseases,"Division of Infectious Diseases, Department of Medicine",United States,Nashville,Tennessee,Clinical Fellowship,Not stated on official page,Not stated on official page,2 September 2026,Not stated on official page,Not stated on official page,Not stated on official page,ERAS; NRMP Match; not participating in ERAS programme signalling this cycle,Not stated on official page,Not stated on official page,J-1 supported; H-1B not supported,Not stated on official page,"A fellowship with a clinical consult year at VUMC and the Nashville VA followed by mentored research, within a division with NIH-funded HIV, H. pylori, drug hypersensitivity and mycobacteria programmes.",3 October 2026,https://medicine.vumc.org/divisions/infectious-diseases/education/infectious-diseases-fellowship-program
/programs/nephrology-fellowship-vanderbilt,Nephrology Fellowship,Vanderbilt University Medical Center,Internal Medicine,Nephrology,"Division of Nephrology and Hypertension, Department of Medicine",United States,Nashville,Tennessee,Clinical Fellowship,2-3 years (two-year clinical track; three-year educator/research tracks),Not stated on official page,Not stated on official page,Not stated on official page,Not stated on official page,Not stated on official page,NRMP 'all in' Match,Not stated on official page,NIH T32 training grant for selected fellows,Not stated on official page,Not stated on official page,"Provides MD and/or PhD fellows with clinical and research training across AKI, CKD, ESKD, transplantation and paediatrics, tailored to each fellow's career path.",3 October 2026,https://medicine.vumc.org/divisions/nephrology-hypertension/education/nephrology-fellowship
/programs/rheumatology-fellowship-vanderbilt,Rheumatology Fellowship,Vanderbilt University Medical Center,Internal Medicine,Rheumatology,"Division of Rheumatology and Immunology, Department of Medicine",United States,Nashville,Tennessee,Clinical Fellowship,2 years,Not stated on official page,Not stated on official page,Not stated on official page,ECFMG status report if applicable.,ACGME-accredited,ERAS; NRMP Match,3 fellows per year,Not stated on official page,Interviews may be granted to applicants requiring J-1 visas,Not stated on official page,A two-year ACGME-accredited fellowship providing comprehensive clinical rheumatology training plus instruction in investigative rheumatology and basic science research.,3 October 2026,https://medicine.vumc.org/divisions/rheumatology-immunology/fellowship-program
/programs/endocrinology-diabetes-metabolism-fellowship-washu,"Endocrinology, Diabetes & Metabolism Fellowship",Washington University School of Medicine in St. Louis (WashU Medicine),Internal Medicine,Endocrinology,"Division of Endocrinology, Metabolism & Lipid Research, John T. Milken Department of Medicine",United States,St. Louis,Missouri,Clinical Fellowship,Not less than 2 years; 3 years strongly recommended,Not stated on official page,Not stated on official page,Successful completion of a three-year internal medicine programme; US citizenship or valid visa.,Foreign medical graduates must provide proof of passing ECFMG certifying examinations.,Fulfils ACGME and ABIM requirements (clinical track),ERAS only; virtual interviews,4 first-year fellows,Not stated on official page,J-1 and H-1 transfer visas considered depending on funding availability each year,Not stated on official page,"One of the oldest training programmes in endocrinology, diabetes and metabolism, training academically oriented physicians and scientists through research and clinical training.",3 October 2026,https://endocrinology.wustl.edu/education/ | https://endocrinology.wustl.edu/education/fellowship-program/clinical-fellowship-application/
/programs/allergy-immunology-fellowship-washu,Allergy & Immunology Fellowship,Washington University School of Medicine in St. Louis (WashU Medicine),Internal Medicine,Allergy & immunology,"Division of Allergy and Immunology, Department of Medicine",United States,St. Louis,Missouri,Clinical Fellowship,2 years (optional third research year),Not stated on official page,Not stated on official page,"Three years of internal medicine or pediatrics residency, or four years of med/peds; PSTP short-track trainees may apply after two years.",Not stated on official page,ACGME-accredited,ERAS; NRMP Match (separate IM and pediatric selection),2 internal medicine and 1 pediatric position per year,Stipends and benefits maintained by the WashU/Barnes-Jewish/St. Louis Children's GME Consortium (per programme page).,Not stated on official page,Not stated on official page,"A two-year ACGME-accredited combined adult and paediatric allergy and immunology fellowship developing future leaders, with faculty from internal medicine and paediatrics.",3 October 2026,https://allergy.wustl.edu/education/
/programs/gastroenterology-fellowship-washu,General Gastroenterology Fellowship,Washington University School of Medicine in St. Louis (WashU Medicine),Internal Medicine,Gastroenterology,"Division of Gastroenterology, Department of Medicine",United States,St. Louis,Missouri,Clinical Fellowship,3 years,Not stated on official page,Not stated on official page,Not stated on official page,Not stated on official page,Not stated on official page,ERAS; NRMP Match,Not stated on official page,Not stated on official page,Unable to accept H-1B; J-1 accepted for the track not funded by the NIH training grant when appropriate,Not stated on official page,"A three-year general gastroenterology fellowship within a division reporting 90% of alumni in academic positions, with advanced endoscopy, IBD and hepatology training available afterwards.",3 October 2026,https://gastro.wustl.edu/education/ | https://gastro.wustl.edu/education/fellowship/applying/
/programs/geriatric-medicine-fellowship-washu,Geriatric Medicine Fellowship,Washington University School of Medicine in St. Louis (WashU Medicine),Internal Medicine,Geriatric medicine,"Division of General Internal Medicine, Department of Medicine",United States,St. Louis,Missouri,Clinical Fellowship,1 year (mandatory clinical year),Not stated on official page,Not stated on official page,"Completed three-year ACGME-accredited Internal Medicine or Family Medicine residency, or RCPSC IM / CFPC FM residency, before appointment.",Not stated on official page,Not stated on official page,ERAS; interviews by invitation,Not stated on official page,Not stated on official page,Not stated on official page,Not stated on official page,"A small geriatric medicine fellowship developing clinicians and leaders in clinical geriatrics, medical education, aging research and health care improvement, with interdisciplinary team care of older adults.",3 October 2026,https://generalinternalmedicine.wustl.edu/education/geriatrics-medicine-fellowship/
/programs/hematology-oncology-fellowship-washu,Hematology-Oncology Fellowship,Washington University School of Medicine in St. Louis (WashU Medicine),Internal Medicine,Hematology & oncology,"Divisions of Hematology and Oncology, Department of Medicine / Siteman Cancer Center",United States,St. Louis,Missouri,Clinical Fellowship,3 years,Not stated on official page,Not stated on official page,Not stated on official page,Not stated on official page,ACGME-accredited,Not stated on official page,"8 new fellows per year, plus 1 Hematology Focused Fellowship Training Program position",Not stated on official page,Not stated on official page,Not stated on official page,"A three-year ACGME-accredited programme training future leaders in academic haematology and oncology using WashU Medicine, Barnes-Jewish Hospital and Siteman Cancer Center, with clinical provider, clinical investigator and laboratory tracks.",3 October 2026,https://hemeoncfellowship.wustl.edu/ | https://hemeoncfellowship.wustl.edu/program-information/
/programs/infectious-diseases-fellowship-washu,Infectious Diseases Fellowship,Washington University School of Medicine in St. Louis (WashU Medicine),Internal Medicine,Infectious diseases,"Division of Infectious Diseases, Department of Medicine",United States,St. Louis,Missouri,Clinical Fellowship,2 years (integrated programme for most fellows),Not stated on official page,Not stated on official page,"MD, MD/PhD, DO or equivalent (e.g., MBBS) and completed accredited internal medicine residency.",IMGs with US residency welcome; IMGs with non-US IM residency eligible with valid ECFMG certification and USMLE Step 3 passed at time of application.,ACGME-accredited,ERAS (July cycle); three letters and personal statement,Not stated on official page,Not stated on official page,Visa sponsorship available,Not stated on official page,A fellow-centred ACGME-accredited programme combining comprehensive clinical ID training with protected scholarly time to develop the next generation of ID leaders.,3 October 2026,https://infectiousdiseases.wustl.edu/fellowship-education/fellowship/
/programs/hospice-palliative-medicine-fellowship-washu,Hospice and Palliative Medicine Fellowship,Washington University School of Medicine in St. Louis (WashU Medicine),Internal Medicine,Palliative medicine,"Division of Palliative Medicine, Department of Medicine",United States,St. Louis,Missouri,Clinical Fellowship,1 year,Not stated on official page,Not stated on official page,Not stated on official page,Not stated on official page,ACGME-accredited,Not stated on official page,Adult and pediatric tracks (one fellow per year per track as stated),Not stated on official page,Not stated on official page,Not stated on official page,"A one-year ACGME-accredited fellowship with interdisciplinary adult and paediatric teams at Barnes-Jewish Hospital, St. Louis Children's Hospital and Evelyn's House.",3 October 2026,https://palliativemedicine.wustl.edu/hospice-palliative-medicine-fellowship/
/programs/pulmonary-critical-care-medicine-fellowship-washu,Pulmonary & Critical Care Medicine Fellowship,Washington University School of Medicine in St. Louis (WashU Medicine),Internal Medicine,Pulmonary & critical care,"Division of Pulmonary & Critical Care Medicine, Department of Medicine",United States,St. Louis,Missouri,Clinical Fellowship,3 years (training-grant research pathway adds 6 months),Not stated on official page,Not stated on official page,Completed ACGME-certified internal medicine programme.,Not stated on official page,Not stated on official page,ERAS; NRMP code 1353156F0,Not stated on official page,Training grant fellows receive at least 24 months protected research time,Not stated on official page,Not stated on official page,"A three-year fellowship combining broad pulmonary training with multidisciplinary critical care, with 18 months of core clinical rotations and optional physician-scientist research.",3 October 2026,https://pulmonary.wustl.edu/education/ | https://pulmonary.wustl.edu/education/pulmonary-critical-care-medicine-fellowship/
/programs/rheumatology-fellowship-washu,Adult Rheumatology Fellowship,Washington University School of Medicine in St. Louis (WashU Medicine),Internal Medicine,Rheumatology,"Division of Rheumatology, Department of Medicine",United States,St. Louis,Missouri,Clinical Fellowship,Not stated on official page,Not stated on official page,Not stated on official page,Not stated on official page,Not stated on official page,Not stated on official page,Not stated on official page,Not stated on official page,Not stated on official page,Not stated on official page,Not stated on official page,"Trains rheumatologists to deliver excellent care and advance the field through clinical care, scientific inquiry, education, leadership and advocacy, with career development tracks at Barnes-Jewish Hospital.",3 October 2026,https://rheumatology.wustl.edu/fellowship-program/ | https://rheumatology.wustl.edu/fellowship-program/training-and-curriculum/
/programs/nephrology-fellowship-washu,Nephrology Fellowship,Washington University School of Medicine in St. Louis (WashU Medicine),Internal Medicine,Nephrology,"Division of Nephrology, Department of Medicine",United States,St. Louis,Missouri,Clinical Fellowship,2 years (research track third year supported by the division),Not stated on official page,Not stated on official page,Not stated on official page,Not stated on official page,Not stated on official page,ERAS only (no paper applications),Not stated on official page,"$1,200 yearly continuing education stipend; research track third year funded by the division",Not stated on official page,Not stated on official page,"A two-year nephrology fellowship with a four-week orientation, inpatient, transplant, specialty and home-modality training, night float and a division-funded research track.",3 October 2026,https://nephrology.wustl.edu/education/nephrology-fellowship/
/programs/medical-oncology-hematology-fellowship-yale,Medical Oncology-Hematology Fellowship,Yale School of Medicine,Internal Medicine,Hematology & oncology,Department of Internal Medicine / Yale Cancer Center,United States,New Haven,Connecticut,Clinical Fellowship,36 months,Not stated on official page,ERAS opens in July; application deadline at the end of August,Not stated on official page,Not stated on official page,Not stated on official page,ERAS; NRMP Match,Includes 1 fellow per year in the ASH Hematology-Focused Fellowship Training Program,Not stated on official page,Not stated on official page,Not stated on official page,A 36-month programme providing comprehensive clinical training in neoplasia and classical haematology with robust research experience to prepare fellows for academic careers.,3 October 2026,https://medicine.yale.edu/internal-medicine/education/fellowship/oncology-hematology/
/programs/hospice-palliative-medicine-fellowship-yale,Hospice & Palliative Medicine Fellowship,Yale School of Medicine,Internal Medicine,Palliative medicine,Department of Internal Medicine,United States,New Haven,Connecticut,Clinical Fellowship,Not stated on official page,Not stated on official page,Not stated on official page,"Completed ACGME-accredited residency of at least 3 years in surgery, psychiatry, emergency medicine, internal medicine, IM/pediatrics, neurology, radiation oncology, anesthesia, OB/GYN or PM&R with board eligibility/certification.",Valid ECFMG certificate required for IMGs.,Not stated on official page,ERAS; NRMP Match; signals considered; virtual interviews,3 fellows per year,Not stated on official page,J-1 and H-1B sponsorship available,Not stated on official page,"A fellow-centred hospice and palliative medicine fellowship at Yale that matches programme strengths to each fellow's interests, with T32 research opportunities.",3 October 2026,https://medicine.yale.edu/internal-medicine/education/fellowship/palliative/ | https://medicine.yale.edu/internal-medicine/education/fellowship/palliative/application/
/programs/infectious-diseases-fellowship-yale,Infectious Diseases Fellowship,Yale School of Medicine,Internal Medicine,Infectious diseases,"Section of Infectious Diseases, Department of Internal Medicine",United States,New Haven,Connecticut,Clinical Fellowship,Multiple tracks; ABIM Research Pathway track includes four fellowship years,Not stated on official page,Not stated on official page,Not stated on official page,Not stated on official page,ACGME-accredited,Not stated on official page,5 fellows per year,Not stated on official page,Not stated on official page,Not stated on official page,"An ACGME-accredited programme offering clinical ID training with emphasis on education and investigation across Yale New Haven Hospital and VA Connecticut, preparing academic clinicians, educators and physician scientists.",3 October 2026,https://medicine.yale.edu/internal-medicine/infdis/fellowship/
/programs/rheumatology-fellowship-yale,Rheumatology Fellowship,Yale School of Medicine,Internal Medicine,Rheumatology,"Section of Rheumatology, Allergy & Immunology, Department of Internal Medicine",United States,New Haven,Connecticut,Clinical Fellowship,Typically 2 years clinical; traditional fellowship includes 2+ years of research,Not stated on official page,Not stated on official page,Not stated on official page,Not stated on official page,Not stated on official page,ERAS; NRMP Match,Not stated on official page,Not stated on official page,Not stated on official page,Not stated on official page,"Yale's rheumatology fellowship develops academic and clinical leaders, preparing fellows as physician scientists or expert clinicians and educators in rheumatology, allergy and immunology.",3 October 2026,https://medicine.yale.edu/internal-medicine/raci/rheumatology/rheumatology-fellowship/
/programs/gastroenterology-hepatology-fellowship-yale,Gastroenterology and Hepatology Fellowship,Yale School of Medicine,Internal Medicine,Gastroenterology,"Section of Digestive Diseases, Department of Internal Medicine",United States,New Haven,Connecticut,Clinical Fellowship,3 years (PhD pathway typically 4-5 years),Not stated on official page,Not stated on official page,Not stated on official page,Not stated on official page,ACGME-accredited,ERAS,Not stated on official page,Not stated on official page,Not stated on official page,Not stated on official page,"A three-year ACGME-accredited fellowship with a clinical first year at Yale New Haven Hospital and VA Connecticut, followed by clinical or research track training.",3 October 2026,https://medicine.yale.edu/internal-medicine/digestivediseases/fellowships-education/gastro-hepatology/
/programs/advanced-transplant-hepatology-fellowship-yale,Advanced Transplant Hepatology Fellowship,Yale School of Medicine,Internal Medicine,Hepatology,"Section of Digestive Diseases, Department of Internal Medicine",United States,New Haven,Connecticut,Clinical Fellowship,1 year,2027-2028 academic year,Not stated on official page,Completed general gastroenterology fellowship at ACGME-accredited or equivalent programme; eligible for ABIM Gastroenterology Board.,Not stated on official page,ACGME-accredited,AASLD transplant hepatology match,Not stated on official page,Not stated on official page,Not stated on official page,Not stated on official page,"A one-year ACGME-accredited fellowship at the Yale New Haven Transplantation Center with intensive training in adult, paediatric and living donor liver transplantation.",3 October 2026,https://medicine.yale.edu/internal-medicine/digestivediseases/fellowships-education/advanced-transplant-hepatology/
/programs/clinical-endocrinology-fellowship-yale,Clinical Endocrinology Fellowship,Yale School of Medicine,Internal Medicine,Endocrinology,"Section of Endocrinology & Metabolism, Department of Internal Medicine",United States,New Haven,Connecticut,Clinical Fellowship,2 years (3-year traditional fellowship also offered),Not stated on official page,Not stated on official page,Not stated on official page,Not stated on official page,Not stated on official page,"ERAS only; CV, personal statement, three letters",Not stated on official page,Not stated on official page,Not stated on official page,Not stated on official page,"A two-year clinical endocrinology fellowship with about 22 months of inpatient consult and outpatient clinic training plus a scholarly project, alongside a three-year traditional track.",3 October 2026,https://medicine.yale.edu/internal-medicine/endocrinology-metabolism/fellowship-training/clinical-training/
/programs/geriatric-medicine-clinical-fellowship-yale,Geriatric Medicine Clinical Fellowship,Yale School of Medicine,Internal Medicine,Geriatric medicine,"Section of Geriatrics, Department of Internal Medicine",United States,New Haven,Connecticut,Clinical Fellowship,Not stated on official page,Not stated on official page,ERAS opens for subspecialties in July,Not stated on official page,Not stated on official page,Not stated on official page,ERAS; NRMP Match (100% participation),Not stated on official page,Not stated on official page,Not stated on official page,Not stated on official page,"Geriatric medicine fellows rotate across inpatient, outpatient and community settings affiliated with Yale New Haven Hospital and VA Connecticut, with an emphasis on interdisciplinary, Age-Friendly care.",3 October 2026,https://medicine.yale.edu/internal-medicine/geriatrics/fellowships/medicine/
/programs/clinical-nephrology-fellowship-yale,Clinical Nephrology Fellowship,Yale School of Medicine,Internal Medicine,Nephrology,"Section of Nephrology, Department of Internal Medicine",United States,New Haven,Connecticut,Clinical Fellowship,2 years (academic clinician track),Not stated on official page,Not stated on official page,Completed three-year ACGME-accredited internal medicine residency by fellowship start.,Not stated on official page,Not stated on official page,ERAS only; interview slots allocated by timing of receipt,Not stated on official page,Not stated on official page,J-1 and H-1B sponsored,Not stated on official page,"A two-year nephrology academic clinician track focused on clinical skills, teaching and education, with inpatient rotations in year one and flexible inpatient/outpatient training in year two.",3 October 2026,https://medicine.yale.edu/internal-medicine/nephrol/fellowships-education/clinical/
/programs/pulmonary-critical-care-medicine-fellowship-yale,Pulmonary and Critical Care Medicine Fellowship,Yale School of Medicine,Internal Medicine,Pulmonary & critical care,"Section of Pulmonary, Critical Care and Sleep Medicine, Department of Internal Medicine",United States,New Haven,Connecticut,Clinical Fellowship,3 years (36 months; option to extend for research),Not stated on official page,Not stated on official page,Completed accredited three-year internal medicine residency.,Not stated on official page,Not stated on official page,NRMP Medical Specialties Matching Program,Not stated on official page,Division T32 NIH training grant supports advanced research training,Not stated on official page,Not stated on official page,"A three-year PCCM fellowship with at least 18 months of clinical training and 18 months of scholarly activity, supported by an NIH T32 grant.",3 October 2026,https://medicine.yale.edu/internal-medicine/pulmonary/education/pccm/
/programs/adult-infectious-diseases-fellowship-johns-hopkins,ACGME Adult Infectious Diseases Fellowship,Johns Hopkins University School of Medicine,Internal Medicine,Infectious diseases,"Division of Infectious Diseases, Department of Medicine",United States,Baltimore,Maryland,Clinical Fellowship,Typically 3 years (year 1 clinical; later years research),Not stated on official page,Not stated on official page,Not stated on official page,Not stated on official page,ACGME-accredited,Virtual recruitment (details on programme page),Not stated on official page,Not stated on official page,Not stated on official page,Not stated on official page,"Founded in 1981, a fellowship that typically spans three years with a clinical first year followed by research, preparing fellows for careers in academic medicine and public health.",3 October 2026,https://www.hopkinsmedicine.org/infectious-diseases/education/fellowships/acgme-adult-infectious-diseases-fellowship
/programs/gastroenterology-fellowship-johns-hopkins,Gastroenterology Fellowship,Johns Hopkins University School of Medicine,Internal Medicine,Gastroenterology,"Division of Gastroenterology and Hepatology, Department of Medicine",United States,Baltimore,Maryland,Clinical Fellowship,3 years (Clinical or Research Track),Not stated on official page,Not stated on official page,Not stated on official page,Not stated on official page,Not stated on official page,ERAS; NRMP Match,Not stated on official page,Not stated on official page,Not stated on official page,Not stated on official page,"A three-year fellowship with clinical and research tracks at The Johns Hopkins Hospital and Johns Hopkins Bayview, training leaders in academic and clinical gastroenterology.",3 October 2026,https://www.hopkinsmedicine.org/gastroenterology-hepatology/education-training/gastroenterology-fellowship
/programs/infectious-diseases-fellowship-university-of-michigan,Infectious Diseases Fellowship,University of Michigan Medical School (Michigan Medicine),Internal Medicine,Infectious diseases,"Division of Infectious Diseases, Department of Internal Medicine",United States,Ann Arbor,Michigan,Clinical Fellowship,Not stated on official page,1 July,ERAS opens early July; programme receives applications mid-July; virtual interviews August-October,Not stated on official page,Not stated on official page,ACGME-accredited,ERAS; three letters (one from programme director or chair),Not stated on official page,Not stated on official page,Minimum J-1 visa status required; H-1B applicants not considered,Not stated on official page,"An ACGME-accredited programme blending clinical and research training at University Hospital and the VA Ann Arbor, with tracks in medical education, transplant ID, antimicrobial stewardship and research.",3 October 2026,https://medschool.umich.edu/departments/internal-medicine/divisions/infectious-diseases/education/infectious-diseases-fellowship
/programs/infectious-diseases-fellowship-ucsf,Infectious Diseases Fellowship,"University of California, San Francisco (UCSF)",Internal Medicine,Infectious diseases,"Division of Infectious Diseases, Department of Medicine",United States,San Francisco,California,Clinical Fellowship,Not stated on official page,Not stated on official page,Not stated on official page,Not stated on official page,Not stated on official page,ACGME-accredited (UCSF Department of Medicine lists 21 ACGME-accredited fellowships),Not stated on official page,Not stated on official page,Research supported by multiple NIH T32 training grants,Not stated on official page,Not stated on official page,"UCSF's ID fellowship trains leaders in research, public health, global health, stewardship, clinical ID and education across UCSF Medical Center, Zuckerberg San Francisco General and the SF VA.",3 October 2026,https://infectiousdiseases.ucsf.edu/fellowship | https://medicine.ucsf.edu/education/fellowships
/programs/advanced-benign-gynecologic-surgery-fellowship-university-of-toronto-st-josephs-health-centre-unity-health-toronto,Advanced Benign Gynecologic Surgery Fellowship,University of Toronto – St. Joseph's Health Centre (Unity Health Toronto),Obstetrics & Gynaecology,Minimally invasive gynaecologic surgery,"Department of Obstetrics and Gynaecology, Temerty Faculty of Medicine, University of Toronto",Canada,Toronto,Ontario,Clinical Fellowship,2 years,Not stated on official page,Not stated on official page,Must have fulfilled FRCSC requirements and hold an independent medical licence from the province of Ontario,Not stated on official page (FRCSC and independent Ontario licence required),Member of CanSAGE,Apply via the CanSAGE fellowship match (cansage.org); selection includes interview and site visit in early summer,Not stated on official page,Not stated on official page,Not stated on official page,Independent medical licence from the province of Ontario,A 2-year MIGS fellowship at St. Joseph's Health Centre focused on complex benign gynaecologic surgery including large fibroid uteri and stage IV endometriosis.,3 October 2026,https://obgyn.utoronto.ca/advanced-benign-gynecologic-surgery | https://obgyn.utoronto.ca/application-guidelines-and-document-checklist
/programs/advanced-gynaecologic-surgery-fellowship-university-of-toronto-mount-sinai-hospital-womens-college-hospital-and-trillium-health-partners,Advanced Gynaecologic Surgery Fellowship,"University of Toronto – Mount Sinai Hospital, Women's College Hospital & Trillium Health Partners",Obstetrics & Gynaecology,Minimally invasive gynaecologic surgery,"Department of Obstetrics and Gynaecology, Temerty Faculty of Medicine, University of Toronto",Canada,Toronto,Ontario,Clinical Fellowship,2 years,Not stated on official page,Application form submitted between June 17 and August 15 each year (CanSAGE match),Canadian-trained graduates only at the current time,Not accepted – currently only accepting applications from Canadian-trained graduates,AAGL-accredited fellowship; follows CanSAGE match,CanSAGE application and match process,Not stated on official page,Not stated on official page,Not stated on official page,Certificate of registration with the College of Physicians and Surgeons of Ontario (CPSO); internationally trained physicians must complete the 4–12-week Pre-Entry Assessment Program (PEAP) before full acceptance (department application guidelines),A two-year fellowship in advanced gynaecologic surgery training pelvic surgeons across benign gynaecology and complex surgical obstetrics.,3 October 2026,https://obgyn.utoronto.ca/advanced-gynaecologic-surgery | https://obgyn.utoronto.ca/application-guidelines-and-document-checklist
/programs/advanced-gynaecologic-surgery-and-health-quality-improvement-fellowship-university-of-toronto-north-york-general-hospital,Advanced Gynaecologic Surgery and Health Quality Improvement Fellowship,University of Toronto – North York General Hospital,Obstetrics & Gynaecology,Minimally invasive gynaecologic surgery,"Department of Obstetrics and Gynaecology, Temerty Faculty of Medicine, University of Toronto",Canada,Toronto,Ontario,Clinical Fellowship,1 year,Not stated on official page,Application form on CanSAGE website submitted between June 17 and August 15 each year,Completed FRCS(C) requirements and an independent practice licence from the Province of Ontario,Not stated on official page (FRCS(C) and independent Ontario licence required),Part of the CanSAGE matching process,CanSAGE match,Not stated on official page,Not stated on official page,Not stated on official page,Independent practice licence from the Province of Ontario,A one-year fellowship at North York General Hospital in advanced gynaecologic surgery combined with health quality improvement.,3 October 2026,https://obgyn.utoronto.ca/advanced-gynaecologic-surgery-and-health-quality-improvement | https://obgyn.utoronto.ca/application-guidelines-and-document-checklist
/programs/advanced-high-risk-obstetrics-fellowship-university-of-toronto-st-michaels-hospital-unity-health-toronto,Advanced High-Risk Obstetrics Fellowship,University of Toronto – St. Michael's Hospital (Unity Health Toronto),Obstetrics & Gynaecology,Maternal-fetal medicine,"Department of Obstetrics and Gynaecology, Temerty Faculty of Medicine, University of Toronto",Canada,Toronto,Ontario,Clinical Fellowship,1 year,Not stated on official page,Fellowship Application Form (PDF) by May 1 each year,Not stated on official page,Not stated on official page,Not stated on official page,Fellowship Application Form (PDF) submitted to the program director; appointment processed through U of T PGME (OATS). Allow 5–6 months processing for international applicants.,Not stated on official page,Not stated on official page,Not stated on official page,Certificate of registration with the College of Physicians and Surgeons of Ontario (CPSO); internationally trained physicians must complete the 4–12-week Pre-Entry Assessment Program (PEAP) before full acceptance (department application guidelines),"A one-year fellowship in high-risk obstetrics with a special focus on obstetric ultrasound, training specialists to consult on complicated pregnancies.",3 October 2026,https://obgyn.utoronto.ca/advanced-high-risk-obstetrics | https://obgyn.utoronto.ca/application-guidelines-and-document-checklist
/programs/advanced-hospitalist-obstetrics-fellowship-university-of-toronto-mount-sinai-hospital-sinai-health,Advanced Hospitalist Obstetrics Fellowship,University of Toronto – Mount Sinai Hospital (Sinai Health),Obstetrics & Gynaecology,Maternal-fetal medicine,"Department of Obstetrics and Gynaecology, Temerty Faculty of Medicine, University of Toronto",Canada,Toronto,Ontario,Clinical Fellowship,1–2 years,Not stated on official page,Fellowship Application Form (PDF) by August 31 each year,Overseas-trained graduate specialists in Obstetrics and Gynaecology; fellows function at the level of a Canadian PGY2–3 resident,Yes – the fellowship is intended for overseas-trained graduate specialists in Obstetrics and Gynaecology,Not stated on official page,Fellowship Application Form (PDF) submitted to the program director; appointment processed through U of T PGME (OATS). Allow 5–6 months processing for international applicants.,Not stated on official page,Not stated on official page,Not stated on official page,Certificate of registration with the College of Physicians and Surgeons of Ontario (CPSO); internationally trained physicians must complete the 4–12-week Pre-Entry Assessment Program (PEAP) before full acceptance (department application guidelines),A 1–2 year fellowship giving overseas-trained obstetrician-gynaecologists experience of North American tertiary obstetric hospitalist practice at Mount Sinai Hospital.,3 October 2026,https://obgyn.utoronto.ca/advanced-hospitalist-obstetrics | https://obgyn.utoronto.ca/application-guidelines-and-document-checklist
/programs/cansage-advanced-gynaecologic-surgery-fellowship-university-of-toronto-st-michaels-hospital-unity-health-toronto,CanSAGE Advanced Gynaecologic Surgery Fellowship,University of Toronto – St. Michael's Hospital (Unity Health Toronto),Obstetrics & Gynaecology,Minimally invasive gynaecologic surgery,"Department of Obstetrics and Gynaecology, Temerty Faculty of Medicine, University of Toronto",Canada,Toronto,Ontario,Clinical Fellowship,2 years,Not stated on official page,Not stated on official page,FRCSC; full licence to practise in Ontario; medical degree; CMPA coverage,Not accepted – St. Michael's Hospital is not taking out-of-country or IMG applicants for the foreseeable future,CanSAGE (Canadian Society for the Advancement of Gynecologic Excellence),Centralized through the CanSAGE Fellowship Match,Not stated on official page,Not stated on official page,Not stated on official page,Full licence to practise in Ontario; CMPA coverage,"A two-year advanced gynaecologic surgery fellowship at St. Michael's Hospital covering laparoscopic, vaginal, hysteroscopic, open and robotic-assisted approaches.",3 October 2026,https://obgyn.utoronto.ca/cansage-advanced-gynaecologic-surgery-fellowship | https://obgyn.utoronto.ca/application-guidelines-and-document-checklist
/programs/complex-family-planning-fellowship-caare-university-of-toronto-womens-college-hospital-sinai-health-and-north-york-general-hospital,Complex Family Planning Fellowship (CAARE),"University of Toronto – Women's College Hospital, Sinai Health & North York General Hospital",Obstetrics & Gynaecology,Complex family planning,"Department of Obstetrics and Gynaecology, Temerty Faculty of Medicine, University of Toronto",Canada,Toronto,Ontario,Clinical Fellowship,"2 years, with concurrent completion of a master's degree or equivalent",Not stated on official page,"January 14, 2026 (application form to obgyn@utoronto.ca, subject ""CAARE Fellowship""); program offered every two years",Fulfilled FRCS(C) requirements and an independent medical licence from the province of Ontario; preference for those planning an academic career,Exceptional candidates from outside Canada considered if they show potential and are self-funded,Objectives aligned with Society of Family Planning (SFP) Complex Family Planning fellowships,Fellowship Application Form (PDF) submitted to the program director; appointment processed through U of T PGME (OATS). Allow 5–6 months processing for international applicants.,Not stated on official page,Not stated on official page (applicants from outside Canada must be self-funded),Not stated on official page,Certificate of registration with the College of Physicians and Surgeons of Ontario (CPSO); internationally trained physicians must complete the 4–12-week Pre-Entry Assessment Program (PEAP) before full acceptance (department application guidelines),"A 2-year academic Complex Family Planning (Contraception, Abortion, Advocacy, Research and Education) fellowship with concurrent master's degree, offered every two years.",3 October 2026,https://obgyn.utoronto.ca/complex-family-planning-caare | https://obgyn.utoronto.ca/application-guidelines-and-document-checklist
/programs/complex-obstetric-surgery-fellowship-university-of-toronto-mount-sinai-hospital-and-credit-valley-hospital,Complex Obstetric Surgery Fellowship,University of Toronto – Mount Sinai Hospital & Credit Valley Hospital,Obstetrics & Gynaecology,Maternal-fetal medicine,"Department of Obstetrics and Gynaecology, Temerty Faculty of Medicine, University of Toronto",Canada,Toronto,Ontario,Clinical Fellowship,1–2 years,Not stated on official page,Application form and all documents by August 1 each year,Canadian medical graduates with an independent CPSO licence and specialist qualifications in Obstetrics and Gynaecology encouraged to apply,"IMGs with funding support may be considered if a local applicant is not identified; must demonstrate outstanding surgical skills (case logs, references)",Not stated on official page,Fellowship Application Form (PDF) submitted to the program director; appointment processed through U of T PGME (OATS). Allow 5–6 months processing for international applicants.,Not stated on official page,Not stated on official page (IMGs require funding support),Not stated on official page,Certificate of registration with the College of Physicians and Surgeons of Ontario (CPSO); internationally trained physicians must complete the 4–12-week Pre-Entry Assessment Program (PEAP) before full acceptance (department application guidelines),A 1–2 year fellowship based at Mount Sinai Hospital training consultants in the diagnosis and surgical management of complex obstetric surgery in pregnancy.,3 October 2026,https://obgyn.utoronto.ca/complex-obstetric-surgery-fellowship | https://obgyn.utoronto.ca/application-guidelines-and-document-checklist
/programs/fetal-neuroimaging-fellowship-university-of-toronto-mount-sinai-hospital-and-the-hospital-for-sick-children-sickkids,Fetal Neuroimaging Fellowship,University of Toronto – Mount Sinai Hospital & The Hospital for Sick Children (SickKids),Obstetrics & Gynaecology,Maternal-fetal medicine,"Department of Obstetrics and Gynaecology, Temerty Faculty of Medicine, University of Toronto",Canada,Toronto,Ontario,Clinical Fellowship,1 year,Not stated on official page,January 31 each year (application to melissa.lee2@sinaihealth.ca),Certification in Maternal–Fetal Medicine (or equivalent subspecialty radiology training); extensive fetal anomaly scanning experience; research track record,Not stated on official page,Not stated on official page,Fellowship Application Form (PDF) submitted to the program director; appointment processed through U of T PGME (OATS). Allow 5–6 months processing for international applicants.,Not stated on official page,Not stated on official page,Not stated on official page,Certificate of registration with the College of Physicians and Surgeons of Ontario (CPSO); internationally trained physicians must complete the 4–12-week Pre-Entry Assessment Program (PEAP) before full acceptance (department application guidelines),"A one-year joint Mount Sinai–SickKids program in fetal brain ultrasound, MRI and multidisciplinary neurodevelopmental care.",3 October 2026,https://obgyn.utoronto.ca/fetal-neuroimaging | https://obgyn.utoronto.ca/application-guidelines-and-document-checklist
/programs/global-womens-health-and-equity-fellowship-university-of-toronto-womens-college-hospital-toronto-and-moi-teaching-and-referral-hospital-eldoret-kenya,Global Women's Health and Equity Fellowship,"University of Toronto – Women's College Hospital (Toronto) & Moi Teaching and Referral Hospital (Eldoret, Kenya)",Obstetrics & Gynaecology,Global women's health,"Department of Obstetrics and Gynaecology, Temerty Faculty of Medicine, University of Toronto",Canada,Toronto,Ontario,Clinical Fellowship,2 years,"September 1, 2026 (or alternative date agreed with the Fellowship Director)","Applications accepted until March 27, 2026",Graduates of Canadian or American Obstetrics and Gynaecology residency programs,Not accepted – applicants must be graduates of Canadian or American ObGyn residency programs,Not stated on official page,Fellowship Application Form (PDF) submitted to the program director; appointment processed through U of T PGME (OATS). Allow 5–6 months processing for international applicants.,Not stated on official page,Not stated on official page,Not stated on official page,Certificate of registration with the College of Physicians and Surgeons of Ontario (CPSO); internationally trained physicians must complete the 4–12-week Pre-Entry Assessment Program (PEAP) before full acceptance (department application guidelines),"A 2-year certificate subspecialty program training obstetrician-gynaecologists to improve care for marginalized women locally and internationally, including 9–12 months with AMPATH in Eldoret, Kenya.",3 October 2026,https://obgyn.utoronto.ca/global-womens-health-and-equity | https://obgyn.utoronto.ca/application-guidelines-and-document-checklist
/programs/gynaecologic-oncology-fellowship-rcpsc-university-of-toronto-sunnybrook-health-sciences-centre-and-princess-margaret-cancer-centre-uhn,Gynaecologic Oncology Fellowship (RCPSC),University of Toronto – Sunnybrook Health Sciences Centre & Princess Margaret Cancer Centre (UHN),Obstetrics & Gynaecology,Gynaecologic oncology,"Department of Obstetrics and Gynaecology, Temerty Faculty of Medicine, University of Toronto",Canada,Toronto,Ontario,Subspecialty Training Programme,3 years (2 clinical years plus a mandatory academic third year),"July 1, 2027","March 31, 2026 for fellowship commencing July 1, 2027",Not stated on official page,Not stated on official page,Royal College of Physicians and Surgeons of Canada (RCPSC) subspecialty program,Fellowship Application Form (PDF) submitted to the program director; appointment processed through U of T PGME (OATS). Allow 5–6 months processing for international applicants.,Not stated on official page,Not stated on official page,Not stated on official page,Certificate of registration with the College of Physicians and Surgeons of Ontario (CPSO); internationally trained physicians must complete the 4–12-week Pre-Entry Assessment Program (PEAP) before full acceptance (department application guidelines),"A 2-year clinical gynaecologic oncology fellowship with a mandatory third academic year, leading to the Royal College subspecialty examination.",3 October 2026,https://obgyn.utoronto.ca/gynaecologic-oncologyrcpsc | https://obgyn.utoronto.ca/application-guidelines-and-document-checklist
/programs/gynaecologic-reproductive-endocrinology-and-infertility-fellowship-rcpsc-university-of-toronto-mount-sinai-hospital-sinai-health,Gynaecologic Reproductive Endocrinology & Infertility Fellowship (RCPSC),University of Toronto – Mount Sinai Hospital (Sinai Health),Obstetrics & Gynaecology,Reproductive endocrinology,"Department of Obstetrics and Gynaecology, Temerty Faculty of Medicine, University of Toronto",Canada,Toronto,Ontario,Subspecialty Training Programme,2 years (optional 3rd year for a Master's via the CIP program),July (annual),"Page lists March 31, 2025 for the July 2026 program (check for the current cycle)",Not stated on official page,Not stated on official page,Royal College of Physicians and Surgeons of Canada,Fellowship Application Form (PDF) submitted to the program director; appointment processed through U of T PGME (OATS). Allow 5–6 months processing for international applicants.,Not stated on official page,Not stated on official page,Not stated on official page,Certificate of registration with the College of Physicians and Surgeons of Ontario (CPSO); internationally trained physicians must complete the 4–12-week Pre-Entry Assessment Program (PEAP) before full acceptance (department application guidelines),A two-year GREI program accredited by the Royal College of Physicians and Surgeons of Canada following the Competence by Design framework.,3 October 2026,https://obgyn.utoronto.ca/gynaecologic-reproductive-endocrinology-infertilityrcpsc | https://obgyn.utoronto.ca/application-guidelines-and-document-checklist
/programs/high-risk-obstetrics-fellowship-university-of-toronto-sunnybrook-health-sciences-centre,High Risk Obstetrics Fellowship,University of Toronto – Sunnybrook Health Sciences Centre,Obstetrics & Gynaecology,Maternal-fetal medicine,"Department of Obstetrics and Gynaecology, Temerty Faculty of Medicine, University of Toronto",Canada,Toronto,Ontario,Clinical Fellowship,1 year,Not stated on official page,Fellowship Application Form (PDF) by July 1 each year,Not stated on official page,Not stated on official page,Not stated on official page,Fellowship Application Form (PDF) submitted to the program director; appointment processed through U of T PGME (OATS). Allow 5–6 months processing for international applicants.,Not stated on official page,Funded fellowship position,Not stated on official page,Certificate of registration with the College of Physicians and Surgeons of Ontario (CPSO); internationally trained physicians must complete the 4–12-week Pre-Entry Assessment Program (PEAP) before full acceptance (department application guidelines),"A 1-year funded high-risk obstetrics fellowship at Sunnybrook, associated with but separate from the University of Toronto's 2-year MFM fellowship.",3 October 2026,https://obgyn.utoronto.ca/high-risk-obstetrics-sunnybrook-health-sciences-centre | https://obgyn.utoronto.ca/application-guidelines-and-document-checklist
/programs/maternal-fetal-medicine-fellowship-rcpsc-university-of-toronto-mount-sinai-hospital-and-sunnybrook-health-sciences-centre,Maternal-Fetal Medicine Fellowship (RCPSC),University of Toronto – Mount Sinai Hospital & Sunnybrook Health Sciences Centre,Obstetrics & Gynaecology,Maternal-fetal medicine,"Department of Obstetrics and Gynaecology, Temerty Faculty of Medicine, University of Toronto",Canada,Toronto,Ontario,Subspecialty Training Programme,2 years (extendable to 3),Not stated on official page,"Canadians: March 1 of the year preceding start; IMGs: January 1, 18 months preceding the anticipated start","Valid TOEFL iBT score, cover letter, academic CV, three reference letters and proof of English proficiency required","Yes – separate IMG deadline (January 1, 18 months before start); TOEFL iBT and proof of English proficiency required",Royal College of Physicians and Surgeons of Canada,Fellowship Application Form (PDF) submitted to the program director; appointment processed through U of T PGME (OATS). Allow 5–6 months processing for international applicants.,Not stated on official page,Not stated on official page,Not stated on official page,Certificate of registration with the College of Physicians and Surgeons of Ontario (CPSO); internationally trained physicians must complete the 4–12-week Pre-Entry Assessment Program (PEAP) before full acceptance (department application guidelines),"A two-to-three-year Maternal-Fetal Medicine fellowship meeting Royal College of Physicians and Surgeons of Canada training requirements, aimed at developing academic leaders.",3 October 2026,https://obgyn.utoronto.ca/maternal-fetal-medicinercpsc | https://obgyn.utoronto.ca/application-guidelines-and-document-checklist
/programs/mature-womens-health-and-menopause-fellowship-university-of-toronto-mount-sinai-hospital-and-womens-college-hospital,Mature Women's Health & Menopause Fellowship,University of Toronto – Mount Sinai Hospital & Women's College Hospital,Obstetrics & Gynaecology,Menopause & mature women's health,"Department of Obstetrics and Gynaecology, Temerty Faculty of Medicine, University of Toronto",Canada,Toronto,Ontario,Clinical Fellowship,1–2 years,Not stated on official page,September 30 each year,FRCS(C) or Board eligibility and completion of an accredited Obstetrics & Gynaecology residency,Yes – Canadian and foreign candidates accepted,Not stated on official page,Fellowship Application Form (PDF) submitted to the program director; appointment processed through U of T PGME (OATS). Allow 5–6 months processing for international applicants.,Up to 4 per year,Salary support is provided for graduates of residency programs,Not stated on official page,Certificate of registration with the College of Physicians and Surgeons of Ontario (CPSO); internationally trained physicians must complete the 4–12-week Pre-Entry Assessment Program (PEAP) before full acceptance (department application guidelines),A one-to-two-year fellowship in mature women's health and menopause accepting up to four Canadian and foreign candidates each year.,3 October 2026,https://obgyn.utoronto.ca/mature-womens-health-menopause | https://obgyn.utoronto.ca/application-guidelines-and-document-checklist
/programs/medical-disorders-of-pregnancy-fellowship-university-of-toronto-mount-sinai-hospital-sinai-health,Medical Disorders of Pregnancy Fellowship,University of Toronto – Mount Sinai Hospital (Sinai Health),Obstetrics & Gynaecology,Maternal-fetal medicine,"Department of Obstetrics and Gynaecology, Temerty Faculty of Medicine, University of Toronto",Canada,Toronto,Ontario,Clinical Fellowship,1 year,"Annually, July 1–June 30",November 30 each year,Fully certified specialists in Obstetrics and Gynaecology from a national board; designed for MFM specialists,IMGs with appropriate funding may be considered if no suitable local candidate is identified; TOEFL iBT 93 (Speaking 24) or IELTS Academic 7 unless waived,Not stated on official page,Fellowship Application Form (PDF) submitted to the program director; appointment processed through U of T PGME (OATS). Allow 5–6 months processing for international applicants.,Not stated on official page,"Salary equivalent to PGY7 (PARO); $2,000 conference allowance; funded SMFM critical care course",Not stated on official page,Certificate of registration with the College of Physicians and Surgeons of Ontario (CPSO); internationally trained physicians must complete the 4–12-week Pre-Entry Assessment Program (PEAP) before full acceptance (department application guidelines),A one-year clinical maternal medicine program for Maternal-Fetal Medicine specialists seeking advanced expertise in medical disorders of pregnancy.,3 October 2026,https://obgyn.utoronto.ca/medical-disorders-pregnancy-fellowship | https://obgyn.utoronto.ca/application-guidelines-and-document-checklist
/programs/minimally-invasive-gynaecologic-surgery-migs-fellowship-aagl-university-of-toronto-sunnybrook-health-sciences-centre,Minimally Invasive Gynaecologic Surgery (MIGS) Fellowship (AAGL),University of Toronto – Sunnybrook Health Sciences Centre,Obstetrics & Gynaecology,Minimally invasive gynaecologic surgery,"Department of Obstetrics and Gynaecology, Temerty Faculty of Medicine, University of Toronto",Canada,Toronto,Ontario,Clinical Fellowship,2 years,Not stated on official page,July 15 each year,Fulfilled FRCS(C) requirements and an independent Ontario medical licence,Exceptional candidates from outside Canada considered if they show surgical potential and are self-funded,AAGL fellowship (FMIGS),Fellowship Application Form (PDF) submitted to the program director; appointment processed through U of T PGME (OATS). Allow 5–6 months processing for international applicants.,Not stated on official page,"Salary ~CAD 85,564 per year (2025); approved master's program covered up to CAD 10,000/year; medical/health benefits not provided",Not stated on official page,Certificate of registration with the College of Physicians and Surgeons of Ontario (CPSO); internationally trained physicians must complete the 4–12-week Pre-Entry Assessment Program (PEAP) before full acceptance (department application guidelines),A 2-year AAGL-affiliated minimally invasive gynaecologic surgery fellowship at Sunnybrook Health Sciences Centre.,3 October 2026,https://obgyn.utoronto.ca/minimally-invasive-gynaecologic-surgery-migsaagl | https://obgyn.utoronto.ca/application-guidelines-and-document-checklist
/programs/minimally-invasive-gynaecology-and-pelvic-floor-reconstruction-fellowship-university-of-toronto-humber-river-health,Minimally Invasive Gynaecology and Pelvic Floor Reconstruction Fellowship,University of Toronto – Humber River Health,Obstetrics & Gynaecology,Minimally invasive gynaecologic surgery,"Department of Obstetrics and Gynaecology, Temerty Faculty of Medicine, University of Toronto",Canada,Toronto,Ontario,Clinical Fellowship,1 year,Not stated on official page,CanSAGE application and matching deadlines,Not stated on official page,Not accepted – currently only accepting Canadian-trained graduates,Not stated on official page,CanSAGE application and matching process,Not stated on official page,Not stated on official page,Not stated on official page,Certificate of registration with the College of Physicians and Surgeons of Ontario (CPSO); internationally trained physicians must complete the 4–12-week Pre-Entry Assessment Program (PEAP) before full acceptance (department application guidelines),A 1-year fellowship at Humber River Health in minimally invasive gynaecology and pelvic floor reconstruction.,3 October 2026,https://obgyn.utoronto.ca/minimally-invasive-gynaecology-and-pelvic-floor-reconstruction | https://obgyn.utoronto.ca/application-guidelines-and-document-checklist
/programs/paediatric-and-adolescent-gynaecology-fellowship-university-of-toronto-the-hospital-for-sick-children-sickkids,Paediatric & Adolescent Gynaecology Fellowship,University of Toronto – The Hospital for Sick Children (SickKids),Obstetrics & Gynaecology,Paediatric & adolescent gynaecology,"Department of Obstetrics and Gynaecology, Temerty Faculty of Medicine, University of Toronto",Canada,Toronto,Ontario,Clinical Fellowship,2 years,"August 1, 2027 intake","June 30, 2026 (for August 1, 2027 intake)",Not stated on official page,Yes – for international candidates the first year may include the Pre-Assessment Program component,Not stated on official page,SickKids Fellowship Application,Not stated on official page,Not stated on official page,Not stated on official page,Certificate of registration with the College of Physicians and Surgeons of Ontario (CPSO); internationally trained physicians must complete the 4–12-week Pre-Entry Assessment Program (PEAP) before full acceptance (department application guidelines),A two-year paediatric and adolescent gynaecology fellowship at the Hospital for Sick Children with an independent supervised fellow clinic and paediatric surgery rotation.,3 October 2026,https://obgyn.utoronto.ca/paediatric-adolescent-gynaecology | https://obgyn.utoronto.ca/application-guidelines-and-document-checklist
/programs/pelvic-floor-surgery-fellowship-university-of-toronto-trillium-health-partners,Pelvic Floor Surgery Fellowship,University of Toronto – Trillium Health Partners,Obstetrics & Gynaecology,Urogynecology & reconstructive pelvic surgery,"Department of Obstetrics and Gynaecology, Temerty Faculty of Medicine, University of Toronto",Canada,Toronto,Ontario,Clinical Fellowship,1 year,Not stated on official page,April 30,Applicants of Canadian residency programs in obstetrics and gynaecology,Not accepted – currently only accepting applicants of Canadian residency programs,Not stated on official page,"Fellowship Application Form, letter of interest, CV and three references sent directly to Dr. Kanee",Not stated on official page,"Salary minimum CAD 80,000",Not stated on official page,Certificate of registration with the College of Physicians and Surgeons of Ontario (CPSO); internationally trained physicians must complete the 4–12-week Pre-Entry Assessment Program (PEAP) before full acceptance (department application guidelines),A 1-year fellowship at Trillium Health Partners building proficiency in pelvic floor surgery through a competency framework mapped to CanMEDS roles.,3 October 2026,https://obgyn.utoronto.ca/pelvic-floor-surgery | https://obgyn.utoronto.ca/application-guidelines-and-document-checklist
/programs/perinatal-fellowship-university-of-toronto-mount-sinai-hospital-sinai-health,Perinatal Fellowship,University of Toronto – Mount Sinai Hospital (Sinai Health),Obstetrics & Gynaecology,Maternal-fetal medicine,"Department of Obstetrics and Gynaecology, Temerty Faculty of Medicine, University of Toronto",Canada,Toronto,Ontario,Clinical Fellowship,Not stated on official page,Not stated on official page,Canadians: July 1 of the year preceding start; IMGs: July 1 two years preceding start,"Valid TOEFL iBT score, cover letter and academic CV required",Yes – intended for overseas graduates of Obstetrics and Gynaecology,Not stated on official page,Fellowship Application Form (PDF) submitted to the program director; appointment processed through U of T PGME (OATS). Allow 5–6 months processing for international applicants.,Not stated on official page,Not stated on official page,Not stated on official page,Certificate of registration with the College of Physicians and Surgeons of Ontario (CPSO); internationally trained physicians must complete the 4–12-week Pre-Entry Assessment Program (PEAP) before full acceptance (department application guidelines),A perinatal fellowship at Mount Sinai Hospital intended for overseas graduates in Obstetrics and Gynaecology functioning at the level of a Canadian PGY5–6 resident.,3 October 2026,https://obgyn.utoronto.ca/perinatal-mount-sinai-hospital | https://obgyn.utoronto.ca/application-guidelines-and-document-checklist
/programs/pregnancy-obesity-medicine-and-surgery-poms-fellowship-university-of-toronto-sinai-health-mount-sinai-hospital,Pregnancy Obesity Medicine and Surgery (POMS) Fellowship,University of Toronto – Sinai Health (Mount Sinai Hospital),Obstetrics & Gynaecology,Maternal-fetal medicine,"Department of Obstetrics and Gynaecology, Temerty Faculty of Medicine, University of Toronto",Canada,Toronto,Ontario,Clinical Fellowship,6–12 months,Not stated on official page,Open,Not stated on official page,Yes – IMGs must complete a 4–12-week observation of clinical performance; TOEFL required if training was not in English,Not stated on official page,"CV, cover letter and Fellowship Application Form (PDF)",Not stated on official page,"Funding required – proof of institutional support (salary, scholarship or sponsorship) required by U of T PGME",Not stated on official page,Certificate of registration with the College of Physicians and Surgeons of Ontario (CPSO); internationally trained physicians must complete the 4–12-week Pre-Entry Assessment Program (PEAP) before full acceptance (department application guidelines),A 6–12 month fellowship at Sinai Health in the medical and surgical care of pregnancy in people with class 3 obesity.,3 October 2026,https://obgyn.utoronto.ca/pregnancy-obesity-medicine-and-surgery-fellowship | https://obgyn.utoronto.ca/application-guidelines-and-document-checklist
/programs/urogynaecology-fellowship-university-of-toronto-mount-sinai-hospital-sinai-health,Urogynaecology Fellowship,University of Toronto – Mount Sinai Hospital (Sinai Health),Obstetrics & Gynaecology,Urogynecology & reconstructive pelvic surgery,"Department of Obstetrics and Gynaecology, Temerty Faculty of Medicine, University of Toronto",Canada,Toronto,Ontario,Clinical Fellowship,2 years (optional 3rd year),Not stated on official page,May 30 each year,FRCSC-equivalent qualifications; successful UK or American Board examinations considered equal (board-eligible acceptable),Yes – fellows from foreign countries returning home are encouraged to have funding from their university or government sponsorship,Not stated on official page,Fellowship Application Form (PDF) submitted to the program director; appointment processed through U of T PGME (OATS). Allow 5–6 months processing for international applicants.,Not stated on official page,Not stated on official page,Not stated on official page,Certificate of registration with the College of Physicians and Surgeons of Ontario (CPSO); internationally trained physicians must complete the 4–12-week Pre-Entry Assessment Program (PEAP) before full acceptance (department application guidelines),A 2-year urogynaecology fellowship at Mount Sinai Hospital with an optional third year that may incorporate a Master of Science degree.,3 October 2026,https://obgyn.utoronto.ca/urogynaecology-mount-sinai-hospital | https://obgyn.utoronto.ca/application-guidelines-and-document-checklist
/programs/urogynaecology-fellowship-university-of-toronto-sunnybrook-health-sciences-centre,Urogynaecology Fellowship,University of Toronto – Sunnybrook Health Sciences Centre,Obstetrics & Gynaecology,Urogynecology & reconstructive pelvic surgery,"Department of Obstetrics and Gynaecology, Temerty Faculty of Medicine, University of Toronto",Canada,Toronto,Ontario,Clinical Fellowship,2 years,Not stated on official page,May 30 each year,Not stated on official page,Not stated on official page,Not stated on official page,Fellowship Application Form (PDF) submitted to the program director; appointment processed through U of T PGME (OATS). Allow 5–6 months processing for international applicants.,Not stated on official page,Guaranteed annual salary and supported academic travel; protected time and funding for an approved Master's degree,Not stated on official page,Certificate of registration with the College of Physicians and Surgeons of Ontario (CPSO); internationally trained physicians must complete the 4–12-week Pre-Entry Assessment Program (PEAP) before full acceptance (department application guidelines),A 2-year urogynecology fellowship at Sunnybrook combining urogynecology surgery with advanced laparoscopic surgery.,3 October 2026,https://obgyn.utoronto.ca/urogynaecology-sunnybrook-health-sciences-centre | https://obgyn.utoronto.ca/application-guidelines-and-document-checklist
/programs/urogynaecology-joint-fellowship-university-of-toronto-mount-sinai-hospital-and-sunnybrook-health-sciences-centre,Urogynaecology Joint Fellowship,University of Toronto – Mount Sinai Hospital & Sunnybrook Health Sciences Centre,Obstetrics & Gynaecology,Urogynecology & reconstructive pelvic surgery,"Department of Obstetrics and Gynaecology, Temerty Faculty of Medicine, University of Toronto",Canada,Toronto,Ontario,Clinical Fellowship,2 years,Not stated on official page,"May 1, 2026",Only Canadian-trained applicants eligible,Not accepted – only Canadian-trained applicants,Not stated on official page,Fellowship Application Form (PDF) submitted to the program director; appointment processed through U of T PGME (OATS). Allow 5–6 months processing for international applicants.,Not stated on official page,Guaranteed annual salary and supported academic travel; protected time and funding for an approved Master's degree,Not stated on official page,Certificate of registration with the College of Physicians and Surgeons of Ontario (CPSO); internationally trained physicians must complete the 4–12-week Pre-Entry Assessment Program (PEAP) before full acceptance (department application guidelines),A 2-year tertiary urogynaecology fellowship with 12 months at Sunnybrook followed by 12 months at Mount Sinai Hospital.,3 October 2026,https://obgyn.utoronto.ca/urogynaecology-u-t-joint-fellowship-mount-sinai-hospital-and-sunnybrook-health-sciences-centre | https://obgyn.utoronto.ca/application-guidelines-and-document-checklist
/programs/vulvovaginal-health-fellowship-university-of-toronto-womens-college-hospital,Vulvovaginal Health Fellowship,University of Toronto – Women's College Hospital,Obstetrics & Gynaecology,Vulvovaginal disease,"Department of Obstetrics and Gynaecology, Temerty Faculty of Medicine, University of Toronto",Canada,Toronto,Ontario,Clinical Fellowship,1 year,Usually July 1,September 1 for the following academic year,Eligible for an independent Ontario licence (FRCSC) or externally funded by own institution,Yes – offered to Canadian and international specialists (external institutional funding required if not FRCSC-licensable),Not stated on official page,Fellowship Application Form (PDF) submitted to the program director; appointment processed through U of T PGME (OATS). Allow 5–6 months processing for international applicants.,Not stated on official page,Not stated on official page,Not stated on official page,Certificate of registration with the College of Physicians and Surgeons of Ontario (CPSO); internationally trained physicians must complete the 4–12-week Pre-Entry Assessment Program (PEAP) before full acceptance (department application guidelines),"A one-year program for Canadian and international ObGyn specialists in vulvar dermatology, preinvasive disease, vulvar pain and graft-vs-host disease.",3 October 2026,https://obgyn.utoronto.ca/vulvovaginal-health | https://obgyn.utoronto.ca/application-guidelines-and-document-checklist
/programs/minimally-invasive-surgery-endometriosis-and-pelvic-pain-clinical-fellowship-university-of-british-columbia-bc-womens-hospital,"Minimally Invasive Surgery, Endometriosis & Pelvic Pain Clinical Fellowship",University of British Columbia – BC Women's Hospital,Obstetrics & Gynaecology,Minimally invasive gynaecologic surgery,"Department of Obstetrics & Gynaecology, Faculty of Medicine, University of British Columbia",Canada,Vancouver,British Columbia,Clinical Fellowship,2 years (year 1 clinical/surgical focus; year 2 research and Master's completion),"Next intake: August 1, 2028",TBD,Offered to Canadian-trained gynecologists; Canadian applicants: completed ObGyn training in an RCPSC-accredited program and eligible for RCPSC ObGyn examinations; confirm eligibility for CPSBC registration,IMGs considered only if fully sponsored by an external agency (no fellowship funding available; self-funded fellows not accepted),Not stated on official page,"Personal statement, CV and three reference letters emailed to the Sr. Program Assistant (lauren.ritchie@cw.bc.ca); IMGs via sponsoring agency/UBC PGME",Not stated on official page,Not stated on official page (department states no fellowship funding is available for IMG applicants),Not stated on official page,Must be licensed by the College of Physicians and Surgeons of British Columbia (CPSBC),"A clinical fellowship at the BC Women's Centre for Pelvic Pain and Endometriosis developing leaders in minimally invasive surgery, endometriosis and pelvic pain, with a course- or thesis-based MSc.",3 October 2026,https://obgyn.ubc.ca/education/clinical-fellowships/advanced-laparoscopy/ | https://obgyn.ubc.ca/education/clinical-fellowships/advanced-laparoscopy/how-to-apply-2/
/programs/minimally-invasive-gynaecologic-surgery-and-complex-gynaecology-clinical-fellowship-university-of-british-columbia-fraser-health,Minimally Invasive Gynaecologic Surgery & Complex Gynaecology Clinical Fellowship,University of British Columbia – Fraser Health,Obstetrics & Gynaecology,Minimally invasive gynaecologic surgery,"Department of Obstetrics & Gynaecology, Faculty of Medicine, University of British Columbia",Canada,Vancouver,British Columbia,Clinical Fellowship,1 year,"Next intake: August 1, 2028",TBD,Offered to Canadian gynecologists; Canadian applicants: completed ObGyn training in an RCPSC-accredited program and eligible for RCPSC ObGyn examinations; confirm eligibility for CPSBC registration,IMGs considered only if fully sponsored by an external agency (no fellowship funding available; self-funded fellows not accepted),Not stated on official page,"Personal statement, CV and three reference letters emailed to the Sr. Program Assistant (lauren.ritchie@cw.bc.ca); IMGs via sponsoring agency/UBC PGME",Not stated on official page,Not stated on official page (department states no fellowship funding is available for IMG applicants),Not stated on official page,Must be licensed by the College of Physicians and Surgeons of British Columbia (CPSBC),"A one-year Fraser Health clinical fellowship focused on minimally invasive surgical management of fibroids, endometriosis, adenomyosis and abnormal uterine bleeding.",3 October 2026,https://obgyn.ubc.ca/education/clinical-fellowships/advanced-laparoscopic-fraser/ | https://obgyn.ubc.ca/education/clinical-fellowships/advanced-laparoscopic-fraser/how-to-apply-2/
/programs/female-pelvic-medicine-and-reconstructive-surgery-fpmrs-urogynecology-clinical-fellowship-university-of-british-columbia-vancouver,Female Pelvic Medicine & Reconstructive Surgery (FPMRS) / Urogynecology Clinical Fellowship,University of British Columbia – Vancouver,Obstetrics & Gynaecology,Urogynecology & reconstructive pelvic surgery,"Department of Obstetrics & Gynaecology, Faculty of Medicine, University of British Columbia",Canada,Vancouver,British Columbia,Clinical Fellowship,2 years,Next intake: TBD,TBD,Eligible for CPSBC registration and a Fellow of the Royal College of Physicians and Surgeons of Canada (FRCSC),IMGs considered only if fully sponsored by an external agency (no fellowship funding available; self-funded fellows not accepted),Not stated on official page,"Personal statement, CV and three reference letters emailed to the Sr. Program Assistant (lauren.ritchie@cw.bc.ca); IMGs via sponsoring agency/UBC PGME",Not stated on official page,Not stated on official page (department states no fellowship funding is available for IMG applicants),Not stated on official page,Must be licensed by the College of Physicians and Surgeons of British Columbia (CPSBC),"A two-year postgraduate urogynecology program cultivating academic leaders in pelvic reconstruction via open abdominal, laparoscopic and vaginal approaches.",3 October 2026,https://obgyn.ubc.ca/education/clinical-fellowships/fpmrs/ | https://obgyn.ubc.ca/education/clinical-fellowships/fpmrs/how-to-apply-2/
/programs/family-planning-clinical-fellowship-university-of-british-columbia-bc-womens-hospital-and-vancouver-general-hospital,Family Planning Clinical Fellowship,University of British Columbia – BC Women's Hospital & Vancouver General Hospital,Obstetrics & Gynaecology,Complex family planning,"Department of Obstetrics & Gynaecology, Faculty of Medicine, University of British Columbia",Canada,Vancouver,British Columbia,Clinical Fellowship,Not stated on official page,Next intake: 2027,Open until filled,Canadian applicants: completed ObGyn training in an RCPSC-accredited program and eligible for RCPSC ObGyn examinations; confirm eligibility for CPSBC registration,IMGs considered only if fully sponsored by an external agency (no fellowship funding available; self-funded fellows not accepted),Not stated on official page,"Personal statement, CV and three reference letters emailed to the Sr. Program Assistant (lauren.ritchie@cw.bc.ca); IMGs via sponsoring agency/UBC PGME",Not stated on official page,Not stated on official page (department states no fellowship funding is available for IMG applicants),Not stated on official page,Must be licensed by the College of Physicians and Surgeons of British Columbia (CPSBC),"A family planning clinical fellowship in complex contraception, first- and second-trimester abortion care, early pregnancy assessment and research, aligned with the UCSF Bixby Center fellowship.",3 October 2026,https://obgyn.ubc.ca/education/clinical-fellowships/family-planning/ | https://obgyn.ubc.ca/education/clinical-fellowships/family-planning/how-to-apply/
/programs/vulvovaginal-disorders-sexual-medicine-clinical-fellowship-university-of-british-columbia-bc-centre-for-vulvar-health-vancouver-general-hospital,Vulvovaginal Disorders / Sexual Medicine Clinical Fellowship,"University of British Columbia – BC Centre for Vulvar Health, Vancouver General Hospital",Obstetrics & Gynaecology,Vulvovaginal disease,"Department of Obstetrics & Gynaecology, Faculty of Medicine, University of British Columbia",Canada,Vancouver,British Columbia,Clinical Fellowship,6 months (January to June in the years offered),Next intake: TBD,Open until filled,Practising Canadian gynecologists; Canadian applicants: completed ObGyn training in an RCPSC-accredited program and eligible for RCPSC ObGyn examinations; confirm eligibility for CPSBC registration; preference to applicants with site support,IMGs considered only if fully sponsored by an external agency (no fellowship funding available; self-funded fellows not accepted),Not stated on official page,"Personal statement, CV and three reference letters emailed to the Sr. Program Assistant (lauren.ritchie@cw.bc.ca); IMGs via sponsoring agency/UBC PGME",Not stated on official page,Not stated on official page (department states no fellowship funding is available for IMG applicants),Not stated on official page,Must be licensed by the College of Physicians and Surgeons of British Columbia (CPSBC),A 6-month program for practising Canadian gynecologists to develop expertise in assessing and managing chronic and complex vulvovaginal disorders.,3 October 2026,https://obgyn.ubc.ca/education/clinical-fellowships/vulvovaginal-disorders-sexual-medicine/ | https://obgyn.ubc.ca/education/clinical-fellowships/vulvovaginal-disorders-sexual-medicine/how-to-apply-2/
/programs/reproductive-infectious-diseases-clinical-fellowship-university-of-british-columbia-bc-womens-hospital,Reproductive Infectious Diseases Clinical Fellowship,University of British Columbia – BC Women's Hospital,Obstetrics & Gynaecology,Reproductive infectious diseases,"Department of Obstetrics & Gynaecology, Faculty of Medicine, University of British Columbia",Canada,Vancouver,British Columbia,Clinical Fellowship,1–2 years (normally two years),Not stated on official page,Applications accepted year round,Canadian applicants: completed ObGyn training in an RCPSC-accredited program and eligible for RCPSC ObGyn examinations; confirm eligibility for CPSBC registration,IMGs considered only if fully sponsored by an external agency (no fellowship funding available; self-funded fellows not accepted),Not a Royal College subspecialty; endorsed by the Infectious Diseases Society of Obstetrics and Gynaecology,"Personal statement, CV and three reference letters emailed to the Sr. Program Assistant (lauren.ritchie@cw.bc.ca); IMGs via sponsoring agency/UBC PGME","Up to one per year, on a funding-available basis",Not stated on official page (department states no fellowship funding is available for IMG applicants),Not stated on official page,Must be licensed by the College of Physicians and Surgeons of British Columbia (CPSBC),"A two-year clinical, microbiologic and research training program in reproductive infectious diseases, endorsed by the Infectious Diseases Society of Obstetrics and Gynaecology.",3 October 2026,https://obgyn.ubc.ca/education/clinical-fellowships/reproductive-infectious-diseases/ | https://obgyn.ubc.ca/education/clinical-fellowships/reproductive-infectious-diseases/how-to-apply-2/
/programs/gynaecologic-cancer-prevention-and-survivorship-clinical-fellowship-university-of-british-columbia-vancouver,Gynaecologic Cancer Prevention & Survivorship Clinical Fellowship,University of British Columbia – Vancouver,Obstetrics & Gynaecology,Gynaecologic oncology,"Department of Obstetrics & Gynaecology, Faculty of Medicine, University of British Columbia",Canada,Vancouver,British Columbia,Clinical Fellowship,1 year,Next intake: August 2027,"September 20, 2026",Canadian applicants: completed ObGyn training in an RCPSC-accredited program and eligible for RCPSC ObGyn examinations; confirm eligibility for CPSBC registration,IMGs considered only if fully sponsored by an external agency (no fellowship funding available; self-funded fellows not accepted),Not stated on official page,"Personal statement, CV and three reference letters emailed to the Sr. Program Assistant (lauren.ritchie@cw.bc.ca); IMGs via sponsoring agency/UBC PGME",Not stated on official page,Not stated on official page (department states no fellowship funding is available for IMG applicants),Not stated on official page,Must be licensed by the College of Physicians and Surgeons of British Columbia (CPSBC),"A one-year clinical training position in multidisciplinary care of people at increased risk of gynaecologic cancers, including hereditary syndromes such as BRCA1/2 and Lynch syndrome.",3 October 2026,https://obgyn.ubc.ca/education/clinical-fellowships/gynaecologic-cancer-prevention-survivorship-gcps/ | https://obgyn.ubc.ca/education/clinical-fellowships/gynaecologic-cancer-prevention-survivorship-gcps/how-to-apply-2/
/programs/gynecologic-oncology-subspecialty-residency-university-of-british-columbia-bc-womens-hospital-and-health-centre,Gynecologic Oncology Subspecialty Residency,University of British Columbia – BC Women's Hospital & Health Centre,Obstetrics & Gynaecology,Gynaecologic oncology,"Department of Obstetrics & Gynaecology, Faculty of Medicine, University of British Columbia",Canada,Vancouver,British Columbia,Subspecialty Training Programme,2 years (optional 3rd research year),Not stated on official page,Not stated on official page,"Canadian applicants: completed ObGyn training in an RCPSC-accredited program and eligible for RCPSC ObGyn examinations; US ACGME ObGyn residents planning RCPSC certification, or IMGs with RCPSC-approved training, may be considered",Not currently accepted (update October 2025); international applications considered only in years when no Canadian fellow is selected,Royal College of Physicians and Surgeons of Canada (RCPSC),"Application form, personal statement, CV, degree/specialist certificates and three reference letters to the program",Not stated on official page,"Not stated on official page (international applicants must be endorsed by a sponsoring agency with a UBC postgraduate training agreement; charitable, private or self-funding not accepted)",Not stated on official page,Not stated on official page,"A two-year Royal College-accredited gynecologic oncology subspecialty residency, with external funding opportunities for an optional third research year.",3 October 2026,https://obgyn.ubc.ca/education/subspecialties/gynecologic-oncology/ | https://obgyn.ubc.ca/education/subspecialties/gynecologic-oncology/how-to-apply/
/programs/maternal-fetal-medicine-subspecialty-residency-university-of-british-columbia-bc-womens-hospital-and-health-centre,Maternal-Fetal Medicine Subspecialty Residency,University of British Columbia – BC Women's Hospital & Health Centre,Obstetrics & Gynaecology,Maternal-fetal medicine,"Department of Obstetrics & Gynaecology, Faculty of Medicine, University of British Columbia",Canada,Vancouver,British Columbia,Subspecialty Training Programme,2 years,Not stated on official page,Not stated on official page,"Canadian applicants: completed ObGyn training in an RCPSC-accredited program and eligible for RCPSC ObGyn examinations; US ACGME ObGyn residents planning RCPSC certification, or IMGs with RCPSC-approved training, may be considered",Not currently accepted (update August 2026),Royal College of Physicians and Surgeons of Canada (RCPSC),"Application form, personal statement, CV, degree/specialist certificates and three reference letters to the program",Not stated on official page,"Not stated on official page (international applicants must be endorsed by a sponsoring agency with a UBC postgraduate training agreement; charitable, private or self-funding not accepted)",Not stated on official page,Not stated on official page,"A fully Royal College-accredited two-year Maternal-Fetal Medicine subspecialty residency at a centre with over 7,000 deliveries per year.",3 October 2026,https://obgyn.ubc.ca/education/subspecialties/maternal-fetal-medicine/ | https://obgyn.ubc.ca/education/subspecialties/maternal-fetal-medicine/how-to-apply/
/programs/gynaecologic-reproductive-endocrinology-and-infertility-subspecialty-residency-university-of-british-columbia-bc-womens-hospital-and-health-centre,Gynaecologic Reproductive Endocrinology & Infertility Subspecialty Residency,University of British Columbia – BC Women's Hospital & Health Centre,Obstetrics & Gynaecology,Reproductive endocrinology,"Department of Obstetrics & Gynaecology, Faculty of Medicine, University of British Columbia",Canada,Vancouver,British Columbia,Subspecialty Training Programme,2 years,Not stated on official page,Not stated on official page,"Canadian applicants: completed ObGyn training in an RCPSC-accredited program and eligible for RCPSC ObGyn examinations; US ACGME ObGyn residents planning RCPSC certification, or IMGs with RCPSC-approved training, may be considered",Not currently accepted (update June 2026); Canadian applications considered first,Royal College of Physicians and Surgeons of Canada (RCPSC),"Application form, personal statement, CV, degree/specialist certificates and three reference letters to the program",Historically one subspecialty resident every other year,"Not stated on official page (international applicants must be endorsed by a sponsoring agency with a UBC postgraduate training agreement; charitable, private or self-funding not accepted)",Not stated on official page,Not stated on official page,"A Royal College-accredited two-year GREI subspecialty residency, historically selecting one resident every other year.",3 October 2026,https://obgyn.ubc.ca/education/subspecialties/reproductive-endocrinology-infertility/ | https://obgyn.ubc.ca/education/subspecialties/reproductive-endocrinology-infertility/how-to-apply/
/programs/advanced-minimally-invasive-gynecologic-surgery-amigs-fellowship-university-of-calgary,Advanced Minimally Invasive Gynecologic Surgery (AMIGS) Fellowship,University of Calgary,Obstetrics & Gynaecology,Minimally invasive gynaecologic surgery,"Department of Obstetrics & Gynecology, Cumming School of Medicine, University of Calgary",Canada,Calgary,Alberta,Clinical Fellowship,2 years,Not stated on official page,Not stated on official page,Not stated on official page,Not stated on official page,Not stated on official page,Not stated on official page,Not stated on official page,Not stated on official page,Not stated on official page,Not stated on official page,"A two-year surgical fellowship (running since 2014) focused on severe endometriosis, pelvic/chronic pain, fibroids, fertility surgery and complex benign pelvic pathology.",3 October 2026,https://cumming.ucalgary.ca/departments/obstetrics-gynaecology/education/departments/obstetrics-gynaecology/education/AMIS | https://cumming.ucalgary.ca/departments/obstetrics-gynaecology/education/fellowship
/programs/pediatric-and-adolescent-gynecology-fellowship-university-of-calgary,Pediatric and Adolescent Gynecology Fellowship,University of Calgary,Obstetrics & Gynaecology,Paediatric & adolescent gynaecology,"Department of Obstetrics & Gynecology, Cumming School of Medicine, University of Calgary",Canada,Calgary,Alberta,Clinical Fellowship,2 years,Not stated on official page,"July 7, 2025 for the 2026 application cycle (check for the current cycle)",Graduated from an accredited Canadian ObGyn program (Royal College of Canada) or hold a valid ECFMG medical licence and be allowed to work in Alberta as a Qualified Educational Surgical Assistant,Possible for ECFMG-certified applicants allowed to work in Alberta as a Qualified Educational Surgical Assistant,Not stated on official page,Common application with required materials submitted to the program administrator (louise.gofton@ahs.ca),One,Not stated on official page,Not stated on official page,"Must be allowed to work in Alberta (e.g., as a Qualified Educational Surgical Assistant if not Royal College-trained)",A two-year clinical/research fellowship in pediatric and adolescent gynecology with additional focus on research and minimally invasive surgery.,3 October 2026,https://cumming.ucalgary.ca/departments/obstetrics-gynaecology/education/PAG | https://cumming.ucalgary.ca/departments/obstetrics-gynaecology/education/fellowship
/programs/pelvic-medicine-and-reconstructive-surgery-fellowship-university-of-calgary,Pelvic Medicine and Reconstructive Surgery Fellowship,University of Calgary,Obstetrics & Gynaecology,Urogynecology & reconstructive pelvic surgery,"Department of Obstetrics & Gynecology, Cumming School of Medicine, University of Calgary",Canada,Calgary,Alberta,Clinical Fellowship,2 years,Not stated on official page,Not stated on official page,Not stated on official page,Not stated on official page,Not stated on official page,Applications made directly to the program,Not stated on official page,Not stated on official page,Not stated on official page,Not stated on official page,"A two-year clinical fellowship in female pelvic reconstructive surgery and medicine covering incontinence, prolapse, anal sphincter injury and pelvic floor dysfunction.",3 October 2026,https://cumming.ucalgary.ca/departments/obstetrics-gynaecology/education/PMRS | https://cumming.ucalgary.ca/departments/obstetrics-gynaecology/education/fellowship
/programs/advanced-gynecologic-surgery-fellowship-mcmaster-university-st-josephs-healthcare-hamilton,Advanced Gynecologic Surgery Fellowship,McMaster University – St. Joseph's Healthcare Hamilton,Obstetrics & Gynaecology,Minimally invasive gynaecologic surgery,"Department of Obstetrics & Gynecology, Faculty of Health Sciences, McMaster University",Canada,Hamilton,Ontario,Clinical Fellowship,2 years,"July 1 (current position: July 1, 2027–June 30, 2029)","April 30, 2026 for 2027/2028 (closed; next cycle 2028/2029 to be announced)",Not stated on official page,Not accepted – only Canadian Medical Graduates considered at this time,Follows the CanSAGE fellow curriculum,CanSAGE Match (CanSAGE Application Portal),One per year,"$86,000 salary with benefits; up to $5,000 (one-time) toward an advanced degree",Not stated on official page,College of Physicians and Surgeons of Ontario (CPSO) licence; accepted clinical fellows trained abroad must complete the CPSO 4–12-week pre-entry assessment program (department fellowship resources),"A two-year fellowship training strong surgeons and leaders in advanced gynecologic and minimally invasive gynecologic surgery, tailored to the fellow's career goals.",3 October 2026,https://obgyn.healthsci.mcmaster.ca/home/education/subspecialty-training/fellowship-program-advanced-gynecologic-surgery/ | https://obgyn.healthsci.mcmaster.ca/home/education/subspecialty-training/fellowship-resources/
/programs/advanced-gynecologic-surgery-and-endometriosis-care-fellowship-mcmaster-university-mcmaster-university-medical-centre-hamilton-health-sciences,Advanced Gynecologic Surgery and Endometriosis Care Fellowship,McMaster University – McMaster University Medical Centre / Hamilton Health Sciences,Obstetrics & Gynaecology,Minimally invasive gynaecologic surgery,"Department of Obstetrics & Gynecology, Faculty of Health Sciences, McMaster University",Canada,Hamilton,Ontario,Clinical Fellowship,2 years,July 1,Determined through the CanSAGE application cycle,"RCPSC certification in Obstetrics and Gynecology, or equivalent specialty certification, by July 1 of the entry year","IMG applicants should contact the fellowship program coordinator regarding eligibility, funding documentation and institutional requirements before applying",Not stated on official page,Canadian Medical Graduates apply via the CanSAGE Application Portal,One position each year,Not stated on official page,Not stated on official page,College of Physicians and Surgeons of Ontario (CPSO) licence; accepted clinical fellows trained abroad must complete the CPSO 4–12-week pre-entry assessment program (department fellowship resources),"A two-year fellowship training academic leaders in advanced gynecologic surgery, endometriosis care, pelvic ultrasound and complex pelvic pain.",3 October 2026,https://obgyn.healthsci.mcmaster.ca/home/education/subspecialty-training/fellowship-program-minimally-invasive-gynecologic-surgery/ | https://obgyn.healthsci.mcmaster.ca/home/education/subspecialty-training/fellowship-resources/
/programs/advanced-gynecologic-ultrasound-fellowship-mcmaster-university-mcmaster-university-medical-centre,Advanced Gynecologic Ultrasound Fellowship,McMaster University – McMaster University Medical Centre,Obstetrics & Gynaecology,Obstetric & gynaecological ultrasound,"Department of Obstetrics & Gynecology, Faculty of Health Sciences, McMaster University",Canada,Hamilton,Ontario,Clinical Fellowship,1 year,July 1,"September 1, 2026 for 2027/2028 (closed; next cycle to be announced)",Ideally eligible for independent practice with CPSO by the start of fellowship,Not stated on official page,Not stated on official page,"Updated CV, personal statement and three letters of reference",One per year,Not stated on official page,Not stated on official page,College of Physicians and Surgeons of Ontario (CPSO) licence; accepted clinical fellows trained abroad must complete the CPSO 4–12-week pre-entry assessment program (department fellowship resources),"A one-year clinical and academic training program in diagnostic gynecologic ultrasound focusing on complex benign conditions, endometriosis, adenomyosis, ovarian masses and early pregnancy.",3 October 2026,https://obgyn.healthsci.mcmaster.ca/home/education/subspecialty-training/fellowship-program-advanced-gynecologic-ultrasound/ | https://obgyn.healthsci.mcmaster.ca/home/education/subspecialty-training/fellowship-resources/
/programs/female-pelvic-medicine-and-reconstructive-surgery-fellowship-mcmaster-university-hamilton-health-sciences-st-josephs-healthcare-hamilton,Female Pelvic Medicine and Reconstructive Surgery Fellowship,McMaster University – Hamilton Health Sciences / St. Joseph's Healthcare Hamilton,Obstetrics & Gynaecology,Urogynecology & reconstructive pelvic surgery,"Department of Obstetrics & Gynecology, Faculty of Health Sciences, McMaster University",Canada,Hamilton,Ontario,Clinical Fellowship,2 years,July 1,"May 1, 2026 for 2027/2028 (closed; next cycle to be announced)",RCPSC certification in ObGyn or equivalent by July 1 of entry year; eligible for an independent practice licence with CPSO by start,Not stated on official page,Not stated on official page,McMaster PGME Fellowship Application Portal,One fellow every two years,No salary; fellows bill OR assistant fees and locum call shifts (OHIP billing number required),Not stated on official page,Independent practice licence with the College of Physicians and Surgeons of Ontario,"A two-year fellowship providing advanced training in the clinical and surgical care of women with pelvic floor disorders, with one fellow accepted every two years.",3 October 2026,https://obgyn.healthsci.mcmaster.ca/home/education/subspecialty-training/fellowship-program-female-pelvic-medicine-and-reconstructive-surgery/ | https://obgyn.healthsci.mcmaster.ca/home/education/subspecialty-training/fellowship-resources/
/programs/midlife-womens-health-fellowship-mcmaster-university-hamilton,Midlife Women's Health Fellowship,McMaster University – Hamilton,Obstetrics & Gynaecology,Menopause & mature women's health,"Department of Obstetrics & Gynecology, Faculty of Health Sciences, McMaster University",Canada,Hamilton,Ontario,Clinical Fellowship,1 year,July 1,"May 1, 2026 for 2027/2028 (closed; next cycle to be announced)",Not stated on official page,Not accepted – only Canadian Medical Graduates considered at this time,Not stated on official page,"PGME Fellowship Application Portal (CV, statement, degree, MCCEE/specialty certificate, transcripts, three references)",One per year,"$60,000 plus benefits (potentially higher with grants, call shifts and OR assist billings)",Not stated on official page,College of Physicians and Surgeons of Ontario (CPSO) licence; accepted clinical fellows trained abroad must complete the CPSO 4–12-week pre-entry assessment program (department fellowship resources),"A one-year fellowship developing advanced expertise in complex menopause care, vulvar disease and pre-invasive conditions.",3 October 2026,https://obgyn.healthsci.mcmaster.ca/home/education/subspecialty-training/fellowship-program-midlife-womens-health/ | https://obgyn.healthsci.mcmaster.ca/home/education/subspecialty-training/fellowship-resources/
/programs/obstetric-hospitalist-fellowship-mcmaster-university-mcmaster-university-medical-centre,Obstetric Hospitalist Fellowship,McMaster University – McMaster University Medical Centre,Obstetrics & Gynaecology,Maternal-fetal medicine,"Department of Obstetrics & Gynecology, Faculty of Health Sciences, McMaster University",Canada,Hamilton,Ontario,Clinical Fellowship,1 year,July 1,"September 1 each year (September 1, 2026 for 2027/2028; closed)",Not stated on official page,Yes – TOEFL required if training was not in English; sponsorship letter documenting full salary support required,Not accredited by the Royal College of Physicians and Surgeons of Canada,"Pre-assessment, then full package (CV, degrees, transcripts, cover letter, three references, TOEFL, sponsorship letter) emailed to the Fellowship Coordinator; interviews in November",Two per year,"Must be fully funded by a sponsoring institution/agency; trainee salary no less than CAD 60,000 per annum",Not stated on official page,College of Physicians and Surgeons of Ontario (CPSO) licence; accepted clinical fellows trained abroad must complete the CPSO 4–12-week pre-entry assessment program (department fellowship resources),"A one-year non-RCPSC-accredited program in hospital-based obstetrics, emergency skills, patient safety and quality improvement, training fellows as obstetric safety officers.",3 October 2026,https://obgyn.healthsci.mcmaster.ca/home/education/subspecialty-training/obstetric-hospitalist-fellowship/ | https://obgyn.healthsci.mcmaster.ca/home/education/subspecialty-training/fellowship-resources/
/programs/gynecologic-oncology-subspecialty-residency-mcmaster-university-hamilton-health-sciences-juravinski-cancer-centre,Gynecologic Oncology Subspecialty Residency,McMaster University – Hamilton Health Sciences / Juravinski Cancer Centre,Obstetrics & Gynaecology,Gynaecologic oncology,"Department of Obstetrics & Gynecology, Faculty of Health Sciences, McMaster University",Canada,Hamilton,Ontario,Subspecialty Training Programme,2 years (optional 1-year clinical research position),Not stated on official page,"May 31, 2026 for 2027/2028 (closed)",Not stated on official page,Not stated on official page,Royal College of Physicians and Surgeons of Canada,McMaster Fellowship Application Portal,One per year,Residency position funded by the Ontario Ministry of Health and Long-Term Care; meeting attendance funding available,Not stated on official page,College of Physicians and Surgeons of Ontario (CPSO) licence; accepted clinical fellows trained abroad must complete the CPSO 4–12-week pre-entry assessment program (department fellowship resources),A two-year Royal College-accredited gynecologic oncology subspecialty residency with the option of a one-year clinical research position.,3 October 2026,https://obgyn.healthsci.mcmaster.ca/home/education/subspecialty-training/residency-training-program-gynecologic-oncology/ | https://obgyn.healthsci.mcmaster.ca/home/education/subspecialty-training/fellowship-resources/
/programs/maternal-fetal-medicine-subspecialty-residency-mcmaster-university-hamilton-health-sciences,Maternal-Fetal Medicine Subspecialty Residency,McMaster University – Hamilton Health Sciences,Obstetrics & Gynaecology,Maternal-fetal medicine,"Department of Obstetrics & Gynecology, Faculty of Health Sciences, McMaster University",Canada,Hamilton,Ontario,Subspecialty Training Programme,2 years,Not stated on official page,"July 1, 2026 for 2027/2028 (closed), interviews before Match Day",Not stated on official page,Yes – capable of accepting international trainees; IMGs encouraged to apply,Royal College of Physicians and Surgeons of Canada,McMaster Fellowship Application Portal,Not stated on official page,Not stated on official page,Not stated on official page,College of Physicians and Surgeons of Ontario (CPSO) licence; accepted clinical fellows trained abroad must complete the CPSO 4–12-week pre-entry assessment program (department fellowship resources),"A two-year Maternal-Fetal Medicine program fully certified by the Royal College of Physicians and Surgeons of Canada, accepting Canadian and international trainees.",3 October 2026,https://obgyn.healthsci.mcmaster.ca/home/education/subspecialty-training/residency-training-program-maternal-fetal-medicine/ | https://obgyn.healthsci.mcmaster.ca/home/education/subspecialty-training/fellowship-resources/
/programs/gynecologic-reproductive-endocrinology-and-infertility-subspecialty-residency-mcmaster-university-hamilton,Gynecologic Reproductive Endocrinology & Infertility Subspecialty Residency,McMaster University – Hamilton,Obstetrics & Gynaecology,Reproductive endocrinology,"Department of Obstetrics & Gynecology, Faculty of Health Sciences, McMaster University",Canada,Hamilton,Ontario,Subspecialty Training Programme,Not stated on official page,Not stated on official page,"May 4, 2026 for 2027/2028 (closed)",Not stated on official page,Not stated on official page,Royal College of Physicians and Surgeons of Canada,McMaster Fellowship Application Portal,One per year,Residency position funded by the Ontario Ministry of Health and Long-Term Care,Not stated on official page,College of Physicians and Surgeons of Ontario (CPSO) licence; accepted clinical fellows trained abroad must complete the CPSO 4–12-week pre-entry assessment program (department fellowship resources),"A Royal College-accredited GREI subspecialty residency at McMaster University, funded by the Ontario Ministry of Health.",3 October 2026,https://obgyn.healthsci.mcmaster.ca/home/education/subspecialty-training/residency-training-program-gynecologic-reproductive-endocrinology-infertility/ | https://obgyn.healthsci.mcmaster.ca/home/education/subspecialty-training/fellowship-resources/
/programs/gynaecological-oncology-subspecialty-training-royal-college-of-obstetricians-and-gynaecologists-rcog-uk-deaneries-nhs-trusts,Gynaecological Oncology Subspecialty Training,Royal College of Obstetricians and Gynaecologists (RCOG) – UK Deaneries/NHS Trusts,Obstetrics & Gynaecology,Gynaecologic oncology,RCOG Subspecialty Committee (posts run by UK Deaneries/Trusts),United Kingdom,Multiple UK centres,United Kingdom (national),Subspecialty Training Programme,Indicative 24 months; up to 36 months for a full-time trainee entering at ST5 with minimal relevant experience (competency-based),Not stated on official page,Per individual post advert (usually advertised in the BMJ),UK NTN (or equivalent) with clinical training to ST4/ST5 and ARCP outcome 1; or UK CCT/Portfolio Pathway and on (or entitled to) the UK Specialist Register in O&G; or EEA/non-UK applicants listed on the UK Specialist Register in O&G,Only non-UK applicants already on the UK Specialist Register in O&G are eligible; those requiring a work permit only if no other suitable candidates,RCOG Subspecialty Curriculum 2024 (leads to RCOG subspecialty accreditation; part of CCT in O&G),Apply directly to the Deaneries/Trusts as set out in adverts (usually in the BMJ); open competition with structured interview; register with the RCOG Subspecialty Committee on appointment,Not stated on official page,Not stated on official page,Non-UK/non-EEA nationals requiring a work permit are subject to the resident labour market test and considered only if no other suitable candidates; individual Deaneries decide immigration evidence required,GMC registration with a licence to practise (UK NTN or UK Specialist Register in O&G),"RCOG subspecialty training (SST) in Gynaecological Oncology, one of four O&G subspecialty programmes completed in the final years of UK training to develop consultant-level skills.",3 October 2026,https://www.rcog.org.uk/careers-and-training/training/curriculum/2024-og-curriculum/resources/subspecialty-training-sst-2024/gynaecological-oncology-go/ | https://www.rcog.org.uk/careers-and-training/training/curriculum/2024-og-curriculum/subspecialty-training/ | https://www.rcog.org.uk/careers-and-training/training/curriculum/2024-og-curriculum/subspecialty-training/how-to-apply-for-subspecialty-training-curriculum-2024/
/programs/maternal-and-fetal-medicine-subspecialty-training-royal-college-of-obstetricians-and-gynaecologists-rcog-uk-deaneries-nhs-trusts,Maternal and Fetal Medicine Subspecialty Training,Royal College of Obstetricians and Gynaecologists (RCOG) – UK Deaneries/NHS Trusts,Obstetrics & Gynaecology,Maternal-fetal medicine,RCOG Subspecialty Committee (posts run by UK Deaneries/Trusts),United Kingdom,Multiple UK centres,United Kingdom (national),Subspecialty Training Programme,Indicative 24 months; up to 36 months for a full-time trainee entering at ST5 with minimal relevant experience (competency-based),Not stated on official page,Per individual post advert (usually advertised in the BMJ),UK NTN (or equivalent) with clinical training to ST4/ST5 and ARCP outcome 1; or UK CCT/Portfolio Pathway and on (or entitled to) the UK Specialist Register in O&G; or EEA/non-UK applicants listed on the UK Specialist Register in O&G,Only non-UK applicants already on the UK Specialist Register in O&G are eligible; those requiring a work permit only if no other suitable candidates,RCOG Subspecialty Curriculum 2024 (leads to RCOG subspecialty accreditation; part of CCT in O&G),Apply directly to the Deaneries/Trusts as set out in adverts (usually in the BMJ); open competition with structured interview; register with the RCOG Subspecialty Committee on appointment,Not stated on official page,Not stated on official page,Non-UK/non-EEA nationals requiring a work permit are subject to the resident labour market test and considered only if no other suitable candidates; individual Deaneries decide immigration evidence required,GMC registration with a licence to practise (UK NTN or UK Specialist Register in O&G),"RCOG subspecialty training (SST) in Maternal and Fetal Medicine, one of four O&G subspecialty programmes completed in the final years of UK training to develop consultant-level skills.",3 October 2026,https://www.rcog.org.uk/careers-and-training/training/curriculum/2024-og-curriculum/resources/subspecialty-training-sst-2024/maternal-and-fetal-medicine-mfm/ | https://www.rcog.org.uk/careers-and-training/training/curriculum/2024-og-curriculum/subspecialty-training/ | https://www.rcog.org.uk/careers-and-training/training/curriculum/2024-og-curriculum/subspecialty-training/how-to-apply-for-subspecialty-training-curriculum-2024/
/programs/reproductive-medicine-subspecialty-training-royal-college-of-obstetricians-and-gynaecologists-rcog-uk-deaneries-nhs-trusts,Reproductive Medicine Subspecialty Training,Royal College of Obstetricians and Gynaecologists (RCOG) – UK Deaneries/NHS Trusts,Obstetrics & Gynaecology,Reproductive endocrinology,RCOG Subspecialty Committee (posts run by UK Deaneries/Trusts),United Kingdom,Multiple UK centres,United Kingdom (national),Subspecialty Training Programme,Indicative 24 months; up to 36 months for a full-time trainee entering at ST5 with minimal relevant experience (competency-based),Not stated on official page,Per individual post advert (usually advertised in the BMJ),UK NTN (or equivalent) with clinical training to ST4/ST5 and ARCP outcome 1; or UK CCT/Portfolio Pathway and on (or entitled to) the UK Specialist Register in O&G; or EEA/non-UK applicants listed on the UK Specialist Register in O&G,Only non-UK applicants already on the UK Specialist Register in O&G are eligible; those requiring a work permit only if no other suitable candidates,RCOG Subspecialty Curriculum 2024 (leads to RCOG subspecialty accreditation; part of CCT in O&G),Apply directly to the Deaneries/Trusts as set out in adverts (usually in the BMJ); open competition with structured interview; register with the RCOG Subspecialty Committee on appointment,Not stated on official page,Not stated on official page,Non-UK/non-EEA nationals requiring a work permit are subject to the resident labour market test and considered only if no other suitable candidates; individual Deaneries decide immigration evidence required,GMC registration with a licence to practise (UK NTN or UK Specialist Register in O&G),"RCOG subspecialty training (SST) in Reproductive Medicine, one of four O&G subspecialty programmes completed in the final years of UK training to develop consultant-level skills.",3 October 2026,https://www.rcog.org.uk/careers-and-training/training/curriculum/2024-og-curriculum/resources/subspecialty-training-sst-2024/reproductive-medicine-rm/ | https://www.rcog.org.uk/careers-and-training/training/curriculum/2024-og-curriculum/subspecialty-training/ | https://www.rcog.org.uk/careers-and-training/training/curriculum/2024-og-curriculum/subspecialty-training/how-to-apply-for-subspecialty-training-curriculum-2024/
/programs/urogynaecology-subspecialty-training-royal-college-of-obstetricians-and-gynaecologists-rcog-uk-deaneries-nhs-trusts,Urogynaecology Subspecialty Training,Royal College of Obstetricians and Gynaecologists (RCOG) – UK Deaneries/NHS Trusts,Obstetrics & Gynaecology,Urogynecology & reconstructive pelvic surgery,RCOG Subspecialty Committee (posts run by UK Deaneries/Trusts),United Kingdom,Multiple UK centres,United Kingdom (national),Subspecialty Training Programme,Indicative 24 months; up to 36 months for a full-time trainee entering at ST5 with minimal relevant experience (competency-based),Not stated on official page,Per individual post advert (usually advertised in the BMJ),UK NTN (or equivalent) with clinical training to ST4/ST5 and ARCP outcome 1; or UK CCT/Portfolio Pathway and on (or entitled to) the UK Specialist Register in O&G; or EEA/non-UK applicants listed on the UK Specialist Register in O&G,Only non-UK applicants already on the UK Specialist Register in O&G are eligible; those requiring a work permit only if no other suitable candidates,RCOG Subspecialty Curriculum 2024 (leads to RCOG subspecialty accreditation; part of CCT in O&G),Apply directly to the Deaneries/Trusts as set out in adverts (usually in the BMJ); open competition with structured interview; register with the RCOG Subspecialty Committee on appointment,Not stated on official page,Not stated on official page,Non-UK/non-EEA nationals requiring a work permit are subject to the resident labour market test and considered only if no other suitable candidates; individual Deaneries decide immigration evidence required,GMC registration with a licence to practise (UK NTN or UK Specialist Register in O&G),"RCOG subspecialty training (SST) in Urogynaecology, one of four O&G subspecialty programmes completed in the final years of UK training to develop consultant-level skills.",3 October 2026,https://www.rcog.org.uk/careers-and-training/training/curriculum/2024-og-curriculum/resources/subspecialty-training-sst-2024/urogynaecology-ug/ | https://www.rcog.org.uk/careers-and-training/training/curriculum/2024-og-curriculum/subspecialty-training/ | https://www.rcog.org.uk/careers-and-training/training/curriculum/2024-og-curriculum/subspecialty-training/how-to-apply-for-subspecialty-training-curriculum-2024/
/programs/certification-in-gynaecological-oncology-cgo-subspecialty-training-royal-australian-and-new-zealand-college-of-obstetricians-and-gynaecologists-ranzcog-accredited-training-units,Certification in Gynaecological Oncology (CGO) Subspecialty Training,Royal Australian and New Zealand College of Obstetricians and Gynaecologists (RANZCOG) – accredited training units,Obstetrics & Gynaecology,Gynaecologic oncology,RANZCOG Subspecialty Training Program (CGO),Australia,Multiple accredited training units (Australia and New Zealand),Australia & New Zealand (binational),Subspecialty Training Programme,3 years,Training year begins early February (Semester 1),2026 selection: applications 12 January–12 February 2026 (closed); 2027 information TBC,Specialists in obstetrics and gynaecology holding (or completing) FRANZCOG; competitive subspecialty selection – see RANZCOG selection information for applicants,Not stated on official page,RANZCOG subspecialty certification,Competitive RANZCOG subspecialty selection (application and interview); enquiries to cgo@ranzcog.edu.au,Not stated on official page,Not stated on official page,Not stated on official page,Medical registration with AHPRA (Australia) or the Medical Council of New Zealand at the training unit,A formal three-year RANZCOG subspecialty training program equipping FRANZCOG specialists to comprehensively manage women with gynaecological malignancy.,3 October 2026,https://ranzcog.edu.au/training/subspecialty/cgo/ | https://ranzcog.edu.au/training/subspecialty/
/programs/certification-in-maternal-fetal-medicine-cmfm-subspecialty-training-royal-australian-and-new-zealand-college-of-obstetricians-and-gynaecologists-ranzcog-accredited-training-units,Certification in Maternal Fetal Medicine (CMFM) Subspecialty Training,Royal Australian and New Zealand College of Obstetricians and Gynaecologists (RANZCOG) – accredited training units,Obstetrics & Gynaecology,Maternal-fetal medicine,RANZCOG Subspecialty Training Program (CMFM),Australia,Multiple accredited training units (Australia and New Zealand),Australia & New Zealand (binational),Subspecialty Training Programme,"3 years (Years 1–3 clinical training, plus post-Year 3 requirements)",Training year begins early February (Semester 1),2026 selection: applications 12 January–12 February 2026 (closed); 2027 information TBC,Specialists in obstetrics and gynaecology holding (or completing) FRANZCOG; competitive subspecialty selection – see RANZCOG selection information for applicants,Not stated on official page,RANZCOG subspecialty certification,Competitive RANZCOG subspecialty selection (application and interview); enquiries to cmfm@ranzcog.edu.au,Not stated on official page,Not stated on official page,Not stated on official page,Medical registration with AHPRA (Australia) or the Medical Council of New Zealand at the training unit,A RANZCOG subspecialty program equipping FRANZCOG specialists to diagnose and treat complicated pregnancies and ensure continuity of care from the fetal to newborn periods.,3 October 2026,https://ranzcog.edu.au/training/subspecialty/cmfm/ | https://ranzcog.edu.au/training/subspecialty/
/programs/certification-in-obstetrical-and-gynaecological-ultrasound-cogu-subspecialty-training-royal-australian-and-new-zealand-college-of-obstetricians-and-gynaecologists-ranzcog-accredited-training-units,Certification in Obstetrical and Gynaecological Ultrasound (COGU) Subspecialty Training,Royal Australian and New Zealand College of Obstetricians and Gynaecologists (RANZCOG) – accredited training units,Obstetrics & Gynaecology,Obstetric & gynaecological ultrasound,RANZCOG Subspecialty Training Program (COGU),Australia,Multiple accredited training units (Australia and New Zealand),Australia & New Zealand (binational),Subspecialty Training Programme,"3 years (Years 1–3 clinical training, plus post-Year 3 requirements)",Training year begins early February (Semester 1),2026 selection: applications 12 January–12 February 2026 (closed); 2027 information TBC,Specialists in obstetrics and gynaecology holding (or completing) FRANZCOG; competitive subspecialty selection – see RANZCOG selection information for applicants,Not stated on official page,RANZCOG subspecialty certification,Competitive RANZCOG subspecialty selection (application and interview); enquiries to cogu@ranzcog.edu.au,Not stated on official page,Not stated on official page,Not stated on official page,Medical registration with AHPRA (Australia) or the Medical Council of New Zealand at the training unit,"A RANZCOG subspecialty program training FRANZCOG specialists in all aspects of obstetric and gynaecological ultrasound diagnosis, including ultrasound-guided interventions.",3 October 2026,https://ranzcog.edu.au/training/subspecialty/cogu/ | https://ranzcog.edu.au/training/subspecialty/
/programs/certification-in-reproductive-endocrinology-and-infertility-crei-subspecialty-training-royal-australian-and-new-zealand-college-of-obstetricians-and-gynaecologists-ranzcog-accredited-training-units,Certification in Reproductive Endocrinology and Infertility (CREI) Subspecialty Training,Royal Australian and New Zealand College of Obstetricians and Gynaecologists (RANZCOG) – accredited training units,Obstetrics & Gynaecology,Reproductive endocrinology,RANZCOG Subspecialty Training Program (CREI),Australia,Multiple accredited training units (Australia and New Zealand),Australia & New Zealand (binational),Subspecialty Training Programme,"3 years (Years 1–3 clinical training, plus post-Year 3 requirements)",Training year begins early February (Semester 1),2026 selection: applications 12 January–12 February 2026 (closed); 2027 information TBC,Specialists in obstetrics and gynaecology holding (or completing) FRANZCOG; competitive subspecialty selection – see RANZCOG selection information for applicants,Not stated on official page,RANZCOG subspecialty certification,Competitive RANZCOG subspecialty selection (application and interview); enquiries to crei@ranzcog.edu.au,Not stated on official page,Not stated on official page,Not stated on official page,Medical registration with AHPRA (Australia) or the Medical Council of New Zealand at the training unit,A RANZCOG subspecialty program training FRANZCOG specialists to manage reproductive endocrine disorders and infertility and to lead assisted conception units.,3 October 2026,https://ranzcog.edu.au/training/subspecialty/crei/ | https://ranzcog.edu.au/training/subspecialty/
/programs/certification-in-urogynaecology-cu-subspecialty-training-royal-australian-and-new-zealand-college-of-obstetricians-and-gynaecologists-ranzcog-accredited-training-units,Certification in Urogynaecology (CU) Subspecialty Training,Royal Australian and New Zealand College of Obstetricians and Gynaecologists (RANZCOG) – accredited training units,Obstetrics & Gynaecology,Urogynecology & reconstructive pelvic surgery,RANZCOG Subspecialty Training Program (CU),Australia,Multiple accredited training units (Australia and New Zealand),Australia & New Zealand (binational),Subspecialty Training Programme,"3 years (Years 1–3 clinical training, plus post-Year 3 requirements)",Training year begins early February (Semester 1),2026 selection: applications 12 January–12 February 2026 (closed); 2027 information TBC,Specialists in obstetrics and gynaecology holding (or completing) FRANZCOG; competitive subspecialty selection – see RANZCOG selection information for applicants,Not stated on official page,RANZCOG subspecialty certification,Competitive RANZCOG subspecialty selection (application and interview); enquiries to cu@ranzcog.edu.au,Not stated on official page,Not stated on official page,Not stated on official page,Medical registration with AHPRA (Australia) or the Medical Council of New Zealand at the training unit,A RANZCOG subspecialty program training FRANZCOG specialists in the comprehensive management of urogynaecological disorders.,3 October 2026,https://ranzcog.edu.au/training/subspecialty/cu/ | https://ranzcog.edu.au/training/subspecialty/
/programs/maternal-fetal-medicine-fellowship-the-royal-womens-hospital,Maternal Fetal Medicine Fellowship,The Royal Women's Hospital,Obstetrics & Gynaecology,Maternal-fetal medicine,"Royal Women's Hospital, Parkville, Melbourne",Australia,Melbourne,Victoria,Clinical Fellowship (RANZCOG CMFM-accredited post),Not stated on official page,Not stated on official page,Not stated on official page,Suitable for trainees who have completed all requirements of the RANZCOG Core Training Program (or equivalent); priority to applicants accepted into the RANZCOG CMFM program,Not stated on official page,RANZCOG-accredited for CMFM subspecialty training,Apply via The Women's careers site (careers.thewomens.org.au) when advertised; source is the official position description,Not stated on official page,Salaried hospital position – Victorian Public Health Sector (AMA Victoria) Doctors in Training Enterprise Agreement (award salary),Not stated on official page,Registered Medical Practitioner with AHPRA,"A RANZCOG-accredited subspecialty fellow position in Maternal Fetal Medicine at the Royal Women's Hospital providing clinical care for complicated pregnancies, ultrasound, MFM clinics and research.",3 October 2026,https://www.thewomens.org.au/images/rwh-careers/Medical/2026_PD_MFM_Fellow.pdf
/programs/urogynaecology-fellowship-the-royal-womens-hospital,Urogynaecology Fellowship,The Royal Women's Hospital,Obstetrics & Gynaecology,Urogynecology & reconstructive pelvic surgery,"Royal Women's Hospital, Parkville, Melbourne",Australia,Melbourne,Victoria,Clinical Fellowship,Not stated on official page,2027,Not stated on official page,MBBS or equivalent; AHPRA registration; accepted to the RANZCOG CU subspecialty program; RANZCOG/FRANZCOG or equivalent; completed RANZCOG ITP (or equivalent),Not stated on official page,RANZCOG-accredited for Certification in Urogynaecology (CU) training,Apply via The Women's careers site (careers.thewomens.org.au) when advertised; source is the official position description,Not stated on official page,Salaried hospital position – Victorian Public Health Sector (AMA Victoria) Doctors in Training Enterprise Agreement (award salary),Not stated on official page,Registered Medical Practitioner with AHPRA,A RANZCOG-accredited subspecialty fellow position in the Royal Women's Hospital Urogynaecology Unit providing specialist care for women with urinary and pelvic floor disorders.,3 October 2026,https://www.thewomens.org.au/images/rwh-careers/Medical/2027_PD_Urogynaecology_Fellow.pdf
/programs/gynaecological-oncology-fellowship-the-royal-womens-hospital,Gynaecological Oncology Fellowship,The Royal Women's Hospital,Obstetrics & Gynaecology,Gynaecologic oncology,"Royal Women's Hospital, Parkville, Melbourne",Australia,Melbourne,Victoria,Clinical Fellowship,Not stated on official page,2027,Not stated on official page,MBBS or equivalent; AHPRA registration; FRANZCOG or equivalent; accredited CGO subspecialty trainee with one year of experience,Not stated on official page,RANZCOG-accredited for Certificate in Gynaecological Oncology (CGO) training,Apply via The Women's careers site (careers.thewomens.org.au) when advertised; source is the official position description,Not stated on official page,Salaried hospital position – Victorian Public Health Sector (AMA Victoria) Doctors in Training Enterprise Agreement (award salary),Not stated on official page,Registered Medical Practitioner with AHPRA,A RANZCOG-accredited subspecialty fellow position in the Royal Women's Hospital Gynaecological Oncology Unit caring for women with gynaecological cancer or precancer.,3 October 2026,https://www.thewomens.org.au/images/rwh-careers/Medical/2027_PD_Gynaecological_Oncology_Fellow.pdf
/programs/advanced-laparoscopic-surgery-fellowship-ages-advanced-training-program-aatp-the-royal-womens-hospital,Advanced Laparoscopic Surgery Fellowship – AGES Advanced Training Program (AATP),The Royal Women's Hospital,Obstetrics & Gynaecology,Minimally invasive gynaecologic surgery,"Laparoscopic Gynaecological Surgery, Royal Women's Hospital with the Australasian Centre for Endoscopic Surgery (ACES)",Australia,Melbourne,Victoria,Clinical Fellowship,2 years,2027,Not stated on official page,Most suitable for trainees in the last year of FRANZCOG training who have passed both written and oral exams,Not stated on official page,AGES Accredited Training Program (AATP); suitable for RANZCOG Elective Programme training accreditation,Apply via The Women's careers site and the AGES AATP process,Not stated on official page,Salaried hospital position – Victorian Public Health Sector (AMA Victoria) Doctors in Training Enterprise Agreement (award salary),Not stated on official page,Registered Medical Practitioner with AHPRA,A two-year AGES-accredited advanced laparoscopic surgery fellowship combining the Royal Women's Hospital and the Australasian Centre for Endoscopic Surgery (ACES) in public and private settings.,3 October 2026,https://www.thewomens.org.au/images/rwh-careers/Medical/2027_PD_Gyn1_Laparoscopic_Surgery_Fellow.pdf
/programs/obstetrics-and-gynaecology-ultrasound-fellowship-the-royal-womens-hospital,Obstetrics and Gynaecology Ultrasound Fellowship,The Royal Women's Hospital,Obstetrics & Gynaecology,Obstetric & gynaecological ultrasound,"Pauline Gandel Women's Imaging Centre, Royal Women's Hospital",Australia,Melbourne,Victoria,Clinical Fellowship,Not stated on official page,Not stated on official page,Not stated on official page,"MBBS or equivalent; AHPRA registration; MRANZCOG, FRANZCOG or equivalent; minimum four years accredited O&G training",Not stated on official page,RANZCOG training requirements for accredited positions; COGU subspecialty trainees preferred,Apply via The Women's careers site (careers.thewomens.org.au) when advertised; source is the official position description,Not stated on official page,Salaried hospital position – Victorian Public Health Sector (AMA Victoria) Doctors in Training Enterprise Agreement (award salary),Not stated on official page,Registered Medical Practitioner with AHPRA,An ultrasound fellow position at the Pauline Gandel Women's Imaging Centre providing obstetric and gynaecological ultrasound training aligned to RANZCOG requirements.,3 October 2026,https://www.thewomens.org.au/images/rwh-careers/PD_Ultrasound_Fellow.pdf
/programs/ages-accredited-training-program-aatp-fellowship-in-advanced-gynaecological-endoscopy-royal-hospital-for-women-sydney-royal-hospital-for-women-randwick-south-eastern-sydney-local-health-district,AGES Accredited Training Program (AATP) Fellowship in Advanced Gynaecological Endoscopy – Royal Hospital for Women (Sydney),"Royal Hospital for Women, Randwick (South Eastern Sydney Local Health District)",Obstetrics & Gynaecology,Minimally invasive gynaecologic surgery,AGES National Training Unit – Royal Hospital for Women (Sydney) (training sites: Royal Hospital for Women and Prince of Wales Private),Australia,Sydney,New South Wales,Clinical Fellowship,2 years,Training years run in two-year cycles (current recruitment for 2028–2029 positions),Applications for 2028–2029 trainee positions open 1 November 2026 (central AGES process; interviews at the March AGES Annual Scientific Meeting),Not stated on official page,Yes – AGES states positions are open to both local and international graduates; training sites appoint trainees directly subject to local jurisdiction,Australasian Gynaecological Endoscopy & Surgery Society (AGES) accredited training unit; developed with RANZCOG (no degree or subspecialty qualification conferred),Central AGES application process; interviews during the March ASM (applicants must be registered delegates); enquiries education@ages.com.au,Not stated on official page,Not stated on official page (AGES states the program aims to ensure fair and equitable remuneration),Not stated on official page,Medical registration in the relevant jurisdiction (AHPRA in Australia; Medical Council of New Zealand in NZ) – appointment subject to local jurisdiction,"An AGES-accredited two-year advanced gynaecological endoscopy training unit (Royal Hospital for Women (Sydney)) under the AGES Accredited Training Program, with training at Royal Hospital for Women and Prince of Wales Private.",3 October 2026,https://ages.com.au/training/unit-information/current-unit-details/ | https://ages.com.au/training/trainee-information/overview-of-the-aatp/ | https://ages.com.au/training/trainee-information/becoming-an-ages-trainee/
/programs/ages-accredited-training-program-aatp-fellowship-in-advanced-gynaecological-endoscopy-royal-prince-alfred-hospital-royal-prince-alfred-hospital-sydney-local-health-district,AGES Accredited Training Program (AATP) Fellowship in Advanced Gynaecological Endoscopy – Royal Prince Alfred Hospital,Royal Prince Alfred Hospital (Sydney Local Health District),Obstetrics & Gynaecology,Minimally invasive gynaecologic surgery,"AGES National Training Unit – Royal Prince Alfred Hospital (training sites: Royal Prince Alfred Hospital, North Shore Private, Mater Hospital and St Luke's Hospital)",Australia,Sydney,New South Wales,Clinical Fellowship,2 years,Training years run in two-year cycles (current recruitment for 2028–2029 positions),Applications for 2028–2029 trainee positions open 1 November 2026 (central AGES process; interviews at the March AGES Annual Scientific Meeting),Not stated on official page,Yes – AGES states positions are open to both local and international graduates; training sites appoint trainees directly subject to local jurisdiction,Australasian Gynaecological Endoscopy & Surgery Society (AGES) accredited training unit; developed with RANZCOG (no degree or subspecialty qualification conferred),Central AGES application process; interviews during the March ASM (applicants must be registered delegates); enquiries education@ages.com.au,Not stated on official page,Not stated on official page (AGES states the program aims to ensure fair and equitable remuneration),Not stated on official page,Medical registration in the relevant jurisdiction (AHPRA in Australia; Medical Council of New Zealand in NZ) – appointment subject to local jurisdiction,"An AGES-accredited two-year advanced gynaecological endoscopy training unit (Royal Prince Alfred Hospital) under the AGES Accredited Training Program, with training at Royal Prince Alfred Hospital, North Shore Private, Mater Hospital and St Luke's Hospital.",3 October 2026,https://ages.com.au/training/unit-information/current-unit-details/ | https://ages.com.au/training/trainee-information/overview-of-the-aatp/ | https://ages.com.au/training/trainee-information/becoming-an-ages-trainee/
/programs/ages-accredited-training-program-aatp-fellowship-in-advanced-gynaecological-endoscopy-department-of-gynaecology-westmead-public-hospital-westmead-hospital-western-sydney-local-health-district,"AGES Accredited Training Program (AATP) Fellowship in Advanced Gynaecological Endoscopy – Department of Gynaecology, Westmead Public Hospital",Westmead Hospital (Western Sydney Local Health District),Obstetrics & Gynaecology,Minimally invasive gynaecologic surgery,"AGES National Training Unit – Department of Gynaecology, Westmead Public Hospital (training sites: Westmead Hospital)",Australia,Sydney,New South Wales,Clinical Fellowship,2 years,Training years run in two-year cycles (current recruitment for 2028–2029 positions),Applications for 2028–2029 trainee positions open 1 November 2026 (central AGES process; interviews at the March AGES Annual Scientific Meeting),Not stated on official page,Yes – AGES states positions are open to both local and international graduates; training sites appoint trainees directly subject to local jurisdiction,Australasian Gynaecological Endoscopy & Surgery Society (AGES) accredited training unit; developed with RANZCOG (no degree or subspecialty qualification conferred),Central AGES application process; interviews during the March ASM (applicants must be registered delegates); enquiries education@ages.com.au,Not stated on official page,Not stated on official page (AGES states the program aims to ensure fair and equitable remuneration),Not stated on official page,Medical registration in the relevant jurisdiction (AHPRA in Australia; Medical Council of New Zealand in NZ) – appointment subject to local jurisdiction,"An AGES-accredited two-year advanced gynaecological endoscopy training unit (Department of Gynaecology, Westmead Public Hospital) under the AGES Accredited Training Program, with training at Westmead Hospital.",3 October 2026,https://ages.com.au/training/unit-information/current-unit-details/ | https://ages.com.au/training/trainee-information/overview-of-the-aatp/ | https://ages.com.au/training/trainee-information/becoming-an-ages-trainee/
/programs/ages-accredited-training-program-aatp-fellowship-in-advanced-gynaecological-endoscopy-sydney-west-advanced-pelvic-surgery-unit-swaps-sydney-west-advanced-pelvic-surgery-unit-blacktown-and-westmead-hospitals,AGES Accredited Training Program (AATP) Fellowship in Advanced Gynaecological Endoscopy – Sydney West Advanced Pelvic Surgery Unit (SWAPS),Sydney West Advanced Pelvic Surgery Unit – Blacktown & Westmead Hospitals,Obstetrics & Gynaecology,Minimally invasive gynaecologic surgery,"AGES National Training Unit – Sydney West Advanced Pelvic Surgery Unit (SWAPS) (training sites: Blacktown, Westmead, Norwest Private, Sydney Adventist, Westmead Private and Nepean Private)",Australia,Sydney,New South Wales,Clinical Fellowship,2 years,Training years run in two-year cycles (current recruitment for 2028–2029 positions),Applications for 2028–2029 trainee positions open 1 November 2026 (central AGES process; interviews at the March AGES Annual Scientific Meeting),Not stated on official page,Yes – AGES states positions are open to both local and international graduates; training sites appoint trainees directly subject to local jurisdiction,Australasian Gynaecological Endoscopy & Surgery Society (AGES) accredited training unit; developed with RANZCOG (no degree or subspecialty qualification conferred),Central AGES application process; interviews during the March ASM (applicants must be registered delegates); enquiries education@ages.com.au,Not stated on official page,Not stated on official page (AGES states the program aims to ensure fair and equitable remuneration),Not stated on official page,Medical registration in the relevant jurisdiction (AHPRA in Australia; Medical Council of New Zealand in NZ) – appointment subject to local jurisdiction,"An AGES-accredited two-year advanced gynaecological endoscopy training unit (Sydney West Advanced Pelvic Surgery Unit (SWAPS)) under the AGES Accredited Training Program, with training at Blacktown, Westmead, Norwest Private, Sydney Adventist, Westmead Private and Nepean Private.",3 October 2026,https://ages.com.au/training/unit-information/current-unit-details/ | https://ages.com.au/training/trainee-information/overview-of-the-aatp/ | https://ages.com.au/training/trainee-information/becoming-an-ages-trainee/
/programs/ages-accredited-training-program-aatp-fellowship-in-advanced-gynaecological-endoscopy-endometriosis-ultrasound-and-advanced-endosurgery-unit-nepean-hospital-nepean-hospital-nepean-blue-mountains-local-health-district,"AGES Accredited Training Program (AATP) Fellowship in Advanced Gynaecological Endoscopy – Endometriosis Ultrasound and Advanced Endosurgery Unit, Nepean Hospital",Nepean Hospital (Nepean Blue Mountains Local Health District),Obstetrics & Gynaecology,Minimally invasive gynaecologic surgery,"AGES National Training Unit – Endometriosis Ultrasound and Advanced Endosurgery Unit, Nepean Hospital (training sites: Nepean and Blue Mountains Hospitals and Campbelltown Private Hospital)",Australia,Penrith,New South Wales,Clinical Fellowship,2 years,Training years run in two-year cycles (current recruitment for 2028–2029 positions),Applications for 2028–2029 trainee positions open 1 November 2026 (central AGES process; interviews at the March AGES Annual Scientific Meeting),Not stated on official page,Yes – AGES states positions are open to both local and international graduates; training sites appoint trainees directly subject to local jurisdiction,Australasian Gynaecological Endoscopy & Surgery Society (AGES) accredited training unit; developed with RANZCOG (no degree or subspecialty qualification conferred),Central AGES application process; interviews during the March ASM (applicants must be registered delegates); enquiries education@ages.com.au,Not stated on official page,Not stated on official page (AGES states the program aims to ensure fair and equitable remuneration),Not stated on official page,Medical registration in the relevant jurisdiction (AHPRA in Australia; Medical Council of New Zealand in NZ) – appointment subject to local jurisdiction,"An AGES-accredited two-year advanced gynaecological endoscopy training unit (Endometriosis Ultrasound and Advanced Endosurgery Unit, Nepean Hospital) under the AGES Accredited Training Program, with training at Nepean and Blue Mountains Hospitals and Campbelltown Private Hospital.",3 October 2026,https://ages.com.au/training/unit-information/current-unit-details/ | https://ages.com.au/training/trainee-information/overview-of-the-aatp/ | https://ages.com.au/training/trainee-information/becoming-an-ages-trainee/
/programs/ages-accredited-training-program-aatp-fellowship-in-advanced-gynaecological-endoscopy-liverpool-hospital-liverpool-hospital-south-western-sydney-local-health-district,AGES Accredited Training Program (AATP) Fellowship in Advanced Gynaecological Endoscopy – Liverpool Hospital,Liverpool Hospital (South Western Sydney Local Health District),Obstetrics & Gynaecology,Minimally invasive gynaecologic surgery,AGES National Training Unit – Liverpool Hospital (training sites: Liverpool Public Hospital),Australia,Sydney,New South Wales,Clinical Fellowship,2 years,Training years run in two-year cycles (current recruitment for 2028–2029 positions),Applications for 2028–2029 trainee positions open 1 November 2026 (central AGES process; interviews at the March AGES Annual Scientific Meeting),Not stated on official page,Yes – AGES states positions are open to both local and international graduates; training sites appoint trainees directly subject to local jurisdiction,Australasian Gynaecological Endoscopy & Surgery Society (AGES) accredited training unit; developed with RANZCOG (no degree or subspecialty qualification conferred),Central AGES application process; interviews during the March ASM (applicants must be registered delegates); enquiries education@ages.com.au,Not stated on official page,Not stated on official page (AGES states the program aims to ensure fair and equitable remuneration),Not stated on official page,Medical registration in the relevant jurisdiction (AHPRA in Australia; Medical Council of New Zealand in NZ) – appointment subject to local jurisdiction,"An AGES-accredited two-year advanced gynaecological endoscopy training unit (Liverpool Hospital) under the AGES Accredited Training Program, with training at Liverpool Public Hospital.",3 October 2026,https://ages.com.au/training/unit-information/current-unit-details/ | https://ages.com.au/training/trainee-information/overview-of-the-aatp/ | https://ages.com.au/training/trainee-information/becoming-an-ages-trainee/
/programs/ages-accredited-training-program-aatp-fellowship-in-advanced-gynaecological-endoscopy-eve-health-and-mater-hospital-brisbane-mater-hospital-brisbane-eve-health,AGES Accredited Training Program (AATP) Fellowship in Advanced Gynaecological Endoscopy – Eve Health & Mater Hospital Brisbane,Mater Hospital Brisbane / Eve Health,Obstetrics & Gynaecology,Minimally invasive gynaecologic surgery,"AGES National Training Unit – Eve Health & Mater Hospital Brisbane (training sites: Eve Health (Mater, Wesley, St Andrew's))",Australia,Brisbane,Queensland,Clinical Fellowship,2 years,Training years run in two-year cycles (current recruitment for 2028–2029 positions),Applications for 2028–2029 trainee positions open 1 November 2026 (central AGES process; interviews at the March AGES Annual Scientific Meeting),Not stated on official page,Yes – AGES states positions are open to both local and international graduates; training sites appoint trainees directly subject to local jurisdiction,Australasian Gynaecological Endoscopy & Surgery Society (AGES) accredited training unit; developed with RANZCOG (no degree or subspecialty qualification conferred),Central AGES application process; interviews during the March ASM (applicants must be registered delegates); enquiries education@ages.com.au,Not stated on official page,Not stated on official page (AGES states the program aims to ensure fair and equitable remuneration),Not stated on official page,Medical registration in the relevant jurisdiction (AHPRA in Australia; Medical Council of New Zealand in NZ) – appointment subject to local jurisdiction,"An AGES-accredited two-year advanced gynaecological endoscopy training unit (Eve Health & Mater Hospital Brisbane) under the AGES Accredited Training Program, with training at Eve Health (Mater, Wesley, St Andrew's).",3 October 2026,https://ages.com.au/training/unit-information/current-unit-details/ | https://ages.com.au/training/trainee-information/overview-of-the-aatp/ | https://ages.com.au/training/trainee-information/becoming-an-ages-trainee/
/programs/ages-accredited-training-program-aatp-fellowship-in-advanced-gynaecological-endoscopy-townsville-university-hospital-townsville-university-hospital,AGES Accredited Training Program (AATP) Fellowship in Advanced Gynaecological Endoscopy – Townsville University Hospital,Townsville University Hospital,Obstetrics & Gynaecology,Minimally invasive gynaecologic surgery,AGES National Training Unit – Townsville University Hospital (training sites: Townsville University Hospital and Health Service),Australia,Townsville,Queensland,Clinical Fellowship,2 years,Training years run in two-year cycles (current recruitment for 2028–2029 positions),Applications for 2028–2029 trainee positions open 1 November 2026 (central AGES process; interviews at the March AGES Annual Scientific Meeting),Not stated on official page,Yes – AGES states positions are open to both local and international graduates; training sites appoint trainees directly subject to local jurisdiction,Australasian Gynaecological Endoscopy & Surgery Society (AGES) accredited training unit; developed with RANZCOG (no degree or subspecialty qualification conferred),Central AGES application process; interviews during the March ASM (applicants must be registered delegates); enquiries education@ages.com.au,Not stated on official page,Not stated on official page (AGES states the program aims to ensure fair and equitable remuneration),Not stated on official page,Medical registration in the relevant jurisdiction (AHPRA in Australia; Medical Council of New Zealand in NZ) – appointment subject to local jurisdiction,"An AGES-accredited two-year advanced gynaecological endoscopy training unit (Townsville University Hospital) under the AGES Accredited Training Program, with training at Townsville University Hospital and Health Service.",3 October 2026,https://ages.com.au/training/unit-information/current-unit-details/ | https://ages.com.au/training/trainee-information/overview-of-the-aatp/ | https://ages.com.au/training/trainee-information/becoming-an-ages-trainee/
/programs/ages-accredited-training-program-aatp-fellowship-in-advanced-gynaecological-endoscopy-gold-coast-clinical-operative-robotic-and-endoscopic-gc-core-gold-coast-university-hospital,AGES Accredited Training Program (AATP) Fellowship in Advanced Gynaecological Endoscopy – Gold Coast Clinical Operative Robotic and Endoscopic (GC CORE),Gold Coast University Hospital,Obstetrics & Gynaecology,Minimally invasive gynaecologic surgery,"AGES National Training Unit – Gold Coast Clinical Operative Robotic and Endoscopic (GC CORE) (training sites: Gold Coast University, John Flynn Private and Gold Coast Private Hospitals)",Australia,Gold Coast,Queensland,Clinical Fellowship,2 years,Training years run in two-year cycles (current recruitment for 2028–2029 positions),Applications for 2028–2029 trainee positions open 1 November 2026 (central AGES process; interviews at the March AGES Annual Scientific Meeting),Not stated on official page,Yes – AGES states positions are open to both local and international graduates; training sites appoint trainees directly subject to local jurisdiction,Australasian Gynaecological Endoscopy & Surgery Society (AGES) accredited training unit; developed with RANZCOG (no degree or subspecialty qualification conferred),Central AGES application process; interviews during the March ASM (applicants must be registered delegates); enquiries education@ages.com.au,Not stated on official page,Not stated on official page (AGES states the program aims to ensure fair and equitable remuneration),Not stated on official page,Medical registration in the relevant jurisdiction (AHPRA in Australia; Medical Council of New Zealand in NZ) – appointment subject to local jurisdiction,"An AGES-accredited two-year advanced gynaecological endoscopy training unit (Gold Coast Clinical Operative Robotic and Endoscopic (GC CORE)) under the AGES Accredited Training Program, with training at Gold Coast University, John Flynn Private and Gold Coast Private Hospitals.",3 October 2026,https://ages.com.au/training/unit-information/current-unit-details/ | https://ages.com.au/training/trainee-information/overview-of-the-aatp/ | https://ages.com.au/training/trainee-information/becoming-an-ages-trainee/
/programs/ages-accredited-training-program-aatp-fellowship-in-advanced-gynaecological-endoscopy-flinders-endogynaecology-urogynaecology-flinders-medical-centre,AGES Accredited Training Program (AATP) Fellowship in Advanced Gynaecological Endoscopy – Flinders Endogynaecology/Urogynaecology,Flinders Medical Centre,Obstetrics & Gynaecology,Minimally invasive gynaecologic surgery,AGES National Training Unit – Flinders Endogynaecology/Urogynaecology (training sites: Flinders Medical Centre (with Flinders Private Hospital)),Australia,Adelaide,South Australia,Clinical Fellowship,2 years,Training years run in two-year cycles (current recruitment for 2028–2029 positions),Applications for 2028–2029 trainee positions open 1 November 2026 (central AGES process; interviews at the March AGES Annual Scientific Meeting),Not stated on official page,Yes – AGES states positions are open to both local and international graduates; training sites appoint trainees directly subject to local jurisdiction,Australasian Gynaecological Endoscopy & Surgery Society (AGES) accredited training unit; developed with RANZCOG (no degree or subspecialty qualification conferred),Central AGES application process; interviews during the March ASM (applicants must be registered delegates); enquiries education@ages.com.au,Not stated on official page,Not stated on official page (AGES states the program aims to ensure fair and equitable remuneration),Not stated on official page,Medical registration in the relevant jurisdiction (AHPRA in Australia; Medical Council of New Zealand in NZ) – appointment subject to local jurisdiction,"An AGES-accredited two-year advanced gynaecological endoscopy training unit (Flinders Endogynaecology/Urogynaecology) under the AGES Accredited Training Program, with training at Flinders Medical Centre (with Flinders Private Hospital).",3 October 2026,https://ages.com.au/training/unit-information/current-unit-details/ | https://ages.com.au/training/trainee-information/overview-of-the-aatp/ | https://ages.com.au/training/trainee-information/becoming-an-ages-trainee/
/programs/ages-accredited-training-program-aatp-fellowship-in-advanced-gynaecological-endoscopy-north-adelaide-local-health-network-lyell-mcewin-hospital-and-modbury-hospital-northern-adelaide-local-health-network,AGES Accredited Training Program (AATP) Fellowship in Advanced Gynaecological Endoscopy – North Adelaide Local Health Network,Lyell McEwin Hospital & Modbury Hospital (Northern Adelaide Local Health Network),Obstetrics & Gynaecology,Minimally invasive gynaecologic surgery,AGES National Training Unit – North Adelaide Local Health Network (training sites: Lyell McEwin Hospital and Modbury Hospital),Australia,Adelaide,South Australia,Clinical Fellowship,2 years,Training years run in two-year cycles (current recruitment for 2028–2029 positions),Applications for 2028–2029 trainee positions open 1 November 2026 (central AGES process; interviews at the March AGES Annual Scientific Meeting),Not stated on official page,Yes – AGES states positions are open to both local and international graduates; training sites appoint trainees directly subject to local jurisdiction,Australasian Gynaecological Endoscopy & Surgery Society (AGES) accredited training unit; developed with RANZCOG (no degree or subspecialty qualification conferred),Central AGES application process; interviews during the March ASM (applicants must be registered delegates); enquiries education@ages.com.au,Not stated on official page,Not stated on official page (AGES states the program aims to ensure fair and equitable remuneration),Not stated on official page,Medical registration in the relevant jurisdiction (AHPRA in Australia; Medical Council of New Zealand in NZ) – appointment subject to local jurisdiction,"An AGES-accredited two-year advanced gynaecological endoscopy training unit (North Adelaide Local Health Network) under the AGES Accredited Training Program, with training at Lyell McEwin Hospital and Modbury Hospital.",3 October 2026,https://ages.com.au/training/unit-information/current-unit-details/ | https://ages.com.au/training/trainee-information/overview-of-the-aatp/ | https://ages.com.au/training/trainee-information/becoming-an-ages-trainee/
/programs/ages-accredited-training-program-aatp-fellowship-in-advanced-gynaecological-endoscopy-gynaecological-endoscopy-unit-monash-health-monash-health-monash-medical-centre,"AGES Accredited Training Program (AATP) Fellowship in Advanced Gynaecological Endoscopy – Gynaecological Endoscopy Unit, Monash Health",Monash Health (Monash Medical Centre),Obstetrics & Gynaecology,Minimally invasive gynaecologic surgery,"AGES National Training Unit – Gynaecological Endoscopy Unit, Monash Health (training sites: Monash Medical Centre, Waverley Private, Cabrini Private and Epworth Freemasons/Eastern)",Australia,Melbourne,Victoria,Clinical Fellowship,2 years,Training years run in two-year cycles (current recruitment for 2028–2029 positions),Applications for 2028–2029 trainee positions open 1 November 2026 (central AGES process; interviews at the March AGES Annual Scientific Meeting),Not stated on official page,Yes – AGES states positions are open to both local and international graduates; training sites appoint trainees directly subject to local jurisdiction,Australasian Gynaecological Endoscopy & Surgery Society (AGES) accredited training unit; developed with RANZCOG (no degree or subspecialty qualification conferred),Central AGES application process; interviews during the March ASM (applicants must be registered delegates); enquiries education@ages.com.au,Not stated on official page,Not stated on official page (AGES states the program aims to ensure fair and equitable remuneration),Not stated on official page,Medical registration in the relevant jurisdiction (AHPRA in Australia; Medical Council of New Zealand in NZ) – appointment subject to local jurisdiction,"An AGES-accredited two-year advanced gynaecological endoscopy training unit (Gynaecological Endoscopy Unit, Monash Health) under the AGES Accredited Training Program, with training at Monash Medical Centre, Waverley Private, Cabrini Private and Epworth Freemasons/Eastern.",3 October 2026,https://ages.com.au/training/unit-information/current-unit-details/ | https://ages.com.au/training/trainee-information/overview-of-the-aatp/ | https://ages.com.au/training/trainee-information/becoming-an-ages-trainee/
/programs/ages-accredited-training-program-aatp-fellowship-in-advanced-gynaecological-endoscopy-mercy-hospital-for-women-department-of-endosurgery-mercy-hospital-for-women,"AGES Accredited Training Program (AATP) Fellowship in Advanced Gynaecological Endoscopy – Mercy Hospital for Women, Department of Endosurgery",Mercy Hospital for Women,Obstetrics & Gynaecology,Minimally invasive gynaecologic surgery,"AGES National Training Unit – Mercy Hospital for Women, Department of Endosurgery (training sites: Mercy Hospital and Epworth Hospital)",Australia,Melbourne,Victoria,Clinical Fellowship,2 years,Training years run in two-year cycles (current recruitment for 2028–2029 positions),Applications for 2028–2029 trainee positions open 1 November 2026 (central AGES process; interviews at the March AGES Annual Scientific Meeting),Not stated on official page,Yes – AGES states positions are open to both local and international graduates; training sites appoint trainees directly subject to local jurisdiction,Australasian Gynaecological Endoscopy & Surgery Society (AGES) accredited training unit; developed with RANZCOG (no degree or subspecialty qualification conferred),Central AGES application process; interviews during the March ASM (applicants must be registered delegates); enquiries education@ages.com.au,Not stated on official page,Not stated on official page (AGES states the program aims to ensure fair and equitable remuneration),Not stated on official page,Medical registration in the relevant jurisdiction (AHPRA in Australia; Medical Council of New Zealand in NZ) – appointment subject to local jurisdiction,"An AGES-accredited two-year advanced gynaecological endoscopy training unit (Mercy Hospital for Women, Department of Endosurgery) under the AGES Accredited Training Program, with training at Mercy Hospital and Epworth Hospital.",3 October 2026,https://ages.com.au/training/unit-information/current-unit-details/ | https://ages.com.au/training/trainee-information/overview-of-the-aatp/ | https://ages.com.au/training/trainee-information/becoming-an-ages-trainee/
/programs/ages-accredited-training-program-aatp-fellowship-in-advanced-gynaecological-endoscopy-king-edward-memorial-hospital-king-edward-memorial-hospital-for-women,AGES Accredited Training Program (AATP) Fellowship in Advanced Gynaecological Endoscopy – King Edward Memorial Hospital,King Edward Memorial Hospital for Women,Obstetrics & Gynaecology,Minimally invasive gynaecologic surgery,AGES National Training Unit – King Edward Memorial Hospital (training sites: King Edward Memorial Hospital),Australia,Perth,Western Australia,Clinical Fellowship,2 years,Training years run in two-year cycles (current recruitment for 2028–2029 positions),Applications for 2028–2029 trainee positions open 1 November 2026 (central AGES process; interviews at the March AGES Annual Scientific Meeting),Not stated on official page,Yes – AGES states positions are open to both local and international graduates; training sites appoint trainees directly subject to local jurisdiction,Australasian Gynaecological Endoscopy & Surgery Society (AGES) accredited training unit; developed with RANZCOG (no degree or subspecialty qualification conferred),Central AGES application process; interviews during the March ASM (applicants must be registered delegates); enquiries education@ages.com.au,Not stated on official page,Not stated on official page (AGES states the program aims to ensure fair and equitable remuneration),Not stated on official page,Medical registration in the relevant jurisdiction (AHPRA in Australia; Medical Council of New Zealand in NZ) – appointment subject to local jurisdiction,"An AGES-accredited two-year advanced gynaecological endoscopy training unit (King Edward Memorial Hospital) under the AGES Accredited Training Program, with training at King Edward Memorial Hospital.",3 October 2026,https://ages.com.au/training/unit-information/current-unit-details/ | https://ages.com.au/training/trainee-information/overview-of-the-aatp/ | https://ages.com.au/training/trainee-information/becoming-an-ages-trainee/
/programs/ages-accredited-training-program-aatp-fellowship-in-advanced-gynaecological-endoscopy-auckland-dhb-national-womens-hospital-te-toka-tumai-auckland-national-womens-health-auckland-city-hospital,"AGES Accredited Training Program (AATP) Fellowship in Advanced Gynaecological Endoscopy – Auckland DHB, National Women's Hospital","Te Toka Tumai Auckland – National Women's Health, Auckland City Hospital",Obstetrics & Gynaecology,Minimally invasive gynaecologic surgery,"AGES National Training Unit – Auckland DHB, National Women's Hospital (training sites: Auckland City Hospital, Greenlane Clinical Centre and Ascot Private Hospital)",New Zealand,Auckland,Auckland,Clinical Fellowship,2 years,Training years run in two-year cycles (current recruitment for 2028–2029 positions),Applications for 2028–2029 trainee positions open 1 November 2026 (central AGES process; interviews at the March AGES Annual Scientific Meeting),Not stated on official page,Yes – AGES states positions are open to both local and international graduates; training sites appoint trainees directly subject to local jurisdiction,Australasian Gynaecological Endoscopy & Surgery Society (AGES) accredited training unit; developed with RANZCOG (no degree or subspecialty qualification conferred),Central AGES application process; interviews during the March ASM (applicants must be registered delegates); enquiries education@ages.com.au,Not stated on official page,Not stated on official page (AGES states the program aims to ensure fair and equitable remuneration),Not stated on official page,Medical registration in the relevant jurisdiction (AHPRA in Australia; Medical Council of New Zealand in NZ) – appointment subject to local jurisdiction,"An AGES-accredited two-year advanced gynaecological endoscopy training unit (Auckland DHB, National Women's Hospital) under the AGES Accredited Training Program, with training at Auckland City Hospital, Greenlane Clinical Centre and Ascot Private Hospital.",3 October 2026,https://ages.com.au/training/unit-information/current-unit-details/ | https://ages.com.au/training/trainee-information/overview-of-the-aatp/ | https://ages.com.au/training/trainee-information/becoming-an-ages-trainee/
/programs/ages-accredited-training-program-aatp-fellowship-in-advanced-gynaecological-endoscopy-capital-and-coast-district-health-board-ccdhb-wellington-regional-hospital-capital-coast-and-hutt-valley,AGES Accredited Training Program (AATP) Fellowship in Advanced Gynaecological Endoscopy – Capital & Coast District Health Board (CCDHB),"Wellington Regional Hospital (Capital, Coast & Hutt Valley)",Obstetrics & Gynaecology,Minimally invasive gynaecologic surgery,AGES National Training Unit – Capital & Coast District Health Board (CCDHB) (training sites: CCDHB and Wakefield Hospital),New Zealand,Wellington,Wellington,Clinical Fellowship,2 years,Training years run in two-year cycles (current recruitment for 2028–2029 positions),Applications for 2028–2029 trainee positions open 1 November 2026 (central AGES process; interviews at the March AGES Annual Scientific Meeting),Not stated on official page,Yes – AGES states positions are open to both local and international graduates; training sites appoint trainees directly subject to local jurisdiction,Australasian Gynaecological Endoscopy & Surgery Society (AGES) accredited training unit; developed with RANZCOG (no degree or subspecialty qualification conferred),Central AGES application process; interviews during the March ASM (applicants must be registered delegates); enquiries education@ages.com.au,Not stated on official page,Not stated on official page (AGES states the program aims to ensure fair and equitable remuneration),Not stated on official page,Medical registration in the relevant jurisdiction (AHPRA in Australia; Medical Council of New Zealand in NZ) – appointment subject to local jurisdiction,"An AGES-accredited two-year advanced gynaecological endoscopy training unit (Capital & Coast District Health Board (CCDHB)) under the AGES Accredited Training Program, with training at CCDHB and Wakefield Hospital.",3 October 2026,https://ages.com.au/training/unit-information/current-unit-details/ | https://ages.com.au/training/trainee-information/overview-of-the-aatp/ | https://ages.com.au/training/trainee-information/becoming-an-ages-trainee/
/programs/ages-accredited-training-program-aatp-fellowship-in-advanced-gynaecological-endoscopy-waikato-hospital-anglesea-hospital-waikato-hospital,"AGES Accredited Training Program (AATP) Fellowship in Advanced Gynaecological Endoscopy – Waikato Hospital, Anglesea Hospital",Waikato Hospital,Obstetrics & Gynaecology,Minimally invasive gynaecologic surgery,"AGES National Training Unit – Waikato Hospital, Anglesea Hospital (training sites: Waikato Hospital, Anglesea Gynaecology & Anglesea Hospital, Southern Cross Hospital and Fertility Associates Hamilton)",New Zealand,Hamilton,Waikato,Clinical Fellowship,2 years,Training years run in two-year cycles (current recruitment for 2028–2029 positions),Applications for 2028–2029 trainee positions open 1 November 2026 (central AGES process; interviews at the March AGES Annual Scientific Meeting),Not stated on official page,Yes – AGES states positions are open to both local and international graduates; training sites appoint trainees directly subject to local jurisdiction,Australasian Gynaecological Endoscopy & Surgery Society (AGES) accredited training unit; developed with RANZCOG (no degree or subspecialty qualification conferred),Central AGES application process; interviews during the March ASM (applicants must be registered delegates); enquiries education@ages.com.au,Not stated on official page,Not stated on official page (AGES states the program aims to ensure fair and equitable remuneration),Not stated on official page,Medical registration in the relevant jurisdiction (AHPRA in Australia; Medical Council of New Zealand in NZ) – appointment subject to local jurisdiction,"An AGES-accredited two-year advanced gynaecological endoscopy training unit (Waikato Hospital, Anglesea Hospital) under the AGES Accredited Training Program, with training at Waikato Hospital, Anglesea Gynaecology & Anglesea Hospital, Southern Cross Hospital and Fertility Associates Hamilton.",3 October 2026,https://ages.com.au/training/unit-information/current-unit-details/ | https://ages.com.au/training/trainee-information/overview-of-the-aatp/ | https://ages.com.au/training/trainee-information/becoming-an-ages-trainee/
/programs/clinical-fellow-in-gynaecological-oncology-nhs-jobs-advert-somerset-nhs-foundation-trust-musgrove-park-hospital,Clinical Fellow in Gynaecological Oncology (NHS Jobs advert),Somerset NHS Foundation Trust – Musgrove Park Hospital,Obstetrics & Gynaecology,Gynaecologic oncology,"Gynaecological Oncology, Musgrove Park Hospital",United Kingdom,Taunton,England (South West),Clinical Fellowship,Not stated on official page (advert lists contract as permanent),Not stated on official page,12 October 2026 (advert closing date),Clinically competent at ST5+ level; full GMC registration with a licence to practise,Yes – applicants requiring Skilled Worker sponsorship are considered,Not stated on official page,"NHS Jobs advert (no standing programme page found) – apply online via jobs.nhs.uk, ref C9184-26-0839",Not stated on official page,"£67,325 to £77,348 a year; optional MSc via University of Exeter",Skilled Worker sponsorship: applications from job seekers requiring sponsorship are welcome and considered alongside all others (per advert),Full GMC registration with a licence to practise,An ST5+ level clinical fellowship in gynaecological oncology at Musgrove Park Hospital for senior O&G trainees or post-CCT doctors preparing for subspecialty training or a consultant role.,3 October 2026,https://www.jobs.nhs.uk/candidate/jobadvert/C9184-26-0839
/programs/endometriosis-surgical-fellowship-st6-equivalent-nhs-jobs-advert-norfolk-and-norwich-university-hospitals-nhs-foundation-trust,Endometriosis Surgical Fellowship (ST6 equivalent) (NHS Jobs advert),Norfolk and Norwich University Hospitals NHS Foundation Trust,Obstetrics & Gynaecology,Minimally invasive gynaecologic surgery,Specialist Endometriosis Service,United Kingdom,Norwich,England (East of England),Clinical Fellowship,Minimum fixed term of 12 months,Not stated on official page,11 October 2026 (advert closing date),ST6-equivalent; full GMC registration with licence to practise required on application,Yes – applicants requiring Skilled Worker sponsorship are considered (full GMC registration required on application),Not stated on official page,"NHS Jobs advert (no standing programme page found) – apply online via jobs.nhs.uk, ref C9234-26-0895",Not stated on official page,"£76,582 a year",Skilled Worker sponsorship: applications from job seekers requiring sponsorship are welcome and considered alongside all others (per advert),Full GMC registration with a licence to practise,"A registrar-level specialist endometriosis surgical fellowship focused on specialist clinics, advanced endometriosis surgery and multidisciplinary care.",3 October 2026,https://www.jobs.nhs.uk/candidate/jobadvert/C9234-26-0895
/programs/senior-clinical-fellow-benign-gynaecology-nhs-jobs-advert-croydon-health-services-nhs-trust-croydon-university-hospital,Senior Clinical Fellow – Benign Gynaecology (NHS Jobs advert),Croydon Health Services NHS Trust – Croydon University Hospital,Obstetrics & Gynaecology,Minimally invasive gynaecologic surgery,"Obstetrics & Gynaecology, Croydon University Hospital",United Kingdom,London,England (London),Clinical Fellowship,Not stated on official page,Not stated on official page,15 October 2026 (advert closing date),Senior registrars or post-CCT fellows,Yes – applicants requiring Skilled Worker sponsorship are considered,Not stated on official page,"NHS Jobs advert (no standing programme page found) – apply online via jobs.nhs.uk, ref C9199-26-0373",Not stated on official page,Depending on experience,Skilled Worker sponsorship: applications from job seekers requiring sponsorship are welcome and considered alongside all others (per advert),Not stated on official page,"A senior clinical fellow post for senior registrars or post-CCT fellows to consolidate training in benign gynaecology, benign surgery (including therapeutic laparoscopy) and acute gynaecology.",3 October 2026,https://www.jobs.nhs.uk/candidate/jobadvert/C9199-26-0373
/programs/maternal-fetal-medicine-fellowship-uw,Maternal-Fetal Medicine Fellowship,University of Washington,Obstetrics & Gynaecology,Maternal-fetal medicine,"Department of Obstetrics & Gynecology, University of Washington School of Medicine",United States,Seattle,Washington,Clinical Fellowship,3 years,Not stated on official page,Not stated on official page,Not stated on official page,Not stated on official page,ACGME accredited; ABOG approved,Not stated on official page,2 fellows per year (6 total),Not stated on official page,Not stated on official page,Not stated on official page,The University of Washington Maternal Fetal Medicine fellowship program trains leaders in the field of MFM through strong clinical and research experiences.,3 October 2026,https://obgyn.uw.edu/education/fellowships/maternal-fetal-medicine
/programs/reproductive-endocrinology-and-infertility-fellowship-uw,Reproductive Endocrinology & Infertility Fellowship,University of Washington,Obstetrics & Gynaecology,Reproductive endocrinology,"Department of Obstetrics & Gynecology, University of Washington School of Medicine",United States,Seattle,Washington,Clinical Fellowship,3 years,Not stated on official page,Not stated on official page,Not stated on official page,Applications from H1B and J1 visa holders cannot be accepted,ABOG certified; initial ACGME accreditation,Not stated on official page,1 fellow per year (maximum 3),Not stated on official page,Applications from H1B and J1 visa holders cannot be accepted (due to the nature of fellowship funding),Not stated on official page,The Reproductive Endocrinology & Infertility Fellowship at the University of Washington is a three-year program accepting one applicant per year for a maximum of three fellows at any given time.,3 October 2026,https://obgyn.uw.edu/education/fellowships/REI
/programs/global-and-rural-health-fellowship-in-ob-gyn-uw,Global and Rural Health Fellowship in OB/GYN,University of Washington,Obstetrics & Gynaecology,Global women's health,"Department of Obstetrics & Gynecology, University of Washington School of Medicine",United States,Seattle,Washington,Clinical Fellowship,2 years,Not stated on official page,Not stated on official page,Not stated on official page,Not stated on official page,Non-ACGME accredited,Not stated on official page,1 fellow per year,Not stated on official page,Not stated on official page,Not stated on official page,"A two-year fellowship hosted at Pine Ridge Indian Health Service Hospital, South Dakota, in year one and at a site outside the United States in year two, training OB/GYN leaders in global and rural health.",3 October 2026,https://obgyn.uw.edu/education/fellowships/GRF
/programs/maternal-fetal-medicine-fellowship-duke,Maternal-Fetal Medicine Fellowship,Duke University,Obstetrics & Gynaecology,Maternal-fetal medicine,"Department of Obstetrics and Gynecology, Duke University School of Medicine",United States,Durham,North Carolina,Clinical Fellowship,Not stated on official page,"August 1, 2027 (current cycle)","April 27, 2026 (current cycle)",Not stated on official page,Not stated on official page,Not stated on official page,ERAS; three letters of recommendation required,Not stated on official page,Not stated on official page,Not stated on official page,Not stated on official page,The Maternal-Fetal Medicine Fellowship Program at Duke University provides a comprehensive experience in Maternal-Fetal Medicine while tailoring the program to each fellow's special interest.,3 October 2026,https://obgyn.duke.edu/education-training/fellowship-programs/maternal-fetal-medicine-fellowship-program | https://obgyn.duke.edu/education-training/fellowship-programs/maternal-fetal-medicine/application-process
/programs/reproductive-endocrinology-and-infertility-fellowship-duke,Reproductive Endocrinology and Infertility Fellowship,Duke University,Obstetrics & Gynaecology,Reproductive endocrinology,"Department of Obstetrics and Gynecology, Duke University School of Medicine",United States,Durham,North Carolina,Clinical Fellowship,"3 years (18 months research, 18 months clinical)",August 1 of the year following interviews,"May 1, 2026, 12pm CST (current cycle)",Not stated on official page,Not stated on official page,Not stated on official page,ERAS with NRMP/AAMC match; three letters of recommendation,Approved for three fellows,Not stated on official page,Not stated on official page,Not stated on official page,"The Duke REI fellowship program is designed to provide outstanding clinical and investigative skills to pursue an academic career in REI, with 18 months of research and 18 months of clinical service.",3 October 2026,https://obgyn.duke.edu/education-training/fellowship-programs/reproductive-endocrinology-infertility | https://obgyn.duke.edu/education-training/fellowship-programs/reproductive-endocrinology-and-infertility/application
/programs/complex-benign-gynecology-fellowship-duke,Complex Benign Gynecology Fellowship,Duke University,Obstetrics & Gynaecology,Minimally invasive gynaecologic surgery,"Department of Obstetrics and Gynecology, Duke University School of Medicine",United States,Durham,North Carolina,Clinical Fellowship,2 years,Not stated on official page,Not stated on official page,Not stated on official page,Not stated on official page,Not stated on official page,FellowshipsCAS with NRMP match; interviews typically in summer,Not stated on official page,Not stated on official page,Not stated on official page,Not stated on official page,Duke Ob/Gyn's Complex Benign Gynecology fellowship is a two-year program providing comprehensive subspecialty training in advanced minimally invasive gynecologic surgical procedures.,3 October 2026,https://obgyn.duke.edu/education-training/fellowship-programs/complex-benign-gynecology | https://obgyn.duke.edu/education-training/fellowship-programs/complex-benign-gynecology-fellowship-program/application
/programs/global-health-fellowship-in-obstetrics-and-gynecology-duke,Global Health Fellowship in Obstetrics and Gynecology,Duke University,Obstetrics & Gynaecology,Global women's health,"Department of Obstetrics and Gynecology, Duke University School of Medicine",United States,Durham,North Carolina,Clinical Fellowship,Up to 2 years,Not stated on official page,Not stated on official page,Not stated on official page,Not stated on official page,Not stated on official page,Not stated on official page,Not stated on official page,Not stated on official page,Not stated on official page,Not stated on official page,"The Global Health fellowship offers extended training for up to 2 years in health disparities, maternal morbidity and mortality in resource-poor settings, surgery in resource-poor settings, public health and HIV/AIDS.",3 October 2026,https://obgyn.duke.edu/education-training/fellowship-programs/global-health
/programs/quality-and-safety-in-women-s-health-fellowship-duke,Quality and Safety in Women's Health Fellowship,Duke University,Obstetrics & Gynaecology,Quality & patient safety,"Department of Obstetrics and Gynecology, Duke University School of Medicine",United States,Durham,North Carolina,Clinical Fellowship,1 year,August 1,"October 31, noon EST (2027-2028 cycle)","Completion of an ACGME-accredited OB/GYN residency by the start of fellowship; ABOG board-eligible or board-certified; demonstrated interest in QI, patient safety and/or health systems leadership",Not stated on official page,Not stated on official page,"Single PDF (CV, personal statement, transcript, 3 letters of recommendation) emailed to qualityfellowship@duke.edu",1 fellow per year,Not stated on official page,Not stated on official page,Eligible for medical licensure in North Carolina,"A one-year in-person fellowship training obstetrician/gynecologists and subspecialists to improve health care through the principles, design and conduct of quality improvement and patient safety initiatives.",3 October 2026,https://obgyn.duke.edu/education-training/fellowship-programs/quality-and-safety-womens-health | https://obgyn.duke.edu/education-training/fellowship-programs/quality-and-safety-womens-health/application-process
/programs/maternal-fetal-medicine-fellowship-ucla,Maternal-Fetal Medicine Fellowship,UCLA Health,Obstetrics & Gynaecology,Maternal-fetal medicine,"Department of Obstetrics & Gynecology, David Geffen School of Medicine at UCLA",United States,Los Angeles,California,Clinical Fellowship,3 years (clinical training concentrated in first 18 months),Not stated on official page,Not stated on official page,Not stated on official page,Not stated on official page,ACGME,At least two letters of recommendation (one from current chief of service),Alternates between 2 fellows one year and 1 fellow the following year (from August 2025),Not stated on official page,Not stated on official page,Not stated on official page,"The UCLA Maternal-Fetal Medicine Fellowship trains exceptional clinicians, researchers and leaders at Ronald Reagan UCLA Medical Center and UCLA Medical Center, Santa Monica.",3 October 2026,https://www.uclahealth.org/departments/obgyn/education/fellowship-programs/maternal-fetal-medicine-fellowship-program
/programs/reproductive-endocrinology-and-infertility-fellowship-ucla,Reproductive Endocrinology and Infertility Fellowship,UCLA Health,Obstetrics & Gynaecology,Reproductive endocrinology,"Department of Obstetrics & Gynecology, David Geffen School of Medicine at UCLA",United States,Los Angeles,California,Clinical Fellowship,"3 years (18 months clinical, 18 months research)",Not stated on official page,"Friday, May 1, 2026 (12PM CST)",Not stated on official page,"Applicants with a foreign medical degree must include all educational transcripts, exam scores and ECFMG certificate",ACGME accredited,"ERAS (MSPE, transcripts and USMLE scores uploaded to ERAS); interviews mandatory",Not stated on official page,Not stated on official page,Not stated on official page,Not stated on official page,"UCLA's ACGME-accredited REI fellowship provides 18 months of clinical training in Westwood, Santa Monica and private practice settings plus 18 months of research culminating in a thesis.",3 October 2026,https://www.uclahealth.org/departments/obgyn/education/fellowship-programs/reproductive-endocrinology-and-infertility-fellowship
/programs/complex-benign-gynecology-cbg-fellowship-ucla,Complex Benign Gynecology (CBG) Fellowship,UCLA Health,Obstetrics & Gynaecology,Minimally invasive gynaecologic surgery,"Department of Obstetrics & Gynecology, David Geffen School of Medicine at UCLA",United States,Los Angeles,California,Clinical Fellowship,2 years,2027-2028 academic year (current cycle),"May 1, 2026 (for 2027-2028 academic year)",Not stated on official page,Not stated on official page,Fully accredited by AAGL,Through AAGL,Not stated on official page,Not stated on official page,Not stated on official page,Not stated on official page,The UCLA Complex Benign Gynecology Fellowship provides a 2-year comprehensive training program in advanced gynecologic endoscopy and minimally invasive gynecologic surgery.,3 October 2026,https://www.uclahealth.org/departments/obgyn/education/fellowship-programs/complex-benign-gynecology-cbg-fellowship
/programs/global-health-fellowship-ucla,Global Health Fellowship,UCLA Health,Obstetrics & Gynaecology,Global women's health,"Department of Obstetrics & Gynecology, David Geffen School of Medicine at UCLA",United States,Los Angeles,California,Clinical Fellowship,1 year,2027-2028 academic year,"October 30, 2026 (2027-2028 cycle)","Completed or will complete a U.S. residency program in OB/GYN by June 30, 2027",Not stated on official page,Not stated on official page,Contact program by email with most recent CV,1 per year,Not stated on official page,Not stated on official page,Not stated on official page,"The UCLA OB/GYN Global Health Fellowship is a one-year program, with nine months of clinical practice at UCLA and three months at an international partner institution, preparing obstetrician-gynecologists for careers integrating global health, clinical practice, education and scholarship.",3 October 2026,https://www.uclahealth.org/departments/obgyn/education/fellowship-programs/global-health-fellowship
/programs/patient-centered-outcomes-research-training-in-urologic-and-gynecologic-cancers-pcort-urogyncan-ucla,Patient-Centered Outcomes Research Training in Urologic and Gynecologic Cancers (PCORT UroGynCan),UCLA Health,Obstetrics & Gynaecology,Gynaecologic oncology,"Department of Obstetrics & Gynecology, David Geffen School of Medicine at UCLA",United States,Los Angeles,California,Research Fellowship,2-year appointment,Not stated on official page,Not stated on official page,Not stated on official page,Not stated on official page,Not stated on official page,Not stated on official page,4 postdoctoral trainees per year,NIH T32 training program,Not stated on official page,Not stated on official page,"A T32 mentored training program preparing postdoctoral scholars for research careers improving the design, delivery and outcomes of urologic and gynecologic cancer care.",3 October 2026,https://www.uclahealth.org/departments/obgyn/education/fellowship-programs/pcort-urologic-and-gynecologic-cancers
/programs/maternal-fetal-medicine-fellowship-yale,Maternal-Fetal Medicine Fellowship,Yale School of Medicine,Obstetrics & Gynaecology,Maternal-fetal medicine,"Department of Obstetrics, Gynecology & Reproductive Sciences, Yale School of Medicine",United States,New Haven,Connecticut,Clinical Fellowship,3 years,Summer 2027 (current cycle),"April 27, 2026 (current cycle)",Not stated on official page,Not stated on official page,Meets ABOG Division of MFM requirements,ERAS and NRMP,Includes a combined MFM/Medical Genetics & Genomics position for summer 2027 start,Not stated on official page,Not stated on official page,Not stated on official page,The Maternal-Fetal Medicine Fellowship Training Program at Yale School of Medicine trains OB/GYN residency graduates over 3 years to become highly competent independent MFM practitioners and leaders.,3 October 2026,https://medicine.yale.edu/obgyn/education/fellowships/mfm/
/programs/reproductive-endocrinology-and-infertility-fellowship-yale,Reproductive Endocrinology and Infertility Fellowship,Yale School of Medicine,Obstetrics & Gynaecology,Reproductive endocrinology,"Department of Obstetrics, Gynecology & Reproductive Sciences, Yale School of Medicine",United States,New Haven,Connecticut,Clinical Fellowship,Not stated on official page,Not stated on official page,Not stated on official page,Not stated on official page,Not stated on official page,Approved by ABOG,ERAS and NRMP,Not stated on official page,Not stated on official page,Not stated on official page,Not stated on official page,"Yale's ABOG-approved REI Fellowship combines exceptional clinical training in reproductive endocrinology and infertility with basic science, clinical and translational research opportunities.",3 October 2026,https://medicine.yale.edu/obgyn/education/fellowships/reproductivefellowship/
/programs/administrative-leadership-fellowship-in-obstetrics-gynecology-and-reproductive-sciences-yale,"Administrative Leadership Fellowship in Obstetrics, Gynecology & Reproductive Sciences",Yale School of Medicine,Obstetrics & Gynaecology,Leadership & administration,"Department of Obstetrics, Gynecology & Reproductive Sciences, Yale School of Medicine",United States,New Haven,Connecticut,Clinical Fellowship,2 years (24 months),July,Not stated on official page,Board eligible or certified obstetrician-gynecologist; completed one year of post-graduate experience by start date; must be accepted to the Yale MBA for Executives: Leadership in Healthcare program and be eligible for Yale New Haven Hospital credentialing,Not stated on official page,Not stated on official page,Three letters of recommendation and a recent GMAT score (under four years old); inquiries/applications sent to the department,Not stated on official page,"Salary of $90,000; MBA cost covered by the department; $1,500 per year book/travel allowance",Not stated on official page,Not stated on official page,A two-year administrative fellowship for board-eligible or certified obstetrician-gynecologists combining a clinical fellowship in general obstetrics or gynecology with the Yale School of Management MBA - Leadership in Healthcare program.,3 October 2026,https://medicine.yale.edu/obgyn/education/fellowships/admin-leadership/
/programs/maternal-fetal-medicine-fellowship-nyu,Maternal-Fetal Medicine Fellowship,NYU Langone Health,Obstetrics & Gynaecology,Maternal-fetal medicine,"Department of Obstetrics and Gynecology, NYU Grossman School of Medicine",United States,New York,New York,Clinical Fellowship,3 years,Not stated on official page,April 30 of the year before the intended fellowship,Not stated on official page,Not stated on official page,Not stated on official page,ERAS; interview invitations after May 15,2 fellows per year,Not stated on official page,Not stated on official page,Not stated on official page,"NYU Langone's three-year Maternal-Fetal Medicine Fellowship trains fellows to be physician-scientists as well as specialists, paving the way for board certification in maternal-fetal medicine.",3 October 2026,https://med.nyu.edu/departments-institutes/obstetrics-gynecology/education/fellowships/maternal-fetal-medicine
/programs/complex-benign-gynecology-fellowship-nyu,Complex Benign Gynecology Fellowship,NYU Langone Health,Obstetrics & Gynaecology,Minimally invasive gynaecologic surgery,"Department of Obstetrics and Gynecology, NYU Grossman School of Medicine",United States,New York,New York,Clinical Fellowship,2 years,Not stated on official page,Not stated on official page,Not stated on official page,Not stated on official page,AAGL accredited,AAGL application site; matched through NRMP,1 fellow every other year,Not stated on official page,Not stated on official page,Not stated on official page,"NYU Grossman's Fellowship in Complex Benign Gynecology (formerly MIGS) is a two-year AAGL-accredited program providing comprehensive subspecialty training in advanced endoscopic techniques, at Tisch Hospital and NYU Langone Hospital-Brooklyn.",3 October 2026,https://med.nyu.edu/departments-institutes/obstetrics-gynecology/education/fellowships/complex-benign-gynecology-fellowship
/programs/reproductive-endocrinology-and-infertility-fellowship-nyu,Reproductive Endocrinology & Infertility Fellowship,NYU Langone Health,Obstetrics & Gynaecology,Reproductive endocrinology,"Department of Obstetrics and Gynecology, NYU Grossman School of Medicine",United States,New York,New York,Clinical Fellowship,3 years,Not stated on official page,May 1,Not stated on official page,Not stated on official page,ACGME accredited,Virtual interview (August 7); interview offers by June 4,2 fellows per year (6 total),Not stated on official page,Not stated on official page,Not stated on official page,"NYU Langone Health offers a three-year ACGME-accredited fellowship in reproductive endocrinology and infertility, with a program managing approximately 3,500 ART cycles per year.",3 October 2026,https://med.nyu.edu/departments-institutes/obstetrics-gynecology/education/fellowships/reproductive-endocrinology-infertility
/programs/maternal-fetal-medicine-fellowship-washu,Maternal-Fetal Medicine Fellowship,WashU Medicine,Obstetrics & Gynaecology,Maternal-fetal medicine,"Department of Obstetrics & Gynecology, Washington University School of Medicine (WashU Medicine)",United States,St. Louis,Missouri,Clinical Fellowship,3 years,Not stated on official page,Not stated on official page,Not stated on official page,Unable to support J-1 visas or new H-1B visas; applicants with an existing H-1B visa will be considered,Not stated on official page,ERAS,Not stated on official page,Not stated on official page,Unable to support J-1 visas or new H-1B visas; applicants with an existing H-1B visa will be considered,Not stated on official page,"WashU Medicine's 3-year Maternal-Fetal Medicine fellowship at Barnes-Jewish Hospital prepares trainees to achieve excellence in academic medicine, with significant training in prenatal diagnosis, ultrasound and fetal care.",3 October 2026,https://obgyn.wustl.edu/education/fellowships/maternal-fetal-medicine-fellowship/
/programs/reproductive-endocrinology-and-infertility-fellowship-washu,Reproductive Endocrinology & Infertility Fellowship,WashU Medicine,Obstetrics & Gynaecology,Reproductive endocrinology,"Department of Obstetrics & Gynecology, Washington University School of Medicine (WashU Medicine)",United States,St. Louis,Missouri,Clinical Fellowship,3 years,Not stated on official page,Not stated on official page,Not stated on official page,Unable to support J-1 visas or new H-1B visas; applicants with an existing H-1B visa will be considered,ACGME accredited,ERAS,Not stated on official page,Not stated on official page,Unable to support J-1 visas or new H-1B visas; applicants with an existing H-1B visa will be considered,Not stated on official page,"The Fellowship in Reproductive Endocrinology and Infertility is an ACGME-accredited, three-year, post-residency program training experts in the diagnosis and management of fertility and reproductive endocrine problems.",3 October 2026,https://obgyn.wustl.edu/education/fellowships/reproductive-endocrinology-infertility/
/programs/complex-benign-gynecology-fellowship-washu,Complex Benign Gynecology Fellowship,WashU Medicine,Obstetrics & Gynaecology,Minimally invasive gynaecologic surgery,"Department of Obstetrics & Gynecology, Washington University School of Medicine (WashU Medicine)",United States,St. Louis,Missouri,Clinical Fellowship,2 years,August 1,Not stated on official page,Not stated on official page,Unable to support J-1 visas or new H-1B visas; applicants with an existing H-1B visa will be considered,AAGL accredited,AAGL,Not stated on official page,Not stated on official page,Unable to support J-1 visas or new H-1B visas; applicants with an existing H-1B visa will be considered,Not stated on official page,"The Fellowship in Complex Benign Gynecology (formerly MIGS) is an AAGL-accredited, two-year, post-residency program training gynecologic surgeons in the management of complex gynecologic diseases.",3 October 2026,https://obgyn.wustl.edu/education/fellowships/minimally-invasive-gynecologic-surgery-fellowship/
/programs/maternal-fetal-medicine-fellowship-northwestern,Maternal-Fetal Medicine Fellowship,Northwestern University Feinberg School of Medicine,Obstetrics & Gynaecology,Maternal-fetal medicine,"Department of Obstetrics & Gynecology, Northwestern University Feinberg School of Medicine",United States,Chicago,Illinois,Clinical Fellowship,3 years,July 2027 (current cycle),"April 27, 2026 (to be included in first notification)","Completing an ACGME-accredited 4-year US OB/GYN residency or RCPSC-accredited 5-year Canadian OB/GYN residency; eligible for ABOG written exam; passed USMLE Steps 1, 2 and 3 on first attempt",ECFMG certificate required if applicable,Not stated on official page,ERAS and NRMP; minimum 3 letters of recommendation including Residency Program Director,Approved for three fellowship positions,Not stated on official page,Not stated on official page,Not stated on official page,"The Northwestern MFM fellowship provides fellows with the clinical and research background necessary for a successful academic career in Maternal-Fetal Medicine, with up to 18 months of protected research time.",3 October 2026,https://www.feinberg.northwestern.edu/sites/obgyn/education/fellowships/mfm/index.html
/programs/complex-benign-gynecology-fellowship-northwestern,Complex Benign Gynecology Fellowship,Northwestern University Feinberg School of Medicine,Obstetrics & Gynaecology,Minimally invasive gynaecologic surgery,"Department of Obstetrics & Gynecology, Northwestern University Feinberg School of Medicine",United States,Chicago,Illinois,Clinical Fellowship,2 years,2027 (current cycle),"May 1, 2026 (for 2027 appointments)",Not stated on official page,Not stated on official page,AAGL accredited,FellowshipsCAS,Not stated on official page,Not stated on official page,Not stated on official page,Not stated on official page,The Northwestern University Fellowship in Complex Benign Gynecology is a two-year AAGL-accredited program focused on advanced training in minimally invasive gynecologic surgery at Northwestern Memorial and Prentice Women's Hospital.,3 October 2026,https://www.feinberg.northwestern.edu/sites/obgyn/education/fellowships/migs/index.html
/programs/reproductive-endocrinology-and-infertility-fellowship-northwestern,Reproductive Endocrinology & Infertility Fellowship,Northwestern University Feinberg School of Medicine,Obstetrics & Gynaecology,Reproductive endocrinology,"Department of Obstetrics & Gynecology, Northwestern University Feinberg School of Medicine",United States,Chicago,Illinois,Clinical Fellowship,3 years,Not stated on official page,"May 1, 2026",Not stated on official page,Not stated on official page,Not stated on official page,"ERAS and NRMP; 3-4 letters of recommendation (one from program director), USMLE I-III and CREOG scores",1 fellow per year,Not stated on official page,Not stated on official page,Not stated on official page,"The three-year Fellowship Program in Reproductive Endocrinology & Infertility at Northwestern, initiated in 2003, is roughly divided into two 18-month segments of clinical and research training.",3 October 2026,https://www.feinberg.northwestern.edu/sites/obgyn/education/fellowships/rei/index.html
/programs/maternal-fetal-medicine-fellowship-unc,Maternal Fetal Medicine Fellowship,UNC School of Medicine,Obstetrics & Gynaecology,Maternal-fetal medicine,"Department of Obstetrics & Gynecology, UNC School of Medicine",United States,Chapel Hill,North Carolina,Clinical Fellowship,Not stated on official page,Not stated on official page,Typically early May,Not stated on official page,Not stated on official page,Not stated on official page,"ERAS (picture, transcript, MSPE, 4 letters of support incl. Chair and Program Director, personal statement, USMLE/ECFMG/COMLEX transcripts)",Not stated on official page,Not stated on official page,Not stated on official page,Not stated on official page,"UNC's Maternal Fetal Medicine Fellowship prepares highly skilled subspecialists dedicated to the care of pregnant women and their fetuses, with educational experiences tailored to each fellow's interests.",3 October 2026,https://www.med.unc.edu/obgyn/education/fellowship/maternal-fetal-medicine-fellowship/
/programs/minimally-invasive-gynecologic-surgery-fellowship-unc,Minimally Invasive Gynecologic Surgery Fellowship,UNC School of Medicine,Obstetrics & Gynaecology,Minimally invasive gynaecologic surgery,"Department of Obstetrics & Gynecology, UNC School of Medicine",United States,Chapel Hill,North Carolina,Clinical Fellowship,2 years,Not stated on official page,Not stated on official page,Completion of all three USMLE examinations; completion of an ACGME-accredited residency,International applicants must hold an ECFMG certificate; J-1 visas only,Not stated on official page,AAGL application using the NRMP match; interviews commonly in summer,1 position,Not stated on official page,J-1 visa only,Not stated on official page,"UNC's 2-year Minimally Invasive Gynecologic Surgery fellowship is a high-volume, dynamic clinical training site offering well-rounded training for the graduating minimally invasive surgeon.",3 October 2026,https://www.med.unc.edu/obgyn/education/fellowship/minimally-invasive-gynecologic-surgery-fellowship/
/programs/reproductive-endocrinology-and-infertility-fellowship-unc,Reproductive Endocrinology & Infertility Fellowship,UNC School of Medicine,Obstetrics & Gynaecology,Reproductive endocrinology,"Department of Obstetrics & Gynecology, UNC School of Medicine",United States,Chapel Hill,North Carolina,Clinical Fellowship,Not stated on official page,Not stated on official page,"Friday, May 1, 2026 (12PM CST)",Not stated on official page,Not stated on official page,Not stated on official page,ERAS,1 fellow per year,Not stated on official page,Not stated on official page,Not stated on official page,"The UNC REI fellowship prepares physicians to improve reproductive health through clinical management of infertility including ART, reproductive endocrine disorders and reproductive surgery, with formal training in pediatric and medical endocrinology.",3 October 2026,https://www.med.unc.edu/obgyn/education/fellowship/reproductive-endocrinology-infertility-fellowship/
/programs/rural-obstetrics-and-gynecology-fellowship-unc,Rural Obstetrics and Gynecology Fellowship,UNC School of Medicine,Obstetrics & Gynaecology,Rural obstetrics & gynaecology,"Department of Obstetrics & Gynecology, UNC School of Medicine",United States,Chapel Hill,North Carolina,Clinical Fellowship,1-2 years,Not stated on official page,Rolling basis,Not stated on official page,Not stated on official page,Not stated on official page,"Email CV, three letters of recommendation (one from program director or chair) and 1-2 page personal statement to the fellowship coordinator",2-4 fellows,Not stated on official page,Not stated on official page,Not stated on official page,"A 1-2 year rural OB/GYN fellowship designed to equip obstetrician-gynecologists with the advanced skills, knowledge and support needed to thrive in rural, critical access hospital settings.",3 October 2026,https://www.med.unc.edu/obgyn/education/fellowship/unc-rural-obstetrics-and-gynecology-fellowship/
/programs/general-obstetrics-and-gynecology-research-fellowship-unc,General Obstetrics and Gynecology Research Fellowship,UNC School of Medicine,Obstetrics & Gynaecology,Women's health research,"Department of Obstetrics & Gynecology, UNC School of Medicine",United States,Chapel Hill,North Carolina,Research Fellowship,2 years,Not stated on official page,"Applications reviewed July 1, 2026 through December 30, 2026",Not stated on official page,Not stated on official page,Not stated on official page,"Email CV, three letters of recommendation (one from program director or chair) and 1-2 page personal statement to the fellowship coordinator",3-6 fellows,Not stated on official page,Not stated on official page,Not stated on official page,A 2-year clinical-research fellowship (general and carceral health tracks) developing clinician researchers to advance the science and delivery of obstetric and gynecologic care across the lifespan.,3 October 2026,https://www.med.unc.edu/obgyn/education/fellowship/general-obstetrics-and-gynecology-research-fellowship/
/programs/global-women-s-health-fellowship-unc,Global Women's Health Fellowship,UNC School of Medicine,Obstetrics & Gynaecology,Global women's health,"Department of Obstetrics & Gynecology, UNC School of Medicine",United States,Chapel Hill,North Carolina,Research Fellowship,Typically 2-3 years (optional third year for graduate coursework),Not stated on official page,Not stated on official page (page states it was not taking applications for the 2025 cycle),Not stated on official page,Not stated on official page,Not stated on official page,"Biosketch in NIH format, three letters of recommendation (one from program director or chair) and one-page personal statement",Not stated on official page,Stipends based on the NIH system for postgraduate trainees,Not stated on official page,Not stated on official page,"A research fellowship for OB-GYNs aspiring to academic careers in global women's health, based at affiliated sites in Lusaka (Zambia), Lilongwe (Malawi) or Johannesburg (South Africa) in partnership with the UNC Gillings School of Global Public Health.",3 October 2026,https://www.med.unc.edu/obgyn/education/fellowship/global-womens-health-fellowship/
/programs/maternal-fetal-medicine-fellowship-vumc,Maternal-Fetal Medicine Fellowship,Vanderbilt University Medical Center,Obstetrics & Gynaecology,Maternal-fetal medicine,"Department of Obstetrics and Gynecology, Vanderbilt University Medical Center",United States,Nashville,Tennessee,Clinical Fellowship,3 years,Not stated on official page,"April 27, 2026 (ERAS, per SMFM recommendation)","Successful completion of an ACGME- or AOA-accredited OB/GYN program in good standing; passed USMLE Steps 1, 2 and 3",Not stated on official page,ACGME; ABOG,ERAS; virtual interviews (late July 2026),2 positions annually,Not stated on official page,Not stated on official page,Not stated on official page,The Vanderbilt Maternal-Fetal Medicine fellowship is a three-year ACGME- and ABOG-approved program combining high-volume clinical training in high-risk obstetrics with a wide variety of research opportunities.,3 October 2026,https://www.vumc.org/obgyn/fellowships
/programs/complex-benign-gynecology-fellowship-vumc,Complex Benign Gynecology Fellowship,Vanderbilt University Medical Center,Obstetrics & Gynaecology,Minimally invasive gynaecologic surgery,"Department of Obstetrics and Gynecology, Vanderbilt University Medical Center",United States,Nashville,Tennessee,Clinical Fellowship,2 years,Not stated on official page,Generally 1 year prior to anticipated start date,Not stated on official page,Not stated on official page,AAGL; Society of Reproductive Surgeons (SRS) affiliation,AAGL website; NRMP match,2 fellows,Not stated on official page,Not stated on official page,Not stated on official page,"Vanderbilt's two-year Complex Benign Gynecology fellowship trains two fellows with ten active surgeons across the full spectrum of laparoscopic, hysteroscopic, single-incision and robotic minimally invasive procedures.",3 October 2026,https://www.vumc.org/obgyn/fellowships
/programs/maternal-fetal-medicine-fellowship-penn,Maternal Fetal Medicine Fellowship,Penn Medicine,Obstetrics & Gynaecology,Maternal-fetal medicine,"Department of Obstetrics and Gynecology, Perelman School of Medicine, University of Pennsylvania",United States,Philadelphia,Pennsylvania,Clinical Fellowship,3 years (12-18 months protected research),Not stated on official page,Not stated on official page,Applicants must be ABOG eligible,Not stated on official page,Not stated on official page,Not stated on official page,2 first-year positions,Not stated on official page,Not stated on official page,Applicants must have a state medical license,"This three-year Penn program offers extensive experience in the clinical management of high-risk patients, with 12 to 18 months of protected research at the Hospital of the University of Pennsylvania and Pennsylvania Hospital.",3 October 2026,https://departments.med.upenn.edu/academic-departments/department-of-obstetrics-and-gynecology/education-and-training/fellowship-programs/maternal-fetal-medicine-fellowship
/programs/reproductive-endocrinology-and-infertility-fellowship-penn,Reproductive Endocrinology and Infertility Fellowship,Penn Medicine,Obstetrics & Gynaecology,Reproductive endocrinology,"Department of Obstetrics and Gynecology, Perelman School of Medicine, University of Pennsylvania",United States,Philadelphia,Pennsylvania,Clinical Fellowship,3 years,Not stated on official page,Not stated on official page,Not stated on official page,Not stated on official page,ACGME approved,Not stated on official page,Not stated on official page,Research tracks may be funded by NIH T32 training grants,Not stated on official page,Not stated on official page,"The three-year ACGME-approved REI fellowship at the University of Pennsylvania is designed for candidates pursuing a career in academic obstetrics and gynecology, with at least 18 months of research free of clinical responsibilities.",3 October 2026,https://departments.med.upenn.edu/academic-departments/department-of-obstetrics-and-gynecology/education-and-training/fellowship-programs/reproductive-endocrinology-fellowship
/programs/global-women-s-health-fellowship-penn,Global Women's Health Fellowship,Penn Medicine,Obstetrics & Gynaecology,Global women's health,"Department of Obstetrics and Gynecology, Perelman School of Medicine, University of Pennsylvania",United States,Philadelphia,Pennsylvania,Clinical Fellowship,2 years,"August 1, 2027 (current cycle)","October 20, 2026",Completed a four-year ACGME-accredited OB/GYN residency,Not stated on official page,Not stated on official page,Email CV and two letters of recommendation (one from Program Director) to the Fellowship Director,Not stated on official page,Not stated on official page,Not stated on official page,Eligible for an unrestricted medical license in Pennsylvania,"The Penn Global Women's Health Fellowship is a two-year fellowship training experts in global women's health in obstetrics and gynecology, including 9-12 months at pre-approved international sites.",3 October 2026,https://departments.med.upenn.edu/academic-departments/department-of-obstetrics-and-gynecology/education-and-training/fellowship-programs/global-womens-health-fellowship
/programs/maternal-fetal-medicine-fellowship-cleveland-clinic,Maternal-Fetal Medicine Fellowship,Cleveland Clinic,Obstetrics & Gynaecology,Maternal-fetal medicine,"Ob/Gyn & Women's Health Institute, Cleveland Clinic",United States,Cleveland,Ohio,Clinical Fellowship,3 years (PGY5-PGY7),Not stated on official page,Not stated on official page,Board certified or board eligible physicians who have completed an OB/GYN residency,"Accepts all applications, including international candidates, through ERAS",Not stated on official page,ERAS and NRMP; timeline follows Society for Maternal-Fetal Medicine standards,2 fellows per year,Not stated on official page,Not stated on official page,Not stated on official page,The Cleveland Clinic Maternal Fetal Medicine Fellowship provides vast clinical experiences and supportive guidance for obstetricians aspiring to become exceptional MFM subspecialists.,3 October 2026,https://my.clevelandclinic.org/departments/obgyn-womens-health/medical-professionals/education-programs/maternal-fetal-medicine-fellowship
/programs/reproductive-endocrinology-and-infertility-fellowship-cleveland-clinic,Reproductive Endocrinology & Infertility Fellowship,Cleveland Clinic,Obstetrics & Gynaecology,Reproductive endocrinology,"Ob/Gyn & Women's Health Institute, Cleveland Clinic",United States,Cleveland,Ohio,Clinical Fellowship,Not stated on official page,Not stated on official page,In conjunction with SREI Common Application dates,Completion of an ABOG-approved residency program,International applicants invited to apply through NRMP; U.S. clinical experience preferred but not required; ECFMG requirements apply,Not stated on official page,ERAS and NRMP; three letters of recommendation (one from residency program director); USMLE Step 1-2 and CREOG scores,1-1-1 categorical positions,Not stated on official page,Page refers to Cleveland Clinic's list of sponsored visa types,Not stated on official page,"Cleveland Clinic's REI fellowship offers a rotation of 1-1-1 categorical positions filled through the NRMP match, with applications via ERAS on SREI Common Application dates.",3 October 2026,https://my.clevelandclinic.org/departments/obgyn-womens-health/medical-professionals/education-programs/reproductive-endocrinology-infertility-fellowship
/programs/complex-benign-gynecology-fellowship-cleveland-clinic-ohio,Complex Benign Gynecology Fellowship,Cleveland Clinic,Obstetrics & Gynaecology,Minimally invasive gynaecologic surgery,"Ob/Gyn & Women's Health Institute, Cleveland Clinic",United States,Cleveland,Ohio,Clinical Fellowship,2 years,Not stated on official page,Not stated on official page,Not stated on official page,"Accepts all applications, including international candidates, through AAGL",Not stated on official page,AAGL application; NRMP match,Not stated on official page,Not stated on official page,Not stated on official page,Not stated on official page,"The Cleveland Clinic Ohio Complex Benign Gynecology Fellowship trains fellows with a core group of nationally and internationally known MIGS experts in advanced hysteroscopy, conventional and robotic laparoscopy and vaginal approaches.",3 October 2026,https://my.clevelandclinic.org/departments/obgyn-womens-health/medical-professionals/education-programs/minimally-invasive-gynecologic-surgery-fellowship
/programs/fellowship-in-complex-benign-gynecology-cleveland-clinic-florida,Fellowship in Complex Benign Gynecology,Cleveland Clinic Florida,Obstetrics & Gynaecology,Minimally invasive gynaecologic surgery,"Department of Gynecology, Cleveland Clinic Florida",United States,Weston,Florida,Clinical Fellowship,2 years,Not stated on official page,Not stated on official page,Not stated on official page,Not stated on official page,AAGL accredited (since 2013),FellowshipsCAS (details on AAGL website),2 fellows per year (4 total),Not stated on official page,Not stated on official page,Not stated on official page,"Cleveland Clinic Florida's two-year Fellowship in Complex Benign Gynecology, AAGL accredited since 2013, is a comprehensive academic program incorporating clinical and research activities with over 950 minimally invasive procedures per year.",3 October 2026,https://my.clevelandclinic.org/florida/medical-professionals/education/graduate-medical-education/minimally-invasive-gynecological-surgery-fellowship
/programs/obstetrics-and-gynecology-hospitalist-fellowship-cleveland-clinic,Obstetrics and Gynecology Hospitalist Fellowship,Cleveland Clinic,Obstetrics & Gynaecology,Obstetric & gynaecologic hospital medicine,"Ob/Gyn & Women's Health Institute, Cleveland Clinic",United States,Cleveland,Ohio,Clinical Fellowship,2 years,August 2027 (current recruitment),At least 30 days before interview months or by January 1 for the subsequent academic year,Completed an ACGME- or RCPSC-accredited OB/GYN residency; board eligible or board certified,Not stated on official page,Not stated on official page,Application and supporting materials submitted together in a single email; 2026 interviews October and November,Not stated on official page,Not stated on official page,Not stated on official page,Able to obtain an Ohio State medical license,The Cleveland Clinic Ob/Gyn Hospitalist fellowship is a two-year multidisciplinary experience preparing obstetrician-gynecologists for hospital-based practice.,3 October 2026,https://my.clevelandclinic.org/departments/obgyn-womens-health/medical-professionals/education-programs/obgyn-hospitalist-fellowship
/programs/specialized-women-s-health-fellowship-cleveland-clinic,Specialized Women's Health Fellowship,Cleveland Clinic,Obstetrics & Gynaecology,Women's health,"Ob/Gyn & Women's Health Institute, Cleveland Clinic",United States,Cleveland,Ohio,Clinical Fellowship,2 years,Not stated on official page,At least 30 days before interview dates or by January 1 for the subsequent academic year,Completed an ACGME- or RCPSC-accredited family medicine or internal medicine program; board eligible or board certified,Not stated on official page,Not stated on official page,"Application and supporting materials in a single email; 2026 interviews September 25, October 30, November 13",Not stated on official page,Not stated on official page,Not stated on official page,Able to obtain an Ohio State medical license,"A two-year interdisciplinary fellowship designed to create the women's health leadership of the future, based in the Center for Specialized Women's Health.",3 October 2026,https://my.clevelandclinic.org/departments/obgyn-womens-health/medical-professionals/education-programs/womens-health-fellowship
/programs/complex-benign-gynecology-fellowship-mayo-clinic,Complex Benign Gynecology Fellowship,Mayo Clinic,Obstetrics & Gynaecology,Minimally invasive gynaecologic surgery,"Department of Obstetrics and Gynecology, Mayo Clinic School of Graduate Medical Education",United States,Rochester,Minnesota,Clinical Fellowship,3 years,Not stated on official page,Not stated on official page,Graduate of an ACGME-accredited U.S. OB/GYN program; open to applicants directly from residency or with post-residency experience,Not stated on official page,Fully accredited through the AAGL,AAGL Fellowship Candidate Application; NRMP match; in-person interview in Rochester,1 position per recruitment year (2 fellows total; some years no recruitment),Not stated on official page,Not stated on official page,Not stated on official page,"The Complex Benign Gynecology Fellowship at Mayo Clinic in Rochester offers surgical and clinical training spanning benign gynecologic surgery, from office hysteroscopy to complex endometriosis and retroperitoneal dissection, with protected research time leading to a Master's in Clinical Research.",3 October 2026,https://college.mayo.edu/academics/residencies-and-fellowships/complex-benign-gynecology-fellowship-minnesota/ | https://college.mayo.edu/academics/residencies-and-fellowships/complex-benign-gynecology-fellowship-minnesota/application-process/
/programs/maternal-fetal-medicine-fellowship-mayo-clinic,Maternal Fetal Medicine Fellowship,Mayo Clinic,Obstetrics & Gynaecology,Maternal-fetal medicine,"Department of Obstetrics and Gynecology, Mayo Clinic School of Graduate Medical Education",United States,Rochester,Minnesota,Clinical Fellowship,3 years,August 1,"April 27, 2026",U.S. medical school graduates must have completed at least four years of approved OB/GYN residency; Canadian graduates must show equivalent training,Not stated on official page,ACGME accredited; fulfils ABOG training requirements,ERAS and NRMP Obstetrics/Gynecology Fellowship Match; at least four letters of recommendation,1 position per year,Not stated on official page,Not stated on official page,Not stated on official page,"Mayo Clinic's three-year Maternal Fetal Medicine Fellowship in Rochester provides extensive exposure to the medical, surgical and obstetrical problems of pregnancy and prepares fellows for subspecialty certification and academic careers.",3 October 2026,https://college.mayo.edu/academics/residencies-and-fellowships/maternal-fetal-medicine-fellowship-minnesota/ | https://college.mayo.edu/academics/residencies-and-fellowships/maternal-fetal-medicine-fellowship-minnesota/application-process/
/programs/reproductive-endocrinology-and-infertility-fellowship-mayo-clinic,Reproductive Endocrinology and Infertility Fellowship,Mayo Clinic,Obstetrics & Gynaecology,Reproductive endocrinology,"Department of Obstetrics and Gynecology, Mayo Clinic School of Graduate Medical Education",United States,Rochester,Minnesota,Clinical Fellowship,3 years,Not stated on official page,"May 1, 2026",U.S. medical school graduates must have completed at least four years of approved OB/GYN residency; Canadian graduates must show equivalent training,Not stated on official page,ACGME accredited; fulfils ABOG training requirements,ERAS and NRMP; three letters of recommendation and CREOG scores,1-2 positions per year,Not stated on official page,Not stated on official page,Not stated on official page,"The three-year REI Fellowship at Mayo Clinic in Rochester trains reproductive endocrinologists for leadership in clinical care and reproductive surgery, education and research.",3 October 2026,https://college.mayo.edu/academics/residencies-and-fellowships/reproductive-endocrinology-and-infertility-fellowship-minnesota/ | https://college.mayo.edu/academics/residencies-and-fellowships/reproductive-endocrinology-and-infertility-fellowship-minnesota/application-process/
/programs/hospital-obstetric-medicine-and-surgery-fellowship-mayo-clinic,Hospital Obstetric Medicine and Surgery Fellowship,Mayo Clinic,Obstetrics & Gynaecology,Obstetric & gynaecologic hospital medicine,"Department of Obstetrics and Gynecology, Mayo Clinic School of Graduate Medical Education",United States,Rochester,Minnesota,Clinical Fellowship,2 years,July 1,Rolling,Completed an ACGME-accredited or RCPSC-accredited OB/GYN residency,Not stated on official page,Unaccredited fellowship,Online via Recruit (no match); applications reviewed on an ongoing basis; interviews in October,1 per year,Not stated on official page,Not stated on official page,Not stated on official page,"A two-year training program for obstetrician-gynecologists pursuing a career in academic hospital obstetric medicine and surgery, with leadership roles in safety and quality.",3 October 2026,https://college.mayo.edu/academics/residencies-and-fellowships/hospital-obstetric-medicine-and-surgery-fellowship-minnesota/ | https://college.mayo.edu/academics/residencies-and-fellowships/hospital-obstetric-medicine-and-surgery-fellowship-minnesota/application-process/
/programs/complex-benign-gynecology-cbg-fellowship-columbia,Complex Benign Gynecology (CBG) Fellowship,Columbia University Irving Medical Center,Obstetrics & Gynaecology,Minimally invasive gynaecologic surgery,"Department of Obstetrics & Gynecology, Columbia University Vagelos College of Physicians and Surgeons / NewYork-Presbyterian",United States,New York,New York,Clinical Fellowship,3 years,"August 1, 2027","May 1, 2026",Not stated on official page,Foreign medical graduates accepted; Columbia University only sponsors H-1B visas,Not stated on official page,"ERAS (USMLE scores, transcript, 3+ letters, Dean's letter); NRMP match",Not stated on official page,Not stated on official page,H-1B only,Not stated on official page,Columbia University Irving Medical Center's Complex Benign Gynecology fellowship is a three-year program in which research and clinical experiences in advanced benign gynecologic surgery are fully integrated.,3 October 2026,https://www.obgyn.columbia.edu/education/fellowships/complex-benign-gynecology-cbg | https://www.obgyn.columbia.edu/education/fellowships/complex-benign-gynecology-cbg/application-information
/programs/maternal-fetal-medicine-fellowship-columbia,Maternal-Fetal Medicine Fellowship,Columbia University Irving Medical Center,Obstetrics & Gynaecology,Maternal-fetal medicine,"Department of Obstetrics & Gynecology, Columbia University Vagelos College of Physicians and Surgeons / NewYork-Presbyterian",United States,New York,New York,Clinical Fellowship,3 years,"August 1, 2027","April 27, 2026",Board eligibility for ABOG,Foreign medical graduates accepted; NewYork-Presbyterian Hospital sponsors J-1 visas only (does not accept H-1B),ACGME,ERAS and NRMP,3,Not stated on official page,J-1 only (H-1B not accepted),New York State medical license,"The MFM Fellowship at NewYork-Presbyterian/Columbia University Irving Medical Center is one of the largest in the country, exposing trainees to all aspects of the subspecialty including fetal diagnosis and therapy, genetics and research.",3 October 2026,https://www.obgyn.columbia.edu/education/fellowships/maternal-fetal-medicine | https://www.obgyn.columbia.edu/education/fellowships/maternal-fetal-medicine/application-information
/programs/reproductive-endocrinology-and-infertility-fellowship-columbia,Reproductive Endocrinology and Infertility Fellowship,Columbia University Irving Medical Center,Obstetrics & Gynaecology,Reproductive endocrinology,"Department of Obstetrics & Gynecology, Columbia University Vagelos College of Physicians and Surgeons / NewYork-Presbyterian",United States,New York,New York,Clinical Fellowship,3 years,"August 1, 2027","May 1, 2026",Not stated on official page,Foreign medical graduates accepted; NewYork-Presbyterian Hospital sponsors J-1 visas only (does not accept H-1B),ACGME,ERAS and NRMP,Not stated on official page,Not stated on official page,J-1 only (H-1B not accepted),Not stated on official page,"Columbia's three-year ACGME-certified REI fellowship divides training 50 percent clinical and 50 percent research, including a fellow-run clinic offering the full range of infertility treatments.",3 October 2026,https://www.obgyn.columbia.edu/education/fellowships/reproductive-endocrinology-and-infertility | https://www.obgyn.columbia.edu/education/fellowships/reproductive-endocrinology-and-infertility/application-information
/programs/maternal-fetal-medicine-fellowship-mgh,Maternal Fetal Medicine Fellowship,Massachusetts General Hospital,Obstetrics & Gynaecology,Maternal-fetal medicine,"Department of Obstetrics and Gynecology, Massachusetts General Hospital / Harvard Medical School",United States,Boston,Massachusetts,Clinical Fellowship,Not stated on official page,Not stated on official page,Per SMFM standardized process for the 2027 cycle,Completed an ACGME- or RCPSC-accredited OB/GYN residency; successfully completed USMLE Step III,International medical graduates submit ECFMG status report,ACGME accredited,ERAS (December cycle) and NRMP subspecialty match; minimum three letters; CREOG scores emailed to coordinator,Not stated on official page,Not stated on official page,Not stated on official page,Not stated on official page,"The MGH MFM fellowship trains subspecialists with advanced knowledge of obstetrical, medical and surgical complications of pregnancy, with a dedicated one-year research experience.",3 October 2026,https://research.massgeneralbrigham.org/en/education-and-training/graduate-medical-education/obgyn/mgh-maternal-fetal-medicine-fellowship
/programs/maternal-fetal-medicine-fellowship-bwh,Maternal-Fetal Medicine Fellowship,Brigham and Women's Hospital,Obstetrics & Gynaecology,Maternal-fetal medicine,"Department of Obstetrics and Gynecology, Brigham and Women's Hospital / Harvard Medical School",United States,Boston,Massachusetts,Clinical Fellowship,3 years,Not stated on official page,"April 27, 2026",Completed an accredited OB/GYN residency and meet MFM fellowship eligibility requirements,Not stated on official page,ACGME (Program ID 2302422003),"CV, personal statement, letters of recommendation and documentation of residency training",Not stated on official page,Not stated on official page,Not stated on official page,Not stated on official page,"The BWH MFM Fellowship combines the resources of the largest obstetrical service in New England (about 8,000 deliveries annually) with the research and teaching expertise of the Harvard medical community, with a minimum of 12 months protected research.",3 October 2026,https://research.massgeneralbrigham.org/en/education-and-training/graduate-medical-education/obgyn/bwh-maternal-fetal-medicine-fellowship
/programs/combined-maternal-fetal-medicine-and-genetics-fellowship-bwh,Combined Maternal-Fetal Medicine and Genetics Fellowship,Brigham and Women's Hospital,Obstetrics & Gynaecology,Maternal-fetal medicine,"Department of Obstetrics and Gynecology, Brigham and Women's Hospital / Harvard Medical School",United States,Boston,Massachusetts,Clinical Fellowship,4 years,Not stated on official page,"April 27, 2026",Not stated on official page,Not stated on official page,Accredited (per program page),Not stated on official page,Recruits every other year,Not stated on official page,Not stated on official page,Not stated on official page,An accredited 4-year combined program through Boston Children's Hospital and Brigham and Women's Hospital developing expertise at the interface of MFM and clinical genetics; graduates are eligible for both MFM and clinical genetics boards.,3 October 2026,https://research.massgeneralbrigham.org/en/education-and-training/graduate-medical-education/obgyn/bwh-maternal-fetal-medicine-fellowship
/programs/combined-maternal-fetal-medicine-and-addiction-medicine-fellowship-bwh,Combined Maternal-Fetal Medicine and Addiction Medicine Fellowship,Brigham and Women's Hospital,Obstetrics & Gynaecology,Maternal-fetal medicine,"Department of Obstetrics and Gynecology, Brigham and Women's Hospital / Harvard Medical School",United States,Boston,Massachusetts,Clinical Fellowship,4 years,Not stated on official page,"April 27, 2026",Not stated on official page,Not stated on official page,Accredited (per program page),Not stated on official page,Not stated on official page,Not stated on official page,Not stated on official page,Not stated on official page,An accredited 4-year program at Brigham and Women's Hospital and affiliated sites combining MFM and addiction medicine training; graduates are eligible for both MFM and ABPM Addiction Medicine boards.,3 October 2026,https://research.massgeneralbrigham.org/en/education-and-training/graduate-medical-education/obgyn/bwh-maternal-fetal-medicine-fellowship
/programs/combined-maternal-fetal-medicine-and-critical-care-medicine-fellowship-bwh,Combined Maternal-Fetal Medicine and Critical Care Medicine Fellowship,Brigham and Women's Hospital,Obstetrics & Gynaecology,Maternal-fetal medicine,"Department of Obstetrics and Gynecology, Brigham and Women's Hospital / Harvard Medical School",United States,Boston,Massachusetts,Clinical Fellowship,4 years,Not stated on official page,"April 27, 2026",Not stated on official page,Not stated on official page,Accredited (per program page),Not stated on official page,Not stated on official page,Not stated on official page,Not stated on official page,Not stated on official page,"An accredited 4-year program at Brigham and Women's Hospital combining MFM with Critical Care Medicine fellowship training through the Department of Anesthesia, including point-of-care ultrasound, ECMO and mechanical circulatory support.",3 October 2026,https://research.massgeneralbrigham.org/en/education-and-training/graduate-medical-education/obgyn/bwh-maternal-fetal-medicine-fellowship
/programs/complex-benign-gynecology-fellowship-bwh,Complex Benign Gynecology Fellowship,Brigham and Women's Hospital,Obstetrics & Gynaecology,Minimally invasive gynaecologic surgery,"Department of Obstetrics and Gynecology, Brigham and Women's Hospital / Harvard Medical School",United States,Boston,Massachusetts,Clinical Fellowship,Not stated on official page,Not stated on official page,Not stated on official page,Not stated on official page,Not stated on official page,Not stated on official page,Apply via the AAGL/CBG fellowship website,Not stated on official page,Opportunity for a fully funded MPH through the Harvard T.H. Chan School of Public Health,Not stated on official page,Not stated on official page,The Complex Benign Gynecology (formerly MIGS) fellowship at Brigham and Women's Hospital prepares academic surgeons with a dedicated focus on the surgical management of complex endometriosis and uterine fibroids.,3 October 2026,https://research.massgeneralbrigham.org/en/education-and-training/graduate-medical-education/obgyn/bwh-benign-gynecology-fellowship
/programs/maternal-fetal-medicine-fellowship-upmc-magee,Maternal-Fetal Medicine Fellowship,UPMC Magee-Womens Hospital / University of Pittsburgh,Obstetrics & Gynaecology,Maternal-fetal medicine,"Department of Obstetrics, Gynecology and Reproductive Sciences, University of Pittsburgh / UPMC Magee-Womens Hospital",United States,Pittsburgh,Pennsylvania,Clinical Fellowship,Not stated on official page,Not stated on official page,"April 27, 2026 (ERAS)",Not stated on official page,ECFMG status report required if applicable,Not stated on official page,ERAS and match; 4 letters of recommendation including one from residency department chair,Approved for 3 fellows per year,Not stated on official page,Not stated on official page,Not stated on official page,"The Maternal-Fetal Medicine Fellowship Training Program at UPMC Magee-Womens Hospital offers a rich mix of hands-on clinical experience and quality investigative exposure at a hospital with over 10,000 deliveries annually.",3 October 2026,https://www.obgyn.pitt.edu/fellowships/maternal-fetal-medicine
/programs/reproductive-endocrinology-and-infertility-fellowship-upmc-magee,Reproductive Endocrinology & Infertility Fellowship,UPMC Magee-Womens Hospital / University of Pittsburgh,Obstetrics & Gynaecology,Reproductive endocrinology,"Department of Obstetrics, Gynecology and Reproductive Sciences, University of Pittsburgh / UPMC Magee-Womens Hospital",United States,Pittsburgh,Pennsylvania,Clinical Fellowship,3 years,Not stated on official page,"Friday, May 1, 2026 (12PM CST)",Not stated on official page,Not stated on official page,ACGME accredited; ABOG approved,ERAS match,1 position per year,Not stated on official page,Not stated on official page,Not stated on official page,"The ACGME-accredited, ABOG-approved REI Fellowship at UPMC Magee-Womens Hospital immerses fellows early in patient care and ART procedures, with a 12-month required research block.",3 October 2026,https://www.obgyn.pitt.edu/fellowships/reproductive-endocrinology-infertility
/programs/complex-benign-gynecology-fellowship-upmc-magee,Complex Benign Gynecology Fellowship,UPMC Magee-Womens Hospital / University of Pittsburgh,Obstetrics & Gynaecology,Minimally invasive gynaecologic surgery,"Department of Obstetrics, Gynecology and Reproductive Sciences, University of Pittsburgh / UPMC Magee-Womens Hospital",United States,Pittsburgh,Pennsylvania,Clinical Fellowship,2 years,Not stated on official page,"May 1, 2026 (via AAGL)",Not stated on official page,Not stated on official page,Not stated on official page,AAGL application; NRMP registration after interview,Not stated on official page,Not stated on official page,Not stated on official page,Not stated on official page,"The Complex Benign Gynecology (formerly MIGS) fellowship at UPMC Magee-Womens Hospital is a two-year program in a busy tertiary-care academic teaching hospital, supported by Magee-Womens Research Institute.",3 October 2026,https://www.obgyn.pitt.edu/fellowships/complex-benign-gynecology-formally-known-migs
/programs/reproductive-infectious-diseases-fellowship-upmc-magee,Reproductive Infectious Diseases Fellowship,UPMC Magee-Womens Hospital / University of Pittsburgh,Obstetrics & Gynaecology,Reproductive infectious disease,"Department of Obstetrics, Gynecology and Reproductive Sciences, University of Pittsburgh / UPMC Magee-Womens Hospital",United States,Pittsburgh,Pennsylvania,Clinical Fellowship,2 years,Not stated on official page,Not stated on official page,Completed or in final year of an OB/GYN residency,Not stated on official page,Not stated on official page,Not stated on official page,Not stated on official page,Not stated on official page,Not stated on official page,Hold or be eligible for a Pennsylvania medical license,"A two-year program at UPMC Magee-Womens Hospital and Magee-Womens Research Institute preparing physicians for careers as clinical and/or basic research scientists in reproductive infectious diseases, in collaboration with the Graduate School of Public Health.",3 October 2026,https://www.obgyn.pitt.edu/fellowships/reproductive-infectious-diseases-immunology
/programs/combined-reproductive-infectious-disease-and-family-planning-fellowship-upmc-magee,Combined Reproductive Infectious Disease and Family Planning Fellowship,UPMC Magee-Womens Hospital / University of Pittsburgh,Obstetrics & Gynaecology,Reproductive infectious disease,"Department of Obstetrics, Gynecology and Reproductive Sciences, University of Pittsburgh / UPMC Magee-Womens Hospital",United States,Pittsburgh,Pennsylvania,Clinical Fellowship,3 years,Not stated on official page,Not stated on official page,Completed or in final year of an OB/GYN residency,Not stated on official page,Not stated on official page,Not stated on official page,Not stated on official page,Not stated on official page,Not stated on official page,Hold or be eligible for a Pennsylvania medical license,A 3-year combined fellowship for individuals interested in both Reproductive Infectious Diseases and Family Planning at UPMC Magee-Womens Hospital.,3 October 2026,https://www.obgyn.pitt.edu/fellowships/reproductive-infectious-diseases-immunology
/programs/maternal-fetal-medicine-fellowship-emory,Maternal-Fetal Medicine Fellowship,Emory University School of Medicine,Obstetrics & Gynaecology,Maternal-fetal medicine,"Department of Gynecology and Obstetrics, Emory University School of Medicine",United States,Atlanta,Georgia,Clinical Fellowship,3 years,Not stated on official page,Not stated on official page,Not stated on official page,Not stated on official page,ACGME and ABOG approved,ERAS; 3 letters of recommendation (traditional or SLOE); CREOG scores,Not stated on official page,Not stated on official page,Not stated on official page,Not stated on official page,Emory's three-year ACGME- and ABOG-approved MFM fellowship combines exceptional clinical training at Grady Memorial Hospital and Emory University Hospital Midtown with 12 to 18 months of protected research.,3 October 2026,https://med.emory.edu/departments/gynecology-obstetrics/education/fellowships/fellowship4/index.html
/programs/reproductive-endocrinology-and-infertility-fellowship-emory,Reproductive Endocrinology & Infertility Fellowship,Emory University School of Medicine,Obstetrics & Gynaecology,Reproductive endocrinology,"Department of Gynecology and Obstetrics, Emory University School of Medicine",United States,Atlanta,Georgia,Clinical Fellowship,3 years (12-18 months research),Not stated on official page,"May 1, 2026 (1 PM EST)",Not stated on official page,Not stated on official page,ACGME accredited,"ERAS; personal statement, three letters (one from residency PD), transcript, USMLE/COMLEX and CREOG scores",Not stated on official page,Not stated on official page,Not stated on official page,Not stated on official page,"The Emory University REI Fellowship is an ACGME-accredited three-year program for physicians committed to academic careers in reproductive endocrinology and infertility, with a high-volume IVF program of 1,000+ annual cycles.",3 October 2026,https://med.emory.edu/departments/gynecology-obstetrics/education/fellowships/rei-fellowship-2025/index.html | https://med.emory.edu/departments/gynecology-obstetrics/education/fellowships/rei-fellowship-2025/application-information.html
/programs/complex-benign-gynecology-cbg-fellowship-emory,Complex Benign Gynecology (CBG) Fellowship,Emory University School of Medicine,Obstetrics & Gynaecology,Minimally invasive gynaecologic surgery,"Department of Gynecology and Obstetrics, Emory University School of Medicine",United States,Atlanta,Georgia,Clinical Fellowship,Not stated on official page,Not stated on official page,Not stated on official page,Not stated on official page,Not stated on official page,Not stated on official page,Not stated on official page,Not stated on official page,Not stated on official page,Not stated on official page,Not stated on official page,"The Complex Benign Gynecology fellowship at Emory University offers an in-depth curriculum in advanced endoscopic techniques, with training at Emory St. Joseph's Hospital and Emory University Hospital.",3 October 2026,https://med.emory.edu/departments/gynecology-obstetrics/education/fellowships/migs1/index.html
/programs/lower-anogenital-screening-and-treatment-fellowship-emory,Lower Anogenital Screening & Treatment Fellowship,Emory University School of Medicine,Obstetrics & Gynaecology,Lower genital tract disease,"Department of Gynecology and Obstetrics, Emory University School of Medicine",United States,Atlanta,Georgia,Clinical Fellowship,1 year,August 2026 (current cycle),"April 1, 2026 (current cycle)",BE/BC in Obstetrics and Gynecology,Not stated on official page,Not stated on official page,Application documents plus online application on Emory University Career Website,1,Competitive salary and benefits at the appropriate PGY level,Not stated on official page,Eligible for medical licensure in Georgia,An established 1-year fellowship providing obstetrician-gynecologists in-depth training in colposcopy and high-resolution anoscopy for the evaluation and treatment of cervical and anal dysplasia.,3 October 2026,https://med.emory.edu/departments/gynecology-obstetrics/education/fellowships/fellowship3/index.html
/programs/maternal-fetal-medicine-fellowship-utsw,Maternal-Fetal Medicine Fellowship,UT Southwestern Medical Center,Obstetrics & Gynaecology,Maternal-fetal medicine,"Department of Obstetrics and Gynecology, UT Southwestern Medical Center",United States,Dallas,Texas,Clinical Fellowship,3 years,Not stated on official page,"April 27, 2026",Not stated on official page,Not stated on official page,ACGME accredited,ERAS; three letters of recommendation and CREOG scores; interviews by invitation,3 per year,Not stated on official page,Not stated on official page,Not stated on official page,"UT Southwestern's three-year ACGME-accredited MFM Fellowship provides clinical and basic science experience leading to ABOG MFM certification, with more than 13,000 deliveries a year at the main site.",3 October 2026,https://www.utsouthwestern.edu/departments/obstetrics-gynecology/education-training/fellowships/maternal-fetal-medicine/ | https://www.utsouthwestern.edu/departments/obstetrics-gynecology/education-training/fellowships/maternal-fetal-medicine/apply.html
/programs/complex-benign-gynecology-fellowship-utsw,Complex Benign Gynecology Fellowship,UT Southwestern Medical Center,Obstetrics & Gynaecology,Minimally invasive gynaecologic surgery,"Department of Obstetrics and Gynecology, UT Southwestern Medical Center",United States,Dallas,Texas,Clinical Fellowship,2 years,August 1,December 1 (annual),Not stated on official page,Not stated on official page,Accredited by the Complex Benign Gynecology Fellowship Board,Through the CBG Fellowship (AAGL) website; interview by invitation,1 per year,Not stated on official page,Not stated on official page,Not stated on official page,"UT Southwestern's two-year Complex Benign Gynecology fellowship, accredited by the Complex Benign Gynecology Fellowship Board, develops academically minded minimally invasive surgeons through high-volume surgery, simulation, research and education.",3 October 2026,https://www.utsouthwestern.edu/departments/obstetrics-gynecology/education-training/fellowships/complex-benign-gynecology/ | https://www.utsouthwestern.edu/departments/obstetrics-gynecology/education-training/fellowships/complex-benign-gynecology/how-to-apply.html
/programs/pediatric-and-adolescent-gynecology-fellowship-cu-anschutz,Pediatric and Adolescent Gynecology Fellowship,University of Colorado Anschutz Medical Campus,Obstetrics & Gynaecology,Paediatric & adolescent gynaecology,"Department of Obstetrics and Gynecology, University of Colorado Anschutz School of Medicine",United States,Aurora,Colorado,Clinical Fellowship,2 years,Not stated on official page,"July 5, 2026",Graduated from an ACGME-accredited OB/GYN residency,Not stated on official page,NASPAG-affiliated (15th recognized program in North America),"FellowshipsCAS (CV, cover letter, references, USMLE 1-3 and CREOG scores)",1 per year,Fellowship research startup funds,Not stated on official page,Not stated on official page,"The CU Anschutz PAG Fellowship, affiliated with NASPAG, trains pediatric and adolescent gynecologists who are outstanding clinicians, surgeons, teachers and researchers.",3 October 2026,https://medschool.cuanschutz.edu/ob-gyn/fellowships/pediatric-and-adolescent-gynecology-fellowship
/programs/maternal-fetal-medicine-fellowship-cu-anschutz,Maternal-Fetal Medicine Fellowship,University of Colorado Anschutz Medical Campus,Obstetrics & Gynaecology,Maternal-fetal medicine,"Department of Obstetrics and Gynecology, University of Colorado Anschutz School of Medicine",United States,Aurora,Colorado,Clinical Fellowship,3 years,Not stated on official page,"Monday, April 27, 2026",Not stated on official page,Not stated on official page,ACGME accredited,ERAS and CREOG scores,1 per year,Not stated on official page,Not stated on official page,Not stated on official page,"The CU Anschutz MFM Fellowship prepares fellows for an academic career and to serve as perinatal consultants, with a minimum of 1 year of protected research in a three-year ACGME-accredited program.",3 October 2026,https://medschool.cuanschutz.edu/ob-gyn/fellowships/maternal-fetal-medicine-fellowship
/programs/reproductive-endocrinology-and-infertility-fellowship-cu-anschutz,Reproductive Endocrinology and Infertility Fellowship,University of Colorado Anschutz Medical Campus,Obstetrics & Gynaecology,Reproductive endocrinology,"Department of Obstetrics and Gynecology, University of Colorado Anschutz School of Medicine",United States,Aurora,Colorado,Clinical Fellowship,Not stated on official page,Not stated on official page,"May 1, 2026",Not stated on official page,Not stated on official page,ACGME accredited,"ERAS, CREOG scores and NRMP registration",1 per year,Not stated on official page,Not stated on official page,Not stated on official page,"The CU Anschutz REI fellowship provides a balanced, flexible educational experience with formal training in medical and pediatric endocrinology, male infertility and ultrasonography and a 90%-protected research second year.",3 October 2026,https://medschool.cuanschutz.edu/ob-gyn/fellowships/reproductive-endocrinology-infertility-fellowship
/programs/ob-gyn-hospitalist-fellowship-cu-anschutz,OB-GYN Hospitalist Fellowship,University of Colorado Anschutz Medical Campus,Obstetrics & Gynaecology,Obstetric & gynaecologic hospital medicine,"Department of Obstetrics and Gynecology, University of Colorado Anschutz School of Medicine",United States,Aurora,Colorado,Clinical Fellowship,1 year,August 2026 (current posting),Not stated on official page,Graduated from a US residency program prior to start date,Not stated on official page,Not stated on official page,"Email CV, cover letter, three letters of reference and CREOG score reports",Not stated on official page,Not stated on official page,Not stated on official page,Not stated on official page,"One of the first one-year Fellowships in OB-GYN Hospitalist Medicine in the nation, training future leaders in academic OB-GYN hospitalist medicine.",3 October 2026,https://medschool.cuanschutz.edu/ob-gyn/fellowships/ob-gyn-hospitalist-fellowship
/programs/maternal-fetal-medicine-fellowship-umich,Maternal Fetal Medicine Fellowship,University of Michigan Medical School,Obstetrics & Gynaecology,Maternal-fetal medicine,"Department of Obstetrics and Gynecology, University of Michigan Medical School",United States,Ann Arbor,Michigan,Clinical Fellowship,"3 years (12 months research, 18 months clinical, 6 months electives)",Not stated on official page,Not stated on official page,Not stated on official page,Not stated on official page,ACGME,Not stated on official page,Not stated on official page,Salary commensurate with a House Officer at an equivalent level of training (HOA contract),Not stated on official page,Not stated on official page,"The Michigan MFM fellowship provides 12 months of research, 18 months of clinical training and 6 months of electives, including time in a Fetal Diagnostic and Treatment Center offering a full range of fetal procedures.",3 October 2026,https://medschool.umich.edu/departments/obstetrics-gynecology/education/fellowships/maternal-fetal-medicine | https://medschool.umich.edu/departments/obstetrics-gynecology/education/fellowships
/programs/reproductive-endocrinology-and-infertility-fellowship-umich,Reproductive Endocrinology & Infertility Fellowship,University of Michigan Medical School,Obstetrics & Gynaecology,Reproductive endocrinology,"Department of Obstetrics and Gynecology, University of Michigan Medical School",United States,Ann Arbor,Michigan,Clinical Fellowship,3 years,Not stated on official page,Not stated on official page,Not stated on official page,Not stated on official page,ACGME,Not stated on official page,Not stated on official page,Salary commensurate with a House Officer at an equivalent level of training (HOA contract),Not stated on official page,Not stated on official page,"The Michigan REI fellowship is a three-year program with 18 months of research and 18 months of clinical training, bringing together endocrinology and infertility specialists, reproductive urologists and research scientists.",3 October 2026,https://medschool.umich.edu/departments/obstetrics-gynecology/education/fellowships/reproductive-endocrinology-infertility | https://medschool.umich.edu/departments/obstetrics-gynecology/education/fellowships
/programs/complex-benign-gynecology-fellowship-umich,Complex Benign Gynecology Fellowship,University of Michigan Medical School,Obstetrics & Gynaecology,Minimally invasive gynaecologic surgery,"Department of Obstetrics and Gynecology, University of Michigan Medical School",United States,Ann Arbor,Michigan,Clinical Fellowship,2 years,Not stated on official page,Not stated on official page,Not stated on official page,Not stated on official page,AAGL accredited (since 2005); non-ACGME,Not stated on official page,Not stated on official page,Salary commensurate with a House Officer at an equivalent level of training (HOA contract),Not stated on official page,Not stated on official page,"The University of Michigan Complex Benign Gynecology Fellowship is a two-year program, AAGL accredited since 2005, preparing gynecologic surgeons to become experts in complex gynecology and advanced laparoscopic and minimally invasive techniques.",3 October 2026,https://medschool.umich.edu/departments/obstetrics-gynecology/education/fellowships/complex-benign-gynecology | https://medschool.umich.edu/departments/obstetrics-gynecology/education/fellowships
/programs/cancer-genetics-and-breast-health-fellowship-umich,Cancer Genetics & Breast Health Fellowship,University of Michigan Medical School,Obstetrics & Gynaecology,Breast health & cancer genetics,"Department of Obstetrics and Gynecology, University of Michigan Medical School",United States,Ann Arbor,Michigan,Clinical Fellowship,1 year,Not stated on official page,Not stated on official page,Completed OB/GYN residency,Not stated on official page,Non-ACGME,Not stated on official page,Not stated on official page,Salary commensurate with a House Officer at an equivalent level of training (HOA contract),Not stated on official page,Not stated on official page,A 1-year non-ACGME fellowship for OB/GYN residency graduates providing multidisciplinary training as an expert and consultant in breast and gynecologic cancer genetic mutations and breast health.,3 October 2026,https://medschool.umich.edu/departments/obstetrics-gynecology/education/fellowships/cancer-genetics-breast-health | https://medschool.umich.edu/departments/obstetrics-gynecology/education/fellowships
/programs/global-women-s-health-fellowship-umich,Global Women's Health Fellowship,University of Michigan Medical School,Obstetrics & Gynaecology,Global women's health,"Department of Obstetrics and Gynecology, University of Michigan Medical School",United States,Ann Arbor,Michigan,Clinical Fellowship,2 years,August 2027 (current cycle),"October 16, 2026",Completion of an ACGME-accredited residency; USMLE/COMLEX scores,Not stated on official page,Non-ACGME,Virtual interviews on a rolling basis; final selection by November 2026,Not stated on official page,Salary commensurate with a House Officer at an equivalent level of training (HOA contract),Not stated on official page,Not stated on official page,"A two-year program in which graduates of accredited OBGYN residency programs gain research and clinical skills for careers in global women's health, with 8-12 months in Ghana and Rwanda.",3 October 2026,https://medschool.umich.edu/departments/obstetrics-gynecology/education/fellowships/global-womens-health | https://medschool.umich.edu/departments/obstetrics-gynecology/education/fellowships
/programs/pediatric-and-adolescent-gynecology-fellowship-umich,Pediatric & Adolescent Gynecology Fellowship,University of Michigan Medical School,Obstetrics & Gynaecology,Paediatric & adolescent gynaecology,"Department of Obstetrics and Gynecology, University of Michigan Medical School",United States,Ann Arbor,Michigan,Clinical Fellowship,2 years,Not stated on official page,Not stated on official page,Not stated on official page,Not stated on official page,Non-ACGME,Not stated on official page,Not stated on official page,Salary commensurate with a House Officer at an equivalent level of training (HOA contract),Not stated on official page,Not stated on official page,The Michigan Pediatric and Adolescent Gynecology fellowship is a two-year program in which trainees develop the gynecologic expertise to evaluate and treat patients from infancy and childhood through adolescence and young adulthood.,3 October 2026,https://medschool.umich.edu/departments/obstetrics-gynecology/education/fellowships
/programs/obstetrics-and-gynecology-hospitalist-fellowship-umich,Obstetrics & Gynecology Hospitalist Fellowship,University of Michigan Medical School,Obstetrics & Gynaecology,Obstetric & gynaecologic hospital medicine,"Department of Obstetrics and Gynecology, University of Michigan Medical School",United States,Ann Arbor,Michigan,Clinical Fellowship,Not stated on official page,Not stated on official page,Not stated on official page,Not stated on official page,Not stated on official page,Non-ACGME,Not stated on official page,Not stated on official page,Salary commensurate with a House Officer at an equivalent level of training (HOA contract),Not stated on official page,Not stated on official page,"The Michigan OB/GYN Hospitalist Fellowship provides experience and mentorship for trainees to become leaders in inpatient OBGYN medicine, quality, safety and trainee education.",3 October 2026,https://medschool.umich.edu/departments/obstetrics-gynecology/education/fellowships
/programs/lgbtq-reproductive-and-sexual-health-fellowship-umich,LGBTQ+ Reproductive & Sexual Health Fellowship,University of Michigan Medical School,Obstetrics & Gynaecology,Sexual & gender health,"Department of Obstetrics and Gynecology, University of Michigan Medical School",United States,Ann Arbor,Michigan,Clinical Fellowship,Not stated on official page,Not stated on official page,Not stated on official page,Not stated on official page,Not stated on official page,Non-ACGME,Not stated on official page,Not stated on official page,Salary commensurate with a House Officer at an equivalent level of training (HOA contract),Not stated on official page,Not stated on official page,The LGBTQ+ Reproductive & Sexual Health Fellowship helps advanced trainees identify their paths as future leaders in LGBTQ+ health and provides resources for their individual success.,3 October 2026,https://medschool.umich.edu/departments/obstetrics-gynecology/education/fellowships
/programs/women-s-health-fellowship-umich,Women's Health Fellowship,University of Michigan Medical School,Obstetrics & Gynaecology,Women's health,"Department of Obstetrics and Gynecology, University of Michigan Medical School",United States,Ann Arbor,Michigan,Clinical Fellowship,1 year,Not stated on official page,Not stated on official page,Not stated on official page,Not stated on official page,Non-ACGME,Not stated on official page,Not stated on official page,Salary commensurate with a House Officer at an equivalent level of training (HOA contract),Not stated on official page,Not stated on official page,The Michigan Women's Health Fellowship is a one-year clinically focused program providing trainees with a multidisciplinary experience to expand their expertise in women's health.,3 October 2026,https://medschool.umich.edu/departments/obstetrics-gynecology/education/fellowships
/programs/maternal-fetal-medicine-fellowship-utah,Maternal-Fetal Medicine Fellowship,University of Utah Health,Obstetrics & Gynaecology,Maternal-fetal medicine,"Department of Obstetrics & Gynecology, University of Utah Spencer Fox Eccles School of Medicine",United States,Salt Lake City,Utah,Clinical Fellowship,Not stated on official page,Not stated on official page,Not stated on official page,Not stated on official page,Not stated on official page,Not stated on official page,Not stated on official page,2 fellows per year,Not stated on official page,Not stated on official page,Not stated on official page,"The University of Utah MFM Fellowship offers customizable career tracks in advocacy, education, patient safety & quality improvement and clinical research, with clinical experience across two major health systems.",3 October 2026,https://medicine.utah.edu/obgyn/maternal-fetal-medicine/fellowship
/programs/reproductive-endocrinology-and-infertility-fellowship-utah,Reproductive Endocrinology and Infertility Fellowship,University of Utah Health,Obstetrics & Gynaecology,Reproductive endocrinology,"Department of Obstetrics & Gynecology, University of Utah Spencer Fox Eccles School of Medicine",United States,Salt Lake City,Utah,Clinical Fellowship,3 years,Not stated on official page,"Friday, May 1, 2026 (12 pm CST)",Not stated on official page,Not stated on official page,ACGME accredited,ERAS; follows SREI interview guidelines; NRMP match,1 fellow per year,Not stated on official page,Not stated on official page,Not stated on official page,"The University of Utah's three-year ACGME-accredited REI fellowship trains clinical experts in reproductive endocrinology and infertility for academic medicine, with a fully research-dedicated second year.",3 October 2026,https://medicine.utah.edu/obgyn/reproductive-endocrine-infertility/fellowship
/programs/pediatric-and-adolescent-gynecology-fellowship-baylor,Pediatric and Adolescent Gynecology Fellowship,Baylor College of Medicine / Texas Children's Hospital,Obstetrics & Gynaecology,Paediatric & adolescent gynaecology,"Department of Obstetrics and Gynecology, Baylor College of Medicine",United States,Houston,Texas,Clinical Fellowship,2 years,Not stated on official page,Not stated on official page,Completed an OB/GYN residency,Not stated on official page,Accredited by the Texas Medical Board,NRMP match,2 fellows per year (4 in training),Not stated on official page,Not stated on official page,Eligible for a Texas medical license or Texas in-training license,"Baylor's two-year PAG fellowship, based at Texas Children's Hospital, provides comprehensive medical and surgical training in pediatric and adolescent gynecology, with fellows performing more than 300 procedures per year.",3 October 2026,https://www.bcm.edu/departments/obstetrics-and-gynecology/education/fellowships/pediatric-adolescent-gynecology-fellowship | https://www.bcm.edu/departments/obstetrics-and-gynecology/education/fellowships/pediatric-adolescent-gynecology-fellowship/admissions-and-benefits
/programs/complex-benign-gynecology-fellowship-baylor,Complex Benign Gynecology Fellowship,Baylor College of Medicine,Obstetrics & Gynaecology,Minimally invasive gynaecologic surgery,"Department of Obstetrics and Gynecology, Baylor College of Medicine",United States,Houston,Texas,Clinical Fellowship,2 years,Not stated on official page,Not stated on official page,Graduates of ACGME-accredited residency programs with strong interest in minimally invasive surgery,Not stated on official page,Not stated on official page,AAGL website; interviews in summer before the October match,2 fellows every other year,Not stated on official page,Not stated on official page,Eligible for a full medical license in the state of Texas,Baylor's two-year Complex Benign Gynecology Fellowship provides comprehensive training in the medical and surgical aspects of complex benign gynecologic surgery in the Texas Medical Center.,3 October 2026,https://www.bcm.edu/departments/obstetrics-and-gynecology/education/fellowships/complex-benign-gynecology-fellowship
/programs/maternal-fetal-medicine-fellowship-baylor,Maternal-Fetal Medicine Fellowship,Baylor College of Medicine,Obstetrics & Gynaecology,Maternal-fetal medicine,"Department of Obstetrics and Gynecology, Baylor College of Medicine",United States,Houston,Texas,Clinical Fellowship,36 months,Not stated on official page,May 1,Graduates of U.S. accredited or osteopathic medical schools who completed a four-year ACGME-accredited OB/GYN residency,Applicants must be U.S. citizens or permanent residents,Not stated on official page,ERAS only; NRMP match,3 categorical MFM positions and 1 combined MFM-Medical Genetics & Genomics position (2026 interviews),Not stated on official page,Not offered (U.S. citizens or permanent residents only),Eligible for a full medical license in the state of Texas,"The Baylor MFM Fellowship is a 36-month program designed to develop world-class leaders, researchers, educators and clinicians in the care of the high-risk pregnant woman and her unborn baby.",3 October 2026,https://www.bcm.edu/departments/obstetrics-and-gynecology/education/fellowships/maternal-fetal-medicine-fellowship | https://www.bcm.edu/departments/obstetrics-and-gynecology/education/fellowships/maternal-fetal-medicine-fellowship/admissions
/programs/reproductive-endocrinology-and-infertility-fellowship-baylor,Reproductive Endocrinology and Infertility Fellowship,Baylor College of Medicine,Obstetrics & Gynaecology,Reproductive endocrinology,"Department of Obstetrics and Gynecology, Baylor College of Medicine",United States,Houston,Texas,Clinical Fellowship,3 years,August 1 of the following year,May 1,Graduates of U.S. accredited or osteopathic medical schools who completed a four-year ACGME-accredited OB/GYN residency,Not stated on official page,Not stated on official page,ERAS (December 1 - May 31); NRMP match; interviews in July,Not stated on official page,Not stated on official page,Not stated on official page,Not stated on official page,"Baylor's three-year REI Fellowship trains competent REI clinicians who function as independent investigators, with access to the Cell Biology department's research faculty.",3 October 2026,https://www.bcm.edu/departments/obstetrics-and-gynecology/education/fellowships/reproductive-endocrinology-and-infertility-fellowship
/programs/global-women-s-health-fellowship-baylor,Global Women's Health Fellowship,Baylor College of Medicine,Obstetrics & Gynaecology,Global women's health,"Department of Obstetrics and Gynecology, Baylor College of Medicine",United States,Houston,Texas,Clinical Fellowship,2 years,August,Not stated on official page,Graduates of U.S. accredited or osteopathic medical schools who completed a four-year ACGME OB/GYN residency,U.S. citizens or permanent residents only,Not stated on official page,Not stated on official page,Not stated on official page,Not stated on official page,Not offered (U.S. citizens or permanent residents only),Eligible for a full medical license in the state of Texas,"Baylor's two-year Global Women's Health fellowship addresses conditions such as maternal mortality and obstetric fistula, with fellows spending about 80 percent of their time in Malawi.",3 October 2026,https://www.bcm.edu/departments/obstetrics-and-gynecology/education/fellowships/global-womens-health-fellowship
/programs/obstetrics-and-gynecology-hospitalist-fellowship-baylor,Obstetrics and Gynecology Hospitalist Fellowship,Baylor College of Medicine,Obstetrics & Gynaecology,Obstetric & gynaecologic hospital medicine,"Department of Obstetrics and Gynecology, Baylor College of Medicine",United States,Houston,Texas,Clinical Fellowship,2 years,Not stated on official page,Not stated on official page,Completed an ACGME or other accredited OB/GYN residency; ABOG board eligible or certified,Not stated on official page,Not stated on official page,CV and cover letter to program contact; full online application before interview,Not stated on official page,Not stated on official page,Not stated on official page,Texas medical license required prior to start,"A two-year advanced training program for obstetrician-gynecologists pursuing careers as academic hospitalist leaders, focusing on high-risk obstetrics, patient safety, quality improvement and emergencies.",3 October 2026,https://www.bcm.edu/departments/obstetrics-and-gynecology/education/fellowships/hospitalist-fellowship
/programs/perinatal-surgery-fellowship-baylor,Perinatal Surgery Fellowship,Baylor College of Medicine / Texas Children's Hospital,Obstetrics & Gynaecology,Maternal-fetal medicine,"Department of Obstetrics and Gynecology, Baylor College of Medicine and Michael E. DeBakey Department of Surgery",United States,Houston,Texas,Clinical Fellowship,2 years,August (2027 cycle),"Applications reviewed January 1 - June 30, 2026",Training in maternal-fetal medicine or pediatric surgery,Not stated on official page,Not stated on official page,Submit documents during second-year MFM or first-year pediatric surgery fellowship; interviews July-August,Not stated on official page,Not stated on official page,Not stated on official page,Not stated on official page,A two-year program training MFM-trained obstetricians and pediatric surgeons to care for fetal patients with complex diseases such as twin-twin transfusion syndrome through fetal interventions.,3 October 2026,https://www.bcm.edu/departments/obstetrics-and-gynecology/education/fellowships/perinatal-surgery-fellowship
/programs/minimally-invasive-gynecologic-surgery-fellowship-johns-hopkins,Minimally Invasive Gynecologic Surgery Fellowship,Johns Hopkins Medicine,Obstetrics & Gynaecology,Minimally invasive gynaecologic surgery,"Department of Gynecology and Obstetrics, Johns Hopkins University School of Medicine",United States,Baltimore,Maryland,Clinical Fellowship,2 years,Not stated on official page,Not stated on official page,Completed an ACGME-accredited OB/GYN residency or equivalent international residency,Applicants must be U.S. citizens or permanent residents,Not stated on official page,AAGL fellowship application,1 fellow per year,Partial tuition funding available for graduate courses at the Bloomberg School of Public Health,Not offered (applicants must be u.s. citizens or permanent residents),Eligible for medical licensure in Maryland,"Johns Hopkins offers a highly competitive two-year MIGS fellowship with rotations at Johns Hopkins Hospital, Bayview Medical Center and Howard County Medical Center, training leaders in minimally invasive gynecologic surgery.",3 October 2026,https://www.hopkinsmedicine.org/gynecology-obstetrics/education/fellowships/minimally-invasive-gynecologic-surgery
/programs/maternal-fetal-medicine-fellowship-johns-hopkins,Maternal-Fetal Medicine Fellowship,Johns Hopkins Medicine,Obstetrics & Gynaecology,Maternal-fetal medicine,"Department of Gynecology and Obstetrics, Johns Hopkins University School of Medicine",United States,Baltimore,Maryland,Clinical Fellowship,Not stated on official page,Not stated on official page,"April 27, 2026",Completed an ACGME-accredited OB/GYN residency,Applicants must be U.S. citizens or permanent residents,ACGME/ABOG competencies,ERAS with three letters of recommendation; virtual interviews,Not stated on official page,Not stated on official page,Not offered (applicants must be u.s. citizens or permanent residents),Eligible for medical licensure in Maryland,"The Johns Hopkins MFM Fellowship is a clinical and research-oriented program providing advanced training in the care of the pregnant patient and fetus, prenatal diagnostic and therapeutic procedures, teaching and research skills.",3 October 2026,https://www.hopkinsmedicine.org/gynecology-obstetrics/education/fellowships/maternal-fetal-medicine
/programs/maternal-fetal-medicine-medical-genetics-combined-fellowship-johns-hopkins,Maternal-Fetal Medicine / Medical Genetics Combined Fellowship,Johns Hopkins Medicine,Obstetrics & Gynaecology,Maternal-fetal medicine,"Department of Gynecology and Obstetrics, Johns Hopkins University School of Medicine",United States,Baltimore,Maryland,Clinical Fellowship,Not stated on official page,Not stated on official page,"April 27, 2026",Not stated on official page,Applicants must be U.S. citizens or permanent residents,Not stated on official page,"ERAS, plus email notification of interest to the MFM and Genetics program contacts",Not stated on official page,Not stated on official page,Not offered (applicants must be u.s. citizens or permanent residents),Eligible for medical licensure in Maryland,"A combined MFM-Medical Genetics fellowship at Johns Hopkins in which applications are reviewed jointly by MFM and Medical Genetics faculty, meeting ABOG and ABMGG combined-training requirements.",3 October 2026,https://www.hopkinsmedicine.org/gynecology-obstetrics/education/fellowships/maternal-fetal-medicine
/programs/reproductive-endocrinology-and-infertility-fellowship-johns-hopkins,Reproductive Endocrinology and Infertility Fellowship,Johns Hopkins Medicine,Obstetrics & Gynaecology,Reproductive endocrinology,"Department of Gynecology and Obstetrics, Johns Hopkins University School of Medicine",United States,Baltimore,Maryland,Clinical Fellowship,Not stated on official page,"August 1, 2027",Not stated on official page,Completed an ACGME-accredited OB/GYN residency,Not stated on official page,ACGME approved,ERAS,Not stated on official page,Not stated on official page,Not stated on official page,Not stated on official page,"The ACGME-approved Johns Hopkins REI Fellowship provides balanced clinical, surgical and world-class research training, and is a pilot site for the SRS Surgical Scholars Track.",3 October 2026,https://www.hopkinsmedicine.org/gynecology-obstetrics/education/fellowships/reproductive-endocrinology-infertility
/programs/reproductive-endocrinology-and-infertility-medical-genetics-combined-fellowship-johns-hopkins,Reproductive Endocrinology and Infertility - Medical Genetics Combined Fellowship,Johns Hopkins Medicine,Obstetrics & Gynaecology,Reproductive endocrinology,"Department of Gynecology and Obstetrics, Johns Hopkins University School of Medicine",United States,Baltimore,Maryland,Clinical Fellowship,4 years,Not stated on official page,Not stated on official page,Not stated on official page,Not stated on official page,ACGME approved,ERAS,Not stated on official page,Not stated on official page,Not stated on official page,Not stated on official page,"A unique 4-year ACGME-approved combined REI-Medical Genetics fellowship in partnership with the Department of Genetic Medicine, covering genomics, developmental, biochemical and population genetics.",3 October 2026,https://www.hopkinsmedicine.org/gynecology-obstetrics/education/fellowships/reproductive-endocrinology-infertility
/programs/maternal-fetal-medicine-fellowship-mount-sinai,Maternal-Fetal Medicine Fellowship,The Mount Sinai Hospital (Icahn School of Medicine),Obstetrics & Gynaecology,Maternal-fetal medicine,"Department of Obstetrics, Gynecology and Reproductive Science, Icahn School of Medicine at Mount Sinai",United States,New York,New York,Clinical Fellowship,3 years,Not stated on official page,Not stated on official page,Not stated on official page,Not stated on official page,ACGME accredited,Not stated on official page,Not stated on official page,Not stated on official page,Not stated on official page,Not stated on official page,The Maternal-Fetal Medicine Fellowship at The Mount Sinai Hospital is an ACGME-accredited three-year program with a distinctive fellow-run ultrasound clinic and extensive training in fetal diagnosis and therapy.,3 October 2026,https://icahn.mssm.edu/education/residencies-fellowships/list/maternal-fetal-medicine-fellowship
/programs/maternal-fetal-medicine-fellowship-at-mount-sinai-west-mount-sinai-west,Maternal Fetal Medicine Fellowship at Mount Sinai West,Mount Sinai West (Icahn School of Medicine),Obstetrics & Gynaecology,Maternal-fetal medicine,"Department of Obstetrics, Gynecology and Reproductive Science, Icahn School of Medicine at Mount Sinai",United States,New York,New York,Clinical Fellowship,3 years,Not stated on official page,Not stated on official page,Not stated on official page,Not stated on official page,ACGME; ABOG,ERAS; interviews July and August,1 new fellow per year,Not stated on official page,Not stated on official page,Not stated on official page,"The three-year MFM fellowship at Mount Sinai West, accredited by ACGME and the ABOG MFM Specialty Board, enrolls one new fellow each year and includes 12 months of research.",3 October 2026,https://icahn.mssm.edu/education/residencies-fellowships/list/msw-maternal-fetal-medicine-fellowship
/programs/complex-benign-gynecology-fellowship-mount-sinai,Complex Benign Gynecology Fellowship,The Mount Sinai Hospital (Icahn School of Medicine),Obstetrics & Gynaecology,Minimally invasive gynaecologic surgery,"Department of Obstetrics, Gynecology and Reproductive Science, Icahn School of Medicine at Mount Sinai",United States,New York,New York,Clinical Fellowship,2 years,Not stated on official page,Not stated on official page,Not stated on official page,Not stated on official page,Follows AAGL curriculum,Not stated on official page,Not stated on official page,Not stated on official page,Not stated on official page,Not stated on official page,"The Complex Benign Gynecology Fellowship at The Mount Sinai Hospital is a two-year program following the AAGL curriculum, with rotations at Mount Sinai and White Plains Hospital and a fellow-run pelvic pain clinic.",3 October 2026,https://icahn.mssm.edu/education/residencies-fellowships/list/complex-benign-gynecology-fellowship
/programs/reproductive-endocrinology-and-infertility-fellowship-uw-madison,Reproductive Endocrinology and Infertility Fellowship,University of Wisconsin School of Medicine and Public Health,Obstetrics & Gynaecology,Reproductive endocrinology,"Department of Obstetrics and Gynecology, University of Wisconsin School of Medicine and Public Health",United States,Madison,Wisconsin,Clinical Fellowship,3 years,Not stated on official page,"May 1, 2026 (12pm CST)",Not stated on official page,Not stated on official page,ACGME and ABOG approved,Not stated on official page,Not stated on official page,Not stated on official page,Not stated on official page,Not stated on official page,"The UW-Madison REI Fellowship is an ACGME- and ABOG-approved three-year program aiming to produce outstanding clinician-scientists, with the option of completing the Society of Reproductive Surgeons Surgical Scholar designation.",3 October 2026,https://www.obgyn.wisc.edu/fellowship/REI
/programs/maternal-fetal-medicine-fellowship-uw-madison,Maternal-Fetal Medicine Fellowship,University of Wisconsin School of Medicine and Public Health,Obstetrics & Gynaecology,Maternal-fetal medicine,"Department of Obstetrics and Gynecology, University of Wisconsin School of Medicine and Public Health",United States,Madison,Wisconsin,Clinical Fellowship,Not stated on official page,July 2027 (current cycle),"April 28, 2026",Satisfactory completion of an ACGME-accredited OB/GYN residency,ECFMG status report required if applicable,ACGME and ABOG,"ERAS and NRMP; 3-4 letters (two from MFM specialists, one from residency PD)",2 per year,Not stated on official page,Not stated on official page,Not stated on official page,"The UW-Madison MFM fellowship recruits two fellows per year and has particular strengths in interdisciplinary clinical and translational research, biostatistics and epidemiology training, and global health.",3 October 2026,https://www.obgyn.wisc.edu/fellowship/MFM-apply | https://www.obgyn.wisc.edu/fellowship/MFM
/programs/maternal-fetal-medicine-and-reproductive-genetics-fellowship-ucsf,Maternal-Fetal Medicine & Reproductive Genetics Fellowship,"University of California, San Francisco",Obstetrics & Gynaecology,Maternal-fetal medicine,"Department of Obstetrics, Gynecology and Reproductive Sciences, UCSF School of Medicine",United States,San Francisco,California,Clinical Fellowship,3 years,Not stated on official page,"April 28, 2026 (2027 dates TBD)",Completion of an ACGME-accredited residency,Not stated on official page,ACGME accredited,"ERAS, NRMP and SMFM registration; three letters of recommendation (two from current program); personal statement",Not stated on official page,Not stated on official page,Not stated on official page,Not stated on official page,"UCSF's three-year Maternal-Fetal Medicine & Reproductive Genetics fellowship provides outstanding clinical and research training, including rotations in the Fetal Treatment Center and Prenatal Diagnostic Center.",3 October 2026,https://obgyn.ucsf.edu/education-training/fellowships-overview | https://obgyn.ucsf.edu/program/maternal-fetal-medicine-reproductive-genetics-fellowship
/programs/reproductive-endocrinology-and-infertility-fellowship-ucsf,Reproductive Endocrinology and Infertility Fellowship,"University of California, San Francisco",Obstetrics & Gynaecology,Reproductive endocrinology,"Department of Obstetrics, Gynecology and Reproductive Sciences, UCSF School of Medicine",United States,San Francisco,California,Clinical Fellowship,3 years,Not stated on official page,May 1,Completed a four-year OB/GYN residency,Not stated on official page,ACGME accredited,Not stated on official page,Not stated on official page,Not stated on official page,Not stated on official page,Not stated on official page,UCSF's ACGME-accredited three-year REI fellowship is one of the department's subspecialty training programs for physicians who have completed a four-year OB/GYN residency.,3 October 2026,https://obgyn.ucsf.edu/education-training/fellowships-overview
/programs/obstetrics-and-gynecology-hospitalist-fellowship-ucsf-kaiser-ucsf-kaiser,Obstetrics & Gynecology Hospitalist Fellowship (UCSF/Kaiser),"University of California, San Francisco",Obstetrics & Gynaecology,Obstetric & gynaecologic hospital medicine,"Department of Obstetrics, Gynecology and Reproductive Sciences, UCSF School of Medicine",United States,San Francisco,California,Clinical Fellowship,1 year,Not stated on official page,"Ongoing, rolling basis",Not stated on official page,Not stated on official page,Non-ACGME,Not stated on official page,Not stated on official page,Not stated on official page,Not stated on official page,Not stated on official page,A one-year non-ACGME OB/GYN Hospitalist fellowship run jointly by UCSF and Kaiser Permanente (Walnut Creek site).,3 October 2026,https://obgyn.ucsf.edu/education-training/fellowships-overview
/programs/ob-gyn-national-clinician-scholars-program-research-fellowship-ucsf,Ob/Gyn National Clinician Scholars Program Research Fellowship,"University of California, San Francisco",Obstetrics & Gynaecology,Women's health research,"Department of Obstetrics, Gynecology and Reproductive Sciences, UCSF School of Medicine",United States,San Francisco,California,Research Fellowship,Not stated on official page,Not stated on official page,Not stated on official page,Not stated on official page,Not stated on official page,Non-ACGME,Not stated on official page,Not stated on official page,Not stated on official page,Not stated on official page,Not stated on official page,A non-ACGME Ob/Gyn research fellowship offered through the National Clinician Scholars Program at UCSF.,3 October 2026,https://obgyn.ucsf.edu/education-training/fellowships-overview
/programs/pediatric-and-adolescent-gynecology-fellowship-cincinnati-childrens,Pediatric and Adolescent Gynecology Fellowship,Cincinnati Children's Hospital Medical Center,Obstetrics & Gynaecology,Paediatric & adolescent gynaecology,"Division of Pediatric and Adolescent Gynecology, Cincinnati Children's Hospital Medical Center",United States,Cincinnati,Ohio,Clinical Fellowship,2 years,Not stated on official page,Not stated on official page,Completed a basic residency program in obstetrics and gynecology,Not stated on official page,Not ACGME accredited (PAG is not an ACGME/ABOG subspecialty; ABOG offers a focused practice designation),Not stated on official page,Not stated on official page,Not stated on official page,Not stated on official page,Not stated on official page,A two-year clinical fellowship providing additional clinical and academic experience in pediatric and adolescent gynecology for OB/GYN residency graduates pursuing careers as clinician educators or investigators in academic medical centers.,3 October 2026,https://www.cincinnatichildrens.org/education/clinical/fellowship/gynecology
/programs/maternal-fetal-medicine-fellowship-ohio-state,Maternal Fetal Medicine Fellowship,The Ohio State University Wexner Medical Center,Obstetrics & Gynaecology,Maternal-fetal medicine,"Department of Obstetrics and Gynecology, The Ohio State University College of Medicine",United States,Columbus,Ohio,Clinical Fellowship,"3 years (15 months research, 3 months elective)",Not stated on official page,Not stated on official page,Not stated on official page,Not stated on official page,Not stated on official page,"Standard ERAS application; three letters of recommendation (one from residency PD, SLOE preferred); USMLE Step 1-2",8 fellows in total,Not stated on official page,Not stated on official page,Not stated on official page,"Ohio State's MFM fellowship prepares fellows as perinatal subspecialists and academic leaders in a high-volume, high-acuity academic medical center, with 15 months of research over three years.",3 October 2026,https://medicine.osu.edu/departments/obstetrics-gynecology/education/maternal-fetal-medicine-fellowship
/programs/reproductive-endocrinology-and-infertility-fellowship-ohsu,Reproductive Endocrinology and Infertility Fellowship,Oregon Health & Science University,Obstetrics & Gynaecology,Reproductive endocrinology,"Department of Obstetrics and Gynecology, Oregon Health & Science University",United States,Portland,Oregon,Clinical Fellowship,3 years,August,Not stated on official page,Must be legally able to work in the U.S. or eligible to obtain work authorization,ECFMG required if visa sponsorship is required,Not stated on official page,"ERAS (CV, transcripts, MSPE, personal statement, photo, USMLE/COMLEX, 3 letters incl. residency director); interviews via Thalamus",1 per year,OHSU GME PGY5-level salary in first year with annual increases; 4 weeks vacation; OHSU benefits package,Not stated on official page,Not stated on official page,"OHSU's REI Fellowship, started in 2018, draws on the department's long history in reproductive medicine and collaborations with the Oregon National Primate Research Center.",3 October 2026,https://www.ohsu.edu/school-of-medicine/ob-gyn/reproductive-endocrinology-and-infertility-rei-fellowship
/programs/maternal-fetal-medicine-fellowship-ohsu,Maternal-Fetal Medicine Fellowship,Oregon Health & Science University,Obstetrics & Gynaecology,Maternal-fetal medicine,"Department of Obstetrics and Gynecology, Oregon Health & Science University",United States,Portland,Oregon,Clinical Fellowship,Not stated on official page,Not stated on official page,Not stated on official page,Not stated on official page,Not stated on official page,ACGME accredited,NRMP match,Not stated on official page,Not stated on official page,Not stated on official page,Not stated on official page,"OHSU's ACGME-accredited MFM fellowship, established in 1982, trains highly skilled subspecialists to advance knowledge in obstetrical, medical and surgical complications of pregnancy; a combined MGG/MFM program is also offered.",3 October 2026,https://www.ohsu.edu/school-of-medicine/ob-gyn/maternal-fetal-medicine-fellowship
/programs/radiology-body-imaging-fellowship-the-alfred,Radiology Body Fellow,"The Alfred, Bayside Health",Radiology,Abdominal imaging,"Radiology Department, The Alfred",Australia,Melbourne,Victoria,Clinical Fellowship,Not stated on official page,Not stated on official page,Not stated on official page,"Experience in CT, ultrasound and MRI expected.",Not stated on official page,Not stated on official page,Via Alfred Health careers portal.,Not stated on official page,Not stated on official page,Not stated on official page,Not stated on official page,A body imaging fellowship at a large tertiary referral centre — the first Australian teaching hospital to implement a subspecialty reporting model — managing the body section including non-vascular intervention and percutaneous tumour ablation.,3 October 2026,https://alfredhealth.org.au/careers/medical-careers/registrars-advanced-trainees-fellows/radiology-body-fellow
/programs/interventional-neuroradiology-fellowship-the-alfred-2027,Fellow – Interventional Neuroradiology (INR) 2027,"The Alfred, Bayside Health",Radiology,Interventional neuroradiology,"Radiology Department, The Alfred",Australia,Melbourne,Victoria,Clinical Fellowship,12 months,February 2027,Applications closed 9 April 2026 (2027 intake).,Suitably qualified medical practitioner; prior experience in interventional radiology and/or interventional neuroradiology beneficial.,Not stated on official page,Not stated on official page,Online application via Alfred Health careers (job no. 77469).,1 position,Remuneration in accordance with the Victorian Public Health Sector – Doctors in Training Enterprise Agreement 2022–2026.,Not stated on official page,Not stated on official page,A 12-month interventional neuroradiology fellowship in the Radiology Department at The Alfred commencing February 2027.,3 October 2026,https://careers.alfredhealth.org.au/job/9746K/AAM4O9NBI/fellow-interventional-neuroradiology-inr-2027
/programs/diagnostic-neuroradiology-fellowship-the-alfred-2027,Fellow – Radiology Diagnostic Neuroradiology 2027,"The Alfred, Bayside Health",Radiology,Neuroradiology,"Neuroradiology, Radiology Department, The Alfred",Australia,Melbourne,Victoria,Clinical Fellowship,12 months,2027 clinical year,Applications closed Sunday 10 May 2026 (2027 intake).,Not stated on official page,Not stated on official page,Not stated on official page,Online application via Alfred Health careers (job no. 77744).,1 position,Not stated on official page,Not stated on official page,Not stated on official page,"A 12-month position offering supervised training in acute stroke and perfusion imaging, pre-operative fMRI, DTI, spectroscopy, MR neurography, neuro-oncology, head/neck and spinal imaging.",3 October 2026,https://careers.alfredhealth.org.au/job/6D873/PEZ6QF6QD/fellow-radiology-diagnostic-neuroradiology-2027
/programs/radiology-fellowship-royal-melbourne-hospital,Radiology Fellow,The Royal Melbourne Hospital,Radiology,Diagnostic and interventional radiology (subspecialty rotations),"Medical Imaging, The RMH Parkville",Australia,Melbourne,Victoria,Clinical Fellowship,Fixed term,Not stated on official page,Not stated on official page,Current registration with the Medical Board of Australia (AHPRA); MBBS or equivalent; completion of radiology training with RANZCR or equivalent for international applicants.,International applicants eligible with radiology training equivalent to RANZCR.,Not stated on official page,Via RMH careers site.,Not stated on official page,Classification HM30 under the AMA Victoria – Victorian Public Health Sector Doctors in Training Enterprise Agreement 2022–2026.,Not stated on official page,Current registration with the Medical Board of Australia (AHPRA).,A fellowship-level position assisting qualified radiologists with reporting and procedures and becoming progressively responsible for them under supervision in RMH's comprehensive diagnostic and therapeutic imaging service.,3 October 2026,https://www.thermh.org.au/files/rmh-careers/Medical_Workforce_Unit/DIT/ACCIS/2026_-_Radiology_Fellow_PD.pdf
/programs/paediatric-radiology-fellowship-royal-childrens-hospital-melbourne,Paediatric Radiology Fellow,The Royal Children's Hospital Melbourne,Radiology,Paediatric radiology,"Medical Imaging Department, The Royal Children's Hospital",Australia,Melbourne,Victoria,Clinical Fellowship,Not stated on official page,Early February 2027 or August 2027 intakes,Not stated on official page,Not stated on official page,International Medical Graduate applicants must meet AHPRA English language proficiency requirements.,Not stated on official page,Apply online via RCH careers; specify preferred intake in cover letter.,Not stated on official page,Not stated on official page,Not stated on official page,AHPRA registration (IMGs must meet AHPRA English language standards); National Criminal Record Check and Working with Children Check required.,"A full-time fellowship furthering learning in all areas of paediatric diagnostic radiology, with clinical reporting and multidisciplinary team involvement under the guidance of paediatric radiology consultants.",3 October 2026,https://careers.rch.org.au/job/50-Flemington-Rd-Paediatric-Radiology-Fellow/1357739466/
/programs/paediatric-interventional-radiology-fellowship-sydney-childrens-hospitals-network,Paediatric Interventional Radiology Fellowship,The Sydney Children's Hospitals Network (Westmead and Randwick),Radiology,Paediatric interventional radiology,"Medical Imaging, The Children's Hospital at Westmead and Sydney Children's Hospital, Randwick",Australia,Sydney,New South Wales,Clinical Fellowship,12 months,Early February,Not stated on official page,Suited to those aiming for a career in paediatric IR or with adult IR experience wishing to develop paediatric skills.,Not stated on official page,Not stated on official page,Email the Directors of Radiology with CV and letter of motivation; a link to formally apply on the hospital website is then provided.,Not stated on official page,"Salary approximately AUD 180,000 per year (covers travel, accommodation and health insurance); on-call paid separately.",Not stated on official page,Not stated on official page,"A one-year postgraduate fellowship offering advanced training in paediatric interventional radiology techniques, clinical care, teaching and research across Westmead and Randwick, with elective adult IR/INR rotations.",3 October 2026,https://www.schn.health.nsw.gov.au/about/work-us/work-us-fellows/paediatric-interventional-radiology-fellowship
/programs/clinical-paediatric-radiology-fellowship-childrens-hospital-at-westmead,Clinical Paediatric Radiology Fellowship,The Sydney Children's Hospitals Network (The Children's Hospital at Westmead),Radiology,Paediatric radiology,"Department of Medical Imaging, The Children's Hospital at Westmead",Australia,Sydney,New South Wales,Clinical Fellowship,12 months,Early February,Not stated on official page,Completed the FRANZCR exam or equivalent and pursuing a career in paediatric radiology.,Equivalent qualifications to FRANZCR accepted.,Not stated on official page,Email the Directors of Radiology with CV and letter of motivation; a link to formally apply on the hospital website is then provided.,Not stated on official page,"Salary approximately AUD 130,000 per year (covers travel, accommodation and health insurance); on-call paid separately.",Not stated on official page,Not stated on official page,"A provisional fellowship at the largest paediatric hospital in New South Wales providing advanced training in clinical paediatric radiology, education, research and departmental leadership.",3 October 2026,https://www.schn.health.nsw.gov.au/about/work-us/work-us-fellows/clinical-paediatric-radiology-fellowship
/programs/abdominal-body-imaging-fellowship-university-of-calgary,Abdominal/Body Imaging Fellowship,"University of Calgary, Cumming School of Medicine",Radiology,Abdominal imaging,"Department of Radiology, University of Calgary (Foothills Medical Centre)",Canada,Calgary,Alberta,Clinical Fellowship,1 year,1 July,Rolling offers for 1 July starts: Canadian graduates should apply at least 10–12 months before 1 July; international medical graduates at least 18–24 months before 1 July.,Not stated on official page,Welcomes domestic and international fellows; sponsored fellows must apply via sponsoring agencies with an active PGME educational contract; English proficiency evidence (IELTS Academic 7.0 in each band or OET Medicine grade B) required where medical school was not primarily in English.,Not stated on official page,"Online application form with CV, personal letter and three reference letters emailed by referees to radiology.fellowship@ucalgary.ca; sponsored trainees apply via their sponsoring agency through the PGME office.",Approximately 3 per year,Programme receives ongoing funding support from EFW Radiology; sponsored positions accepted via PGME.,"After acceptance, the PGME office provides instructions for applying for a work permit.","Educational licensure with the College of Physicians and Surgeons of Alberta (CPSA), arranged through PGME after acceptance.","A one-year comprehensive clinical body imaging fellowship based at Foothills Medical Centre with time in body ultrasound, CT and MRI, including CT colonography, CT enterography and CEUS programmes.",3 October 2026,https://cumming.ucalgary.ca/departments/radiology/education-training/fellowship-programs/abdominal-body-imaging-fellowship | https://cumming.ucalgary.ca/departments/radiology/education-training/fellowship-programs-how-applyfaq | https://cumming.ucalgary.ca/departments/radiology/education/fellowship-programs
/programs/body-interventional-radiology-fellowship-university-of-calgary,Body Interventional Fellowship,"University of Calgary, Cumming School of Medicine",Radiology,Interventional radiology,"Department of Radiology, University of Calgary (Foothills Medical Centre)",Canada,Calgary,Alberta,Clinical Fellowship,1 year,1 July,Rolling offers for 1 July starts: Canadian graduates should apply at least 10–12 months before 1 July; international medical graduates at least 18–24 months before 1 July.,Not stated on official page,Welcomes domestic and international fellows; sponsored fellows must apply via sponsoring agencies with an active PGME educational contract; English proficiency evidence (IELTS Academic 7.0 in each band or OET Medicine grade B) required where medical school was not primarily in English.,Not stated on official page,"Online application form with CV, personal letter and three reference letters emailed by referees to radiology.fellowship@ucalgary.ca; sponsored trainees apply via their sponsoring agency through the PGME office.",1 per year,Programme receives ongoing funding support from EFW Radiology; sponsored positions accepted via PGME.,"After acceptance, the PGME office provides instructions for applying for a work permit.","Educational licensure with the College of Physicians and Surgeons of Alberta (CPSA), arranged through PGME after acceptance.","A one-year comprehensive interventional radiology fellowship at Foothills Medical Centre offering a wide cross-section of vascular and non-vascular procedures, with only one fellow per year.",3 October 2026,https://cumming.ucalgary.ca/departments/radiology/education-training/fellowship-programs/fellowship-programs-body-interventional | https://cumming.ucalgary.ca/departments/radiology/education-training/fellowship-programs-how-applyfaq | https://cumming.ucalgary.ca/departments/radiology/education/fellowship-programs
/programs/cardiothoracic-cardiac-mri-fellowship-university-of-calgary,Cardiothoracic and Cardiac MRI Fellowship,"University of Calgary, Cumming School of Medicine",Radiology,Cardiothoracic imaging,"Department of Radiology, University of Calgary (Foothills Medical Centre)",Canada,Calgary,Alberta,Clinical Fellowship,1 year,1 July,Now accepting applications for 2027–2028 positions; Rolling offers for 1 July starts: Canadian graduates should apply at least 10–12 months before 1 July; international medical graduates at least 18–24 months before 1 July.,Not stated on official page,Welcomes domestic and international fellows; sponsored fellows must apply via sponsoring agencies with an active PGME educational contract; English proficiency evidence (IELTS Academic 7.0 in each band or OET Medicine grade B) required where medical school was not primarily in English.,Not stated on official page,"Online application form with CV, personal letter and three reference letters emailed by referees to radiology.fellowship@ucalgary.ca; sponsored trainees apply via their sponsoring agency through the PGME office.",Up to 2 cardiothoracic positions and 1 dedicated cardiac MRI position,Programme receives ongoing funding support from EFW Radiology; sponsored positions accepted via PGME.,"After acceptance, the PGME office provides instructions for applying for a work permit.","Educational licensure with the College of Physicians and Surgeons of Alberta (CPSA), arranged through PGME after acceptance.","One-year cardiothoracic fellowships with dedicated pulmonary and cardiac CT training, plus a dedicated cardiac MRI fellowship at the Stephenson Cardiovascular Imaging Centre (up to 3,600 CMR cases a year).",3 October 2026,https://cumming.ucalgary.ca/departments/radiology/fellowship-programs-cardiac-and-thoracic-imaging-fellowship | https://cumming.ucalgary.ca/departments/radiology/education-training/fellowship-programs-how-applyfaq | https://cumming.ucalgary.ca/departments/radiology/education/fellowship-programs
/programs/musculoskeletal-imaging-fellowship-university-of-calgary,Musculoskeletal Imaging Fellowship,"University of Calgary, Cumming School of Medicine",Radiology,Musculoskeletal imaging,"Department of Radiology, University of Calgary (Foothills Medical Centre)",Canada,Calgary,Alberta,Clinical Fellowship,1 year,1 July,Rolling offers for 1 July starts: Canadian graduates should apply at least 10–12 months before 1 July; international medical graduates at least 18–24 months before 1 July.,Not stated on official page,Welcomes domestic and international fellows; sponsored fellows must apply via sponsoring agencies with an active PGME educational contract; English proficiency evidence (IELTS Academic 7.0 in each band or OET Medicine grade B) required where medical school was not primarily in English.,Not stated on official page,"Online application form with CV, personal letter and three reference letters emailed by referees to radiology.fellowship@ucalgary.ca; sponsored trainees apply via their sponsoring agency through the PGME office.",2 per year,Programme receives ongoing funding support from EFW Radiology; sponsored positions accepted via PGME.,"After acceptance, the PGME office provides instructions for applying for a work permit.","Educational licensure with the College of Physicians and Surgeons of Alberta (CPSA), arranged through PGME after acceptance.","A one-year fellowship providing comprehensive training in imaging of musculoskeletal disease, including sports injuries, trauma, orthopaedic oncology and arthritis, with a busy MSK ultrasound and procedures practice.",3 October 2026,https://cumming.ucalgary.ca/departments/radiology/fellowship-programs-musculoskeletal-imaging-fellowship | https://cumming.ucalgary.ca/departments/radiology/education-training/fellowship-programs-how-applyfaq | https://cumming.ucalgary.ca/departments/radiology/education/fellowship-programs
/programs/paediatric-radiology-fellowship-university-of-calgary-alberta-childrens-hospital,Pediatric Radiology Fellowship,"University of Calgary, Cumming School of Medicine",Radiology,Paediatric radiology,"Pediatric Medical Imaging, Department of Radiology, University of Calgary (Alberta Children's Hospital)",Canada,Calgary,Alberta,Clinical Fellowship,1 or 2 years,1 July,Rolling offers for 1 July starts: Canadian graduates should apply at least 10–12 months before 1 July; international medical graduates at least 18–24 months before 1 July.,MD or equivalent and radiology certification from the Royal College of Physicians and Surgeons of Canada or equivalent; IMGs who meet CPSA English proficiency requirements are welcome to apply.,Welcomes domestic and international fellows; sponsored fellows must apply via sponsoring agencies with an active PGME educational contract; English proficiency evidence (IELTS Academic 7.0 in each band or OET Medicine grade B) required where medical school was not primarily in English.,Not stated on official page,"Online application form with CV, personal letter and three reference letters emailed by referees to radiology.fellowship@ucalgary.ca; sponsored trainees apply via their sponsoring agency through the PGME office.",Not stated on official page,Programme receives ongoing funding support from EFW Radiology; sponsored positions accepted via PGME.,"After acceptance, the PGME office provides instructions for applying for a work permit.","Educational licensure with the College of Physicians and Surgeons of Alberta (CPSA), arranged through PGME after acceptance.","One- and two-year comprehensive pediatric radiology fellowships at the Alberta Children's Hospital, a 150-bed tertiary children's hospital, covering all imaging modalities.",3 October 2026,https://cumming.ucalgary.ca/departments/radiology/education-training/fellowship-programs/fellowship-programs-pediatric-radiology | https://cumming.ucalgary.ca/departments/radiology/education-training/fellowship-programs-how-applyfaq | https://cumming.ucalgary.ca/departments/radiology/education/fellowship-programs
/programs/esor-research-fellowship-chest-radiology-heidelberg,ESOR Research Fellowship in Chest Radiology (Heidelberg),Heidelberg University Medical Center,Radiology,Cardiothoracic imaging,Diagnostic and Interventional Radiology – Translational Lung Research Center (TLRC) Imaging Platform,Germany,Heidelberg,Baden-Württemberg,Research Fellowship,12 months (1 October – 1 October),1 October (2025/26 cycle: 1 October 2025 – 1 October 2026),Applications currently closed (per ESOR page).,"Recently board-certified radiologist (within three years, under age 36) residing in Europe and a full ESR member, pursuing chest radiology subspecialisation; advanced English and basic German required.",Restricted to radiologists residing in Europe; candidates should apply to institutions outside their country of residence/work.,Certificate from ESR/ESOR and Heidelberg University Medical Center on completion; 'Dr. med.' or 'Dr. sc. hum.' obtainable if academic requirements are met.,"Email application to ESOR as a single PDF (motivation letter, ESOR CV, recommendation letters, certifications, language certificates, publications, ESR membership proof, passport); Skype interview.",1 place,"Grant of €23,000 from the training centre, paid monthly via ESOR.","The fellow is responsible for his/her own visa, work permit and insurance; the training centre helps with organisational details.",Not stated on official page,"A 12-month research fellowship at the Heidelberg TLRC imaging platform working on airway disease, lung cancer, inflammation/infection and pulmonary vascular disease projects using CT, MRI and PET hybrid imaging.",3 October 2026,https://www.esor.org/training-exchange-programmes/recently-certified/one-or-two-year-fellowships-fellowships-overseas-europe/research-fellowship-in-chest-radiology/ | https://www.esor.org/training-exchange-programmes/recently-certified/one-or-two-year-fellowships-fellowships-overseas-europe/
/programs/esor-eshi-hybrid-imaging-exchange-fellowship-lmu-munich,ESOR/ESHI Exchange Programme for Hybrid Imaging Fellowship (Munich),LMU University Hospital Munich (Klinikum der Universität München),Radiology,Nuclear medicine,"Hybrid imaging (PET/CT, SPECT/CT, PET/MR) – host training centre",Germany,Munich,Bavaria,Exchange Fellowship,3 months,Second half of the year (to be completed by end of 2026),Not stated on official page,Radiologists within the first three to four years after certification wishing to subspecialise; knowledge of current clinical practice in cross-sectional imaging; fluent in English; active ESR and ESHI memberships.,Open to ESR/ESHI members; ESOR exchange programmes require training outside the applicant's country of residence/work.,Certificate from ESR/ESOR and ESHI on receipt of a written report.,"Via the MyESR portal ('Exchange Programmes for Fellowships'): single PDF with motivation letter, ESOR-format CV, board certification (no more than 4 years old) and at least two recommendation letters; choose preferred training centre.",One programme offered in 2026 (centres: Munich or Cambridge),"€3,500 grant (ESHI and ESR/ESOR) on completion, towards travel and accommodation.",Not stated on official page,Not stated on official page,"A three-month structured, mentored exchange giving intense modular training in PET/CT, SPECT/CT and PET/MR, including tracer production and image data processing, at LMU Munich.",3 October 2026,https://www.eshi-society.org/fellowship/
/programs/esor-eshi-hybrid-imaging-exchange-fellowship-addenbrookes-cambridge,ESOR/ESHI Exchange Programme for Hybrid Imaging Fellowship (Cambridge),Addenbrooke's Hospital and University of Cambridge,Radiology,Nuclear medicine,"Hybrid imaging (PET/CT, SPECT/CT, PET/MR) – host training centre",United Kingdom,Cambridge,England,Exchange Fellowship,3 months,Second half of the year (to be completed by end of 2026),Not stated on official page,Radiologists within the first three to four years after certification wishing to subspecialise; knowledge of current clinical practice in cross-sectional imaging; fluent in English; active ESR and ESHI memberships.,Open to ESR/ESHI members; ESOR exchange programmes require training outside the applicant's country of residence/work.,Certificate from ESR/ESOR and ESHI on receipt of a written report.,"Via the MyESR portal ('Exchange Programmes for Fellowships'): single PDF with motivation letter, ESOR-format CV, board certification (no more than 4 years old) and at least two recommendation letters; choose preferred training centre.",One programme offered in 2026 (centres: Munich or Cambridge),"€3,500 grant (ESHI and ESR/ESOR) on completion, towards travel and accommodation.",Not stated on official page,Not stated on official page,"A three-month structured, mentored exchange giving intense modular training in PET/CT, SPECT/CT and PET/MR, including tracer production and image data processing, at Addenbrooke's Hospital, Cambridge.",3 October 2026,https://www.eshi-society.org/fellowship/
/programs/esor-clinical-fellowship-prostate-imaging-zurich,ESOR Clinical Fellowship in Prostate Imaging (Zurich),Hirslanden Clinic Zurich / Octorad AG,Radiology,Abdominal imaging,Radiology (Octorad AG with Hirslanden Clinic and Klinik im Park),Switzerland,Zurich,Canton of Zurich,Clinical Fellowship,12 months (1 October – 1 October),1 October (2025/26 cycle),Applications currently closed (per ESOR page).,"Late radiology trainee or radiologist within three years of board certification, residing in Europe, full ESR member, pursuing abdominal radiology with focus on prostate imaging; advanced German and basic English required.",Restricted to applicants residing in Europe; candidates should apply to institutions outside their country of residence/work.,Certificate from ESR/ESOR and Octorad AG with Hirslanden Clinic on completion.,"Email application as a single PDF (motivation letter, ESOR CV, recommendation letters, certifications, language certificate, insurance proof, publications, ESR membership, passport); online interview.",1,"€23,000 gross grant from the training centre, paid monthly via ESOR; fellow covers own expenses and health insurance.","Fellow is responsible for visa, work permit, insurance and accommodation; the centre helps with organisational details.",Not stated on official page,"A 12-month prostate imaging fellowship at Switzerland's highest-volume prostate MRI centre (over 2,500 examinations a year) including supervised CT/MRI reporting, PSMA-PET/CT and uro-oncologic conferences.",3 October 2026,https://www.esor.org/training-exchange-programmes/recently-certified/one-or-two-year-fellowships-fellowships-overseas-europe/clinical-fellowship-in-prostate-imaging/ | https://www.esor.org/training-exchange-programmes/recently-certified/one-or-two-year-fellowships-fellowships-overseas-europe/
/programs/pet-ct-imaging-fellowship-university-hospital-zurich,Fellowship in PET/CT Imaging,University Hospital Zurich (USZ),Radiology,Nuclear medicine,"Department of Nuclear Medicine, University Hospital Zurich",Switzerland,Zurich,Canton of Zurich,Short-term Clinical Fellowship,Minimum 4 weeks (can be split into two 2-week blocks),Dates on request,Not stated on official page,Designed for nuclear medicine specialists and diagnostic radiologists; basic English proficiency; entry requirements in the programme PDF.,Internationally attended: over 400 fellows from many countries since 2007.,Not stated on official page,Registration with the USZ Department of Nuclear Medicine (HybridFellowship@usz.ch).,2–6 fellows at a time,"Fee: CHF 4,500 for 4 weeks.",Not stated on official page,Not stated on official page,"A fully structured hybrid PET fellowship where fellows read 200–400 supervised PET/CT and PET/MR cases over four weeks with daily lectures, case discussions and special tracer days.",3 October 2026,https://www.usz.ch/en/clinic/nuclear-medicine/about-us/education-fellowship/fellowship-in-pet-ct-imaging/ | https://www.usz.ch/en/department/nuclear-medicine/about-us/education-fellowship/
/programs/cardiac-ct-pet-hybrid-imaging-fellowship-university-hospital-zurich,"Fellowship in Cardiac CT, PET and Hybrid Imaging",University Hospital Zurich (USZ),Radiology,Cardiac imaging,"Department of Nuclear Medicine (Cardiac Imaging), University Hospital Zurich",Switzerland,Zurich,Canton of Zurich,Short-term Clinical Fellowship,Typically 2 weeks,Dates on request,Not stated on official page,Basic English knowledge required.,Not stated on official page,Not stated on official page,Registration with the USZ Department of Nuclear Medicine.,No more than 2 fellows per period,"Fee: CHF 2,400 per 2 weeks.",Not stated on official page,Not stated on official page,"A hands-on fellowship in cardiac PET myocardial perfusion and inflammation imaging, coronary CT angiography, calcium scoring and cardiac hybrid imaging with daily lectures and case review.",3 October 2026,https://www.usz.ch/en/clinic/nuclear-medicine/about-us/education-fellowship/fellowship-in-cardiac-spect-ct-pet-and-hybrid-imaging/ | https://www.usz.ch/en/department/nuclear-medicine/about-us/education-fellowship/
/programs/cirse-fellowship-grant-interventional-neuroradiology-az-groeninge-kortrijk,CIRSE Fellowship Grant – Interventional Neuroradiology Training Centre (AZ Groeninge),AZ Groeninge,Radiology,Interventional neuroradiology,Interventional Neuroradiology,Belgium,Kortrijk,West Flanders,Visiting Fellowship (grant-funded),One month,Not stated on official page,2026 funding cycle closed; call for the 2027 cycle to be made at the end of 2026.,CIRSE members; stay must be at a European centre outside the applicant's country of residence.,Open to CIRSE members from other countries (stay must be outside the applicant's country of residence).,CIRSE Recommended Training Centre,"Request centre contact details from CIRSE (up to three centres), arrange with the centre, then apply via the CIRSE online application portal; reviewed by an independent board (one application per funding cycle).",Not stated on official page,"CIRSE grant of €3,000 for a one-month stay.",Not stated on official page,Not stated on official page,"A CIRSE-recommended training centre offering daily interventional (embolisation, oncology, vertebroplasty, biopsies) and neurointerventional (cerebral embolisation, thrombectomy) programmes with weekly case discussions and IR/INR consultations.",3 October 2026,https://www.cirse.org/society/fellowship-grant-programme-3/recommended-training-centres/ | https://www.cirse.org/society/fellowship-grant-programme-3/about-the-programme/ | https://www.cirse.org/society/fellowship-grant-programme-3/application-process/
/programs/cirse-fellowship-grant-interventional-radiology-geneva-university-hospitals,CIRSE Fellowship Grant – Interventional Radiology Training Centre (HUG Geneva),University Hospitals of Geneva (HUG),Radiology,Interventional radiology,Abdominal and Interventional Radiology Unit,Switzerland,Geneva,Canton of Geneva,Visiting Fellowship (grant-funded),One month,Not stated on official page,2026 funding cycle closed; call for the 2027 cycle to be made at the end of 2026.,CIRSE members; stay must be at a European centre outside the applicant's country of residence.,Open to CIRSE members from other countries (stay must be outside the applicant's country of residence).,CIRSE Recommended Training Centre,"Request centre contact details from CIRSE (up to three centres), arrange with the centre, then apply via the CIRSE online application portal; reviewed by an independent board (one application per funding cycle).",Not stated on official page,"CIRSE grant of €3,000 for a one-month stay.",Not stated on official page,Not stated on official page,"A CIRSE-recommended IR training centre within a major university hospital radiology department with a 24/7 interventional service, two angio suites and expertise in vascular IR, interventional oncology and paediatric IR.",3 October 2026,https://www.cirse.org/society/fellowship-grant-programme-3/recommended-training-centres/ | https://www.cirse.org/society/fellowship-grant-programme-3/about-the-programme/ | https://www.cirse.org/society/fellowship-grant-programme-3/application-process/
/programs/imgti-cross-sectional-imaging-fellowship-university-hospital-waterford,IMGTI Cross-sectional Imaging Fellowship,University Hospital Waterford,Radiology,Cross-sectional imaging,"Radiology Department, University Hospital Waterford",Ireland,Waterford,County Waterford,Clinical Fellowship,12 months,Not stated on official page,"Most recent closing date stated on the Faculty page: 2 June 2023, 12 noon (check for current cycle).","Fellowship of the Faculty of Radiologists and Radiation Oncologists or equivalent qualification (e.g. Saudi Boards); four years of accredited training completed before commencement; registered or eligible for registration on the Supervised Division of the Irish Medical Council register; IELTS 7.0 overall (6.5 in each band) or OET grade B in all categories, test-centre results only.","Delivered through the International Medical Graduate Training Initiative (HSE / Forum of Irish Postgraduate Medical Training Bodies), aimed primarily at doctors from countries with less developed health sectors; trainees are expected to return to their country of origin after training.",Faculty of Radiologists and Radiation Oncologists (RCSI) – IMG Training Initiative,"Faculty of Radiologists IMGTI application form, declaration and post-ranking form submitted as one PDF by email, with separate application payment form; interview process.",Not stated on official page,Not stated on official page,Successful candidates must obtain an atypical visa and work permit before appointment.,Supervised registration with the Irish Medical Council; medical indemnity certificate; registration with the Faculty's Professional Competence Scheme.,"A cross-sectional imaging fellowship training post at an NCCP-designated cancer centre giving extensive CT and MRI experience with emphasis on oncological, abdominal, gynaecology, head and neck and emergency imaging.",3 October 2026,https://radiology.ie/training/international-medical-graduates1 | https://radiology.ie/images/IMGTI_Job_Descriptions_2023.pdf
/programs/imgti-emergency-radiology-cardiac-imaging-fellowship-mater-misericordiae,IMGTI Emergency Radiology with Cardiac Imaging Fellowship,Mater Misericordiae University Hospital,Radiology,Emergency radiology,"Department of Radiology, Mater Misericordiae University Hospital",Ireland,Dublin,County Dublin,Clinical Fellowship,12 months,Not stated on official page,"Most recent closing date stated on the Faculty page: 2 June 2023, 12 noon (check for current cycle).","Fellowship of the Faculty of Radiologists and Radiation Oncologists or equivalent qualification (e.g. Saudi Boards); four years of accredited training completed before commencement; registered or eligible for registration on the Supervised Division of the Irish Medical Council register; IELTS 7.0 overall (6.5 in each band) or OET grade B in all categories, test-centre results only.","Delivered through the International Medical Graduate Training Initiative (HSE / Forum of Irish Postgraduate Medical Training Bodies), aimed primarily at doctors from countries with less developed health sectors; trainees are expected to return to their country of origin after training.",Faculty of Radiologists and Radiation Oncologists (RCSI) – IMG Training Initiative,"Faculty of Radiologists IMGTI application form, declaration and post-ranking form submitted as one PDF by email, with separate application payment form; interview process.",1 position,Not stated on official page,Successful candidates must obtain an atypical visa and work permit before appointment.,Supervised registration with the Irish Medical Council; medical indemnity certificate; registration with the Faculty's Professional Competence Scheme.,"A 12-month fifth-year fellowship for international medical graduates based mainly in Ireland's busiest emergency department, with dedicated cardiac CT and MR reporting sessions at the National Centre for cardiothoracic surgery.",3 October 2026,https://radiology.ie/training/international-medical-graduates1 | https://radiology.ie/images/IMGTI_Job_Descriptions_2023.pdf
/programs/imgti-interventional-radiology-fellowship-st-vincents-university-hospital,IMGTI Fellowship in Interventional Radiology (with or without Cardiovascular CT/MRI),St Vincent's University Hospital,Radiology,Interventional radiology,"Department of Radiology, St Vincent's University Hospital",Ireland,Dublin,County Dublin,Clinical Fellowship,12 months,Not stated on official page,"Most recent closing date stated on the Faculty page: 2 June 2023, 12 noon (check for current cycle).","Fellowship of the Faculty of Radiologists and Radiation Oncologists or equivalent qualification (e.g. Saudi Boards); four years of accredited training completed before commencement; registered or eligible for registration on the Supervised Division of the Irish Medical Council register; IELTS 7.0 overall (6.5 in each band) or OET grade B in all categories, test-centre results only.","Delivered through the International Medical Graduate Training Initiative (HSE / Forum of Irish Postgraduate Medical Training Bodies), aimed primarily at doctors from countries with less developed health sectors; trainees are expected to return to their country of origin after training.",Faculty of Radiologists and Radiation Oncologists (RCSI) – IMG Training Initiative,"Faculty of Radiologists IMGTI application form, declaration and post-ranking form submitted as one PDF by email, with separate application payment form; interview process.",1 IR fellow per year,Not stated on official page,Successful candidates must obtain an atypical visa and work permit before appointment.,Supervised registration with the Irish Medical Council; medical indemnity certificate; registration with the Faculty's Professional Competence Scheme.,"A tailored interventional radiology fellowship, with optional cardiovascular CT/MRI, at a 500-bed Dublin teaching hospital with one IR fellow per year and no competition for cases.",3 October 2026,https://radiology.ie/training/international-medical-graduates1 | https://radiology.ie/images/IMGTI_Job_Descriptions_2023.pdf
/programs/imgti-body-trauma-emergency-stroke-fellowship-tallaght-university-hospital,IMGTI Body/Trauma & Emergency/Stroke Fellowship,Tallaght University Hospital,Radiology,Abdominal imaging,"Department of Radiology, Tallaght University Hospital",Ireland,Dublin,County Dublin,Clinical Fellowship,12 months,Not stated on official page,"Most recent closing date stated on the Faculty page: 2 June 2023, 12 noon (check for current cycle).","Fellowship of the Faculty of Radiologists and Radiation Oncologists or equivalent qualification (e.g. Saudi Boards); four years of accredited training completed before commencement; registered or eligible for registration on the Supervised Division of the Irish Medical Council register; IELTS 7.0 overall (6.5 in each band) or OET grade B in all categories, test-centre results only.","Delivered through the International Medical Graduate Training Initiative (HSE / Forum of Irish Postgraduate Medical Training Bodies), aimed primarily at doctors from countries with less developed health sectors; trainees are expected to return to their country of origin after training.",Faculty of Radiologists and Radiation Oncologists (RCSI) – IMG Training Initiative,"Faculty of Radiologists IMGTI application form, declaration and post-ranking form submitted as one PDF by email, with separate application payment form; interview process.",Not stated on official page,Not stated on official page,Successful candidates must obtain an atypical visa and work permit before appointment.,Supervised registration with the Irish Medical Council; medical indemnity certificate; registration with the Faculty's Professional Competence Scheme.,"A one-year structured fellowship in cross-sectional body, trauma and stroke imaging at a Trinity College Dublin-affiliated national trauma unit, with clinical, research and teaching components.",3 October 2026,https://radiology.ie/training/international-medical-graduates1 | https://radiology.ie/images/IMGTI_Job_Descriptions_2023.pdf
/programs/imgti-nuclear-medicine-pet-ct-fellowship-cork-university-hospital,IMGTI Fellowship in Nuclear Medicine/PET-CT,Cork University Hospital,Radiology,Nuclear medicine,"Department of Radiology, Cork University Hospital",Ireland,Cork,County Cork,Clinical Fellowship,12 months,Not stated on official page,"Most recent closing date stated on the Faculty page: 2 June 2023, 12 noon (check for current cycle).","Fellowship of the Faculty of Radiologists and Radiation Oncologists or equivalent qualification (e.g. Saudi Boards); four years of accredited training completed before commencement; registered or eligible for registration on the Supervised Division of the Irish Medical Council register; IELTS 7.0 overall (6.5 in each band) or OET grade B in all categories, test-centre results only.","Delivered through the International Medical Graduate Training Initiative (HSE / Forum of Irish Postgraduate Medical Training Bodies), aimed primarily at doctors from countries with less developed health sectors; trainees are expected to return to their country of origin after training.",Faculty of Radiologists and Radiation Oncologists (RCSI) – IMG Training Initiative,"Faculty of Radiologists IMGTI application form, declaration and post-ranking form submitted as one PDF by email, with separate application payment form; interview process.",Not stated on official page,Not stated on official page,Successful candidates must obtain an atypical visa and work permit before appointment.,Supervised registration with the Irish Medical Council; medical indemnity certificate; registration with the Faculty's Professional Competence Scheme.,A one-year fellowship preparing a radiologist to practise independently across the full scope of nuclear medicine and PET-CT at the largest regional cancer centre in the south of Ireland.,3 October 2026,https://radiology.ie/training/international-medical-graduates1 | https://radiology.ie/images/IMGTI_Job_Descriptions_2023.pdf
/programs/aspire-paediatric-oncologic-imaging-fellowship-childrens-health-ireland,ASPIRE Post-CSCST Fellowship in Advanced Oncologic Imaging in Paediatric Radiology,Children's Health Ireland (Crumlin and Temple Street),Radiology,Paediatric radiology,"Radiology, Children's Health Ireland at Crumlin and Temple Street",Ireland,Dublin,County Dublin,Clinical Fellowship,12 months,July (2025 cycle: July 2025 – July 2026),Not stated on official page,"Hold a CSCST from an Irish postgraduate training body and be within three years of completing Higher Specialist Training (July 2025), or have entered the specialist division of the Medical Council of Ireland register within two years.",Restricted to holders of a CSCST from an Irish postgraduate training body.,Faculty of Radiologists and Radiation Oncologists (RCSI) – ASPIRE Post-CSCST Fellowship,Faculty of Radiologists ASPIRE Post-CSCST Fellowship process; contact the supervising consultant for information.,1,SpR salary for the duration of the fellowship.,Not stated on official page,Medical Council of Ireland registration (specialist division eligibility).,"A 12-month tailored post-CSCST fellowship in advanced paediatric oncologic imaging across CHI hospitals, with tumour board participation, AI-related research and one protected research day per week.",3 October 2026,https://radiology.ie/images/ASPIRE_2025_Job_Descriptions_.pdf
/programs/aspire-interventional-radiology-fellowship-galway-university-hospital,"ASPIRE Post-CSCST Fellowship in Interventional Radiology (Venous, Biliary and Interventional Oncology)",Galway University Hospital,Radiology,Interventional radiology,"Interventional Radiology, Galway University Hospital",Ireland,Galway,County Galway,Clinical Fellowship,Not stated on official page,Not stated on official page,Not stated on official page,Not stated on official page,Offered as an ASPIRE Post-CSCST Fellowship (post-Irish higher specialist training); no international-specific information stated.,Faculty of Radiologists and Radiation Oncologists (RCSI) – ASPIRE Post-CSCST Fellowship,Faculty of Radiologists ASPIRE Post-CSCST Fellowship process; contact the supervising consultant for information.,Not stated on official page,Not stated on official page,Not stated on official page,Not stated on official page,"A post-CSCST interventional radiology fellowship at the tertiary referral centre for the west of Ireland with a special interest in venous disease, biliary disease and interventional oncology, including outpatient IR clinics.",3 October 2026,https://radiology.ie/images/ASPIRE_2025_Job_Descriptions_.pdf
/programs/abdominal-imaging-non-vascular-intervention-fellowship-mcgill,Abdominal Imaging and Non-Vascular Intervention Fellowship,McGill University Health Centre (McGill University),Radiology,Abdominal imaging,"Department of Diagnostic Radiology, McGill University",Canada,Montreal,Quebec,Clinical Fellowship,1 year,Not stated on official page,"Official application page states: 'Application process for 2026-2027 is now open up until September 1, 2024' (confirm current cycle with the department).",Completed an accredited Diagnostic Radiology training programme by the fellowship start date and hold a specialist certificate from country of origin.,Eligibility is based on a specialist certificate from the candidate's country of origin; no further international-specific conditions stated.,Not stated on official page,McGill on-line application form; maximum of 2 fellowships applied for simultaneously.,Not stated on official page,Not stated on official page,Not stated on official page,Not stated on official page,"A one-year abdominal imaging fellowship at the Montreal General and Royal Victoria hospitals combining US, CT and MRI interpretation with US- and CT-guided non-vascular procedures.",3 October 2026,https://www.mcgill.ca/radiology/education/fellowship-program/clinical/abdominal-imaging-non-vascular-intervention | https://www.mcgill.ca/radiology/education/fellowship-program/application-process
/programs/breast-imaging-fellowship-mcgill,Breast Imaging Fellowship,McGill University Health Centre (McGill University),Radiology,Breast imaging,"Department of Diagnostic Radiology, McGill University",Canada,Montreal,Quebec,Clinical Fellowship,1 year,Not stated on official page,"Official application page states: 'Application process for 2026-2027 is now open up until September 1, 2024' (confirm current cycle with the department).",Completed an accredited Diagnostic Radiology training programme by the fellowship start date and hold a specialist certificate from country of origin.,Eligibility is based on a specialist certificate from the candidate's country of origin; no further international-specific conditions stated.,Not stated on official page,McGill on-line application form; maximum of 2 fellowships applied for simultaneously.,Not stated on official page,Not stated on official page,Not stated on official page,Not stated on official page,"A one-year breast imaging fellowship at the Cedars Breast Clinic of the Royal Victoria Hospital covering mammography, breast ultrasound and MRI, and US-, stereotactic- and MRI-guided biopsies.",3 October 2026,https://www.mcgill.ca/radiology/education/fellowship-program/clinical/breast-imaging | https://www.mcgill.ca/radiology/education/fellowship-program/application-process
/programs/interventional-radiology-fellowship-mcgill,Interventional Radiology Fellowship,McGill University Health Centre (McGill University),Radiology,Interventional radiology,"Department of Diagnostic Radiology, McGill University",Canada,Montreal,Quebec,Clinical Fellowship,1 or 2 years,Not stated on official page,"Official application page states: 'Application process for 2026-2027 is now open up until September 1, 2024' (confirm current cycle with the department).",Completed an accredited Diagnostic Radiology training programme by the fellowship start date and hold a specialist certificate from country of origin.,Eligibility is based on a specialist certificate from the candidate's country of origin; no further international-specific conditions stated.,Not stated on official page,McGill on-line application form; maximum of 2 fellowships applied for simultaneously.,Up to 5 fellows simultaneously,Not stated on official page,Not stated on official page,Not stated on official page,"A one- or two-year fellowship at the MUHC offering exposure to all areas of vascular and non-vascular diagnostic and interventional image-guided procedures across the RVH, MGH, MCH and JGH sites.",3 October 2026,https://www.mcgill.ca/radiology/education/fellowship-program/clinical/interventional | https://www.mcgill.ca/radiology/education/fellowship-program/application-process
/programs/musculoskeletal-radiology-fellowship-mcgill,Musculoskeletal Radiology Fellowship,McGill University Health Centre (McGill University),Radiology,Musculoskeletal imaging,"Department of Diagnostic Radiology, McGill University",Canada,Montreal,Quebec,Clinical Fellowship,1 year,Not stated on official page,"Official application page states: 'Application process for 2026-2027 is now open up until September 1, 2024' (confirm current cycle with the department).",Completed an accredited Diagnostic Radiology training programme by the fellowship start date and hold a specialist certificate from country of origin.,Eligibility is based on a specialist certificate from the candidate's country of origin; no further international-specific conditions stated.,Not stated on official page,McGill on-line application form; maximum of 2 fellowships applied for simultaneously.,Not stated on official page,Not stated on official page,Not stated on official page,Not stated on official page,"A one-year fellowship dedicated to imaging of the joints and soft tissues, including MRI, CT, ultrasound, interventions and consultations for orthopaedics, oncology, rheumatology and sports medicine.",3 October 2026,https://www.mcgill.ca/radiology/education/fellowship-program/clinical/musculoskeletal | https://www.mcgill.ca/radiology/education/fellowship-program/application-process
/programs/paediatric-radiology-fellowship-mcgill,Pediatric Radiology Fellowship,McGill University Health Centre (McGill University),Radiology,Paediatric radiology,"Department of Diagnostic Radiology, McGill University",Canada,Montreal,Quebec,Clinical Fellowship,1 or 2 years,Not stated on official page,"Official application page states: 'Application process for 2026-2027 is now open up until September 1, 2024' (confirm current cycle with the department).",Completed an accredited Diagnostic Radiology training programme by the fellowship start date and hold a specialist certificate from country of origin.,Eligibility is based on a specialist certificate from the candidate's country of origin; no further international-specific conditions stated.,Not stated on official page,McGill on-line application form; maximum of 2 fellowships applied for simultaneously.,Not stated on official page,Not stated on official page,Not stated on official page,Not stated on official page,"A pediatric radiology fellowship giving increasing responsibility across ultrasound, GI/GU, MSK, chest, neuroradiology and basic interventional imaging in children.",3 October 2026,https://www.mcgill.ca/radiology/education/fellowship-program/clinical/pediatric-radiology | https://www.mcgill.ca/radiology/education/fellowship-program/application-process
/programs/thoracic-imaging-fellowship-mcgill,Thoracic Imaging Fellowship,McGill University Health Centre (McGill University),Radiology,Cardiothoracic imaging,"Department of Diagnostic Radiology, McGill University",Canada,Montreal,Quebec,Clinical Fellowship,1 year (12 months),Not stated on official page,"Official application page states: 'Application process for 2026-2027 is now open up until September 1, 2024' (confirm current cycle with the department).",Completed an accredited Diagnostic Radiology training programme by the fellowship start date and hold a specialist certificate from country of origin.,Eligibility is based on a specialist certificate from the candidate's country of origin; no further international-specific conditions stated.,Not stated on official page,McGill on-line application form; maximum of 2 fellowships applied for simultaneously.,Not stated on official page,Not stated on official page,Not stated on official page,Not stated on official page,"A 12-month thoracic diagnostic imaging and intervention fellowship at the MUHC Glen and Montreal General Hospital sites, including CT-guided transthoracic needle biopsies and drainages.",3 October 2026,https://www.mcgill.ca/radiology/education/fellowship-program/clinical/thoracic-radiology | https://www.mcgill.ca/radiology/education/fellowship-program/application-process
/programs/interventional-neuroradiology-fellowship-mcgill,Neuro Interventional (Interventional Neuroradiology) Fellowship,McGill University Health Centre (McGill University),Radiology,Interventional neuroradiology,"Department of Diagnostic Radiology, McGill University",Canada,Montreal,Quebec,Clinical Fellowship,2 years,Not stated on official page,"Official application page states: 'Application process for 2026-2027 is now open up until September 1, 2024' (confirm current cycle with the department).",Completed specialty training in Diagnostic Radiology (a solid background in diagnostic neuroradiology is an asset); hold a specialist certificate from country of origin.,Eligibility is based on a specialist certificate from the candidate's country of origin; no further international-specific conditions stated.,Not stated on official page,McGill on-line application form; maximum of 2 fellowships applied for simultaneously.,Not stated on official page,Not stated on official page,Not stated on official page,Not stated on official page,A two-year interventional neuroradiology fellowship at the Montreal Neurological Hospital site of the MUHC covering endovascular treatment of CNS vascular lesions and tumours and percutaneous spine procedures.,3 October 2026,https://www.mcgill.ca/radiology/education/fellowship-program/clinical/interventional-neuroradiology | https://www.mcgill.ca/radiology/education/fellowship-program/application-process
/programs/abdominal-imaging-fellowship-university-of-toronto-jdmi,Abdominal Imaging Fellowship (JDMI),University of Toronto,Radiology,Abdominal imaging,"Joint Department of Medical Imaging (UHN, Sinai Health, Women's College Hospital)",Canada,Toronto,Ontario,Clinical Fellowship,1 year,Not stated on official page,2028–2029 cycle: online applications opened 6 April 2026 and closed 9 August 2026; reference letters due 23 August 2026; interviews September 2026 – January 2027.,"Proficient in written and spoken English; completed an accredited radiology training programme; certified by the Royal College of Physicians and Surgeons of Canada in Diagnostic Imaging, American Board of Radiology certified/eligible, or equivalent qualifications (CPSO uses the GMC directory to recognise specialty certification).","Eligible with equivalent radiology certification; Sponsored positions available for trainees funded by agencies from Bahrain, Kuwait, Oman, Qatar, Saudi Arabia and UAE.",University of Toronto Department of Medical Imaging fellowship (certificate),"Online Fellowship Application System (University of Toronto Department of Medical Imaging): CV, candidate letter, proof of certification and three reference letters (one from the residency programme director), all in PDF; up to 2 programmes on one form.",14 positions annually,"Applicants must secure CAD $85,564.01/annum as training salary; positions are Funded (supervisor, hospital, grant, endowment or international agency) or Sponsored (agencies from Bahrain, Kuwait, Oman, Qatar, Saudi Arabia, UAE only); self-funding from personal funds is not acceptable.",Not stated on official page,Not stated on official page,"A one-year multimodality cross-sectional abdominal imaging fellowship rotating through Mount Sinai, Princess Margaret, Toronto General, Toronto Western and Women's College hospitals, with dedicated MRI, CT, ultrasound, image-guided procedures and CT colonography.",3 October 2026,https://medical-imaging.utoronto.ca/fellowship-offered | https://medical-imaging.utoronto.ca/application-process-fellowship
/programs/abdominal-imaging-fellowship-sunnybrook-health-sciences-centre,Abdominal Imaging Fellowship (Sunnybrook),"Sunnybrook Health Sciences Centre, University of Toronto",Radiology,Abdominal imaging,"Department of Medical Imaging, Sunnybrook Health Sciences Centre",Canada,Toronto,Ontario,Clinical Fellowship,1 year,Not stated on official page,2028–2029 cycle: online applications opened 6 April 2026 and closed 9 August 2026; reference letters due 23 August 2026; interviews September 2026 – January 2027.,"Proficient in written and spoken English; completed an accredited radiology training programme; certified by the Royal College of Physicians and Surgeons of Canada in Diagnostic Imaging, American Board of Radiology certified/eligible, or equivalent qualifications (CPSO uses the GMC directory to recognise specialty certification).","Eligible with equivalent radiology certification; Sponsored positions available for trainees funded by agencies from Bahrain, Kuwait, Oman, Qatar, Saudi Arabia and UAE.",University of Toronto Department of Medical Imaging fellowship (certificate),"Online Fellowship Application System (University of Toronto Department of Medical Imaging): CV, candidate letter, proof of certification and three reference letters (one from the residency programme director), all in PDF; up to 2 programmes on one form.",4 positions annually,"Applicants must secure CAD $85,564.01/annum as training salary; positions are Funded (supervisor, hospital, grant, endowment or international agency) or Sponsored (agencies from Bahrain, Kuwait, Oman, Qatar, Saudi Arabia, UAE only); self-funding from personal funds is not acceptable.",Not stated on official page,Not stated on official page,"A comprehensive abdominal imaging fellowship at Canada's largest regional trauma centre with a strong oncology focus, covering ultrasound, multidetector CT, MRI and US/CT-guided biopsies and drainages.",3 October 2026,https://medical-imaging.utoronto.ca/fellowship-offered | https://medical-imaging.utoronto.ca/application-process-fellowship
/programs/breast-imaging-fellowship-university-of-toronto-jdmi,Breast Imaging Fellowship (JDMI),University of Toronto,Radiology,Breast imaging,"Joint Department of Medical Imaging (UHN, Sinai Health, Women's College Hospital)",Canada,Toronto,Ontario,Clinical Fellowship,"12 months (80% clinical, 20% research)",Not stated on official page,2028–2029 cycle: online applications opened 6 April 2026 and closed 9 August 2026; reference letters due 23 August 2026; interviews September 2026 – January 2027.,"Proficient in written and spoken English; completed an accredited radiology training programme; certified by the Royal College of Physicians and Surgeons of Canada in Diagnostic Imaging, American Board of Radiology certified/eligible, or equivalent qualifications (CPSO uses the GMC directory to recognise specialty certification).","Eligible with equivalent radiology certification; Sponsored positions available for trainees funded by agencies from Bahrain, Kuwait, Oman, Qatar, Saudi Arabia and UAE.",University of Toronto Department of Medical Imaging fellowship (certificate),"Online Fellowship Application System (University of Toronto Department of Medical Imaging): CV, candidate letter, proof of certification and three reference letters (one from the residency programme director), all in PDF; up to 2 programmes on one form.",2 funded positions,"Applicants must secure CAD $85,564.01/annum as training salary; positions are Funded (supervisor, hospital, grant, endowment or international agency) or Sponsored (agencies from Bahrain, Kuwait, Oman, Qatar, Saudi Arabia, UAE only); self-funding from personal funds is not acceptable.",Not stated on official page,Not stated on official page,"An integrated multimodality one-year breast imaging fellowship across Mount Sinai, Princess Margaret and Women's College hospitals covering screening and diagnostic mammography, tomosynthesis, ultrasound, MRI and image-guided interventions.",3 October 2026,https://medical-imaging.utoronto.ca/fellowship-offered | https://medical-imaging.utoronto.ca/application-process-fellowship
/programs/cardiac-imaging-fellowship-university-of-toronto-jdmi,Cardiac Imaging Fellowship (JDMI),University of Toronto,Radiology,Cardiac imaging,"Joint Department of Medical Imaging (UHN, Sinai Health, Women's College Hospital) / Peter Munk Cardiac Centre",Canada,Toronto,Ontario,Clinical Fellowship,"12 months (split between cardiac MR and CT; 80% clinical, 20% research)",Not stated on official page,2028–2029 cycle: online applications opened 6 April 2026 and closed 9 August 2026; reference letters due 23 August 2026; interviews September 2026 – January 2027.,"Proficient in written and spoken English; completed an accredited radiology training programme; certified by the Royal College of Physicians and Surgeons of Canada in Diagnostic Imaging, American Board of Radiology certified/eligible, or equivalent qualifications (CPSO uses the GMC directory to recognise specialty certification).","Eligible with equivalent radiology certification; Sponsored positions available for trainees funded by agencies from Bahrain, Kuwait, Oman, Qatar, Saudi Arabia and UAE.",University of Toronto Department of Medical Imaging fellowship (certificate),"Online Fellowship Application System (University of Toronto Department of Medical Imaging): CV, candidate letter, proof of certification and three reference letters (one from the residency programme director), all in PDF; up to 2 programmes on one form.",3 funded positions (possible additional self-funded position),"Applicants must secure CAD $85,564.01/annum as training salary; positions are Funded (supervisor, hospital, grant, endowment or international agency) or Sponsored (agencies from Bahrain, Kuwait, Oman, Qatar, Saudi Arabia, UAE only); self-funding from personal funds is not acceptable.",Not stated on official page,Not stated on official page,A cardiac imaging fellowship integrated within the Peter Munk Cardiac Centre with a large cardiac MR and CT caseload including complex adult congenital heart disease.,3 October 2026,https://medical-imaging.utoronto.ca/fellowship-offered | https://medical-imaging.utoronto.ca/application-process-fellowship
/programs/jdmi-esor-cardiac-imaging-fellowship-university-of-toronto,JDMI–ESOR Cardiac Imaging Fellowship,University of Toronto,Radiology,Cardiac imaging,"Joint Department of Medical Imaging (UHN, Sinai Health, Women's College Hospital) with the European School of Radiology (ESOR)",Canada,Toronto,Ontario,Clinical Fellowship,"12 months (9 months cardiac, 3 months thoracic imaging)",Not stated on official page,Applications open one year in advance and remain open until 30 June each year.,Late radiology trainees or recently board-certified radiologists (within the first three years after board certification).,Applicants apply through ESOR; open to late radiology trainees or radiologists within three years of board certification.,JDMI / European School of Radiology (ESOR) fellowship,Apply through ESOR (European School of Radiology).,1 funded position per year,One funded position per year.,Not stated on official page,Not stated on official page,A funded collaboration between JDMI and the European School of Radiology offering cardiac MR/CT and thoracic imaging training to late radiology trainees or recently board-certified radiologists.,3 October 2026,https://medical-imaging.utoronto.ca/fellowship-offered | https://www.esor.org/training-exchange-programmes/recently-certified/one-or-two-year-fellowships-fellowships-overseas-europe/esor-clinical-fellowship-in-cardiac-imaging/
/programs/cardiothoracic-imaging-fellowship-sunnybrook-health-sciences-centre,Cardiothoracic Imaging Fellowship (Sunnybrook),"Sunnybrook Health Sciences Centre, University of Toronto",Radiology,Cardiothoracic imaging,"Division of Cardiothoracic Imaging, Sunnybrook Health Sciences Centre",Canada,Toronto,Ontario,Clinical Fellowship,12 months (split evenly between cardiac and thoracic services),Not stated on official page,2028–2029 cycle: online applications opened 6 April 2026 and closed 9 August 2026; reference letters due 23 August 2026; interviews September 2026 – January 2027.,"Proficient in written and spoken English; completed an accredited radiology training programme; certified by the Royal College of Physicians and Surgeons of Canada in Diagnostic Imaging, American Board of Radiology certified/eligible, or equivalent qualifications (CPSO uses the GMC directory to recognise specialty certification).","Eligible with equivalent radiology certification; Sponsored positions available for trainees funded by agencies from Bahrain, Kuwait, Oman, Qatar, Saudi Arabia and UAE.",University of Toronto Department of Medical Imaging fellowship (certificate),"Online Fellowship Application System (University of Toronto Department of Medical Imaging): CV, candidate letter, proof of certification and three reference letters (one from the residency programme director), all in PDF; up to 2 programmes on one form.","Up to 3 (2 funded, 1 self-funded)","Applicants must secure CAD $85,564.01/annum as training salary; positions are Funded (supervisor, hospital, grant, endowment or international agency) or Sponsored (agencies from Bahrain, Kuwait, Oman, Qatar, Saudi Arabia, UAE only); self-funding from personal funds is not acceptable.",Not stated on official page,Not stated on official page,"A combined cardiothoracic imaging fellowship at Sunnybrook providing advanced training in thoracic CT/MRI, image-guided thoracic interventions and cardiac CT/MRI, with one protected academic day per week.",3 October 2026,https://medical-imaging.utoronto.ca/fellowship-offered | https://medical-imaging.utoronto.ca/application-process-fellowship
/programs/emergency-trauma-imaging-fellowship-sunnybrook-health-sciences-centre,Emergency and Trauma Imaging Fellowship (Sunnybrook),"Sunnybrook Health Sciences Centre, University of Toronto",Radiology,Emergency radiology,"Department of Medical Imaging, Sunnybrook Health Sciences Centre",Canada,Toronto,Ontario,Clinical Fellowship,1 year,Not stated on official page,2028–2029 cycle: online applications opened 6 April 2026 and closed 9 August 2026; reference letters due 23 August 2026; interviews September 2026 – January 2027.,"Proficient in written and spoken English; completed an accredited radiology training programme; certified by the Royal College of Physicians and Surgeons of Canada in Diagnostic Imaging, American Board of Radiology certified/eligible, or equivalent qualifications (CPSO uses the GMC directory to recognise specialty certification).","Eligible with equivalent radiology certification; Sponsored positions available for trainees funded by agencies from Bahrain, Kuwait, Oman, Qatar, Saudi Arabia and UAE.",University of Toronto Department of Medical Imaging fellowship (certificate),"Online Fellowship Application System (University of Toronto Department of Medical Imaging): CV, candidate letter, proof of certification and three reference letters (one from the residency programme director), all in PDF; up to 2 programmes on one form.",1 position annually,"Applicants must secure CAD $85,564.01/annum as training salary; positions are Funded (supervisor, hospital, grant, endowment or international agency) or Sponsored (agencies from Bahrain, Kuwait, Oman, Qatar, Saudi Arabia, UAE only); self-funding from personal funds is not acceptable.",Not stated on official page,Not stated on official page,"An emergency and trauma imaging fellowship at Canada's largest regional trauma centre combining CT, MRI, radiography and ultrasound across the spectrum of emergency department presentations.",3 October 2026,https://medical-imaging.utoronto.ca/fellowship-offered | https://medical-imaging.utoronto.ca/application-process-fellowship
/programs/head-and-neck-imaging-fellowship-university-of-toronto-princess-margaret,Head and Neck Imaging Fellowship,University of Toronto,Radiology,Neuroradiology,"Joint Department of Medical Imaging (UHN, Sinai Health, Women's College Hospital) – Head and Neck Imaging Division, Princess Margaret Cancer Centre",Canada,Toronto,Ontario,Clinical Fellowship,1 year,Not stated on official page,2028–2029 cycle: online applications opened 6 April 2026 and closed 9 August 2026; reference letters due 23 August 2026; interviews September 2026 – January 2027.,"Completed diagnostic radiology residency training and meet CPSO licensing requirements; plus general University of Toronto fellowship eligibility (English proficiency, recognised certification).",The program welcomes both Canadian and international candidates.,University of Toronto Department of Medical Imaging fellowship (certificate),"Online Fellowship Application System (University of Toronto Department of Medical Imaging): CV, candidate letter, proof of certification and three reference letters (one from the residency programme director), all in PDF; up to 2 programmes on one form.",Not stated on official page,"Applicants must secure CAD $85,564.01/annum as training salary; positions are Funded (supervisor, hospital, grant, endowment or international agency) or Sponsored (agencies from Bahrain, Kuwait, Oman, Qatar, Saudi Arabia, UAE only); self-funding from personal funds is not acceptable.",Not stated on official page,Must meet CPSO licensing requirements.,"A one-year clinical and academic head and neck imaging fellowship at Princess Margaret Cancer Centre, home to Canada's largest multidisciplinary head and neck oncology programme.",3 October 2026,https://medical-imaging.utoronto.ca/fellowship-offered | https://medical-imaging.utoronto.ca/application-process-fellowship
/programs/interventional-neuroradiology-fellowship-toronto-western-hospital,Interventional Neuroradiology Fellowship (Toronto Western Hospital),"Toronto Western Hospital (UHN), University of Toronto",Radiology,Interventional neuroradiology,"Joint Department of Medical Imaging (UHN, Sinai Health, Women's College Hospital) – Toronto Western Hospital",Canada,Toronto,Ontario,Clinical Fellowship,1–2 years depending on background,"Staggered starts (one fellow 1 June, others 1 July and 1 August)",2028–2029 cycle: online applications opened 6 April 2026 and closed 9 August 2026; reference letters due 23 August 2026; interviews September 2026 – January 2027.,"Proficient in written and spoken English; completed an accredited radiology training programme; certified by the Royal College of Physicians and Surgeons of Canada in Diagnostic Imaging, American Board of Radiology certified/eligible, or equivalent qualifications (CPSO uses the GMC directory to recognise specialty certification).",Over a hundred fellows from all over the world have graduated; trainees are generally selected two years in advance.,Held in accordance with UEMS recommendations and WFITN training guidelines; University of Toronto INR fellowship certificate,"Online Fellowship Application System (University of Toronto Department of Medical Imaging): CV, candidate letter, proof of certification and three reference letters (one from the residency programme director), all in PDF; up to 2 programmes on one form.","3, sometimes 4, positions annually","Applicants must secure CAD $85,564.01/annum as training salary; positions are Funded (supervisor, hospital, grant, endowment or international agency) or Sponsored (agencies from Bahrain, Kuwait, Oman, Qatar, Saudi Arabia, UAE only); self-funding from personal funds is not acceptable.",Not stated on official page,Trainees must be PGME approved and CPSO licensed; paperwork can take up to 9 months.,"A high-volume interventional neuroradiology fellowship founded in 1984 at Toronto Western Hospital (~1,800 INR procedures a year), training fellows from neuroradiology, neurosurgery and neurology backgrounds in the full spectrum of neurovascular disease.",3 October 2026,https://medical-imaging.utoronto.ca/fellowship-offered | https://medical-imaging.utoronto.ca/application-process-fellowship
/programs/molecular-imaging-clinical-research-fellowship-princess-margaret-cancer-centre,Molecular Imaging (Clinical/Research) Fellowship,University of Toronto,Radiology,Nuclear medicine,"Joint Department of Medical Imaging (UHN, Sinai Health, Women's College Hospital) – Division of Molecular Imaging, Princess Margaret Cancer Centre",Canada,Toronto,Ontario,Clinical/Research Fellowship,1 year (1 July – 30 June),1 July,2028–2029 cycle: online applications opened 6 April 2026 and closed 9 August 2026; reference letters due 23 August 2026; interviews September 2026 – January 2027.,"Proficient in written and spoken English; completed an accredited radiology training programme; certified by the Royal College of Physicians and Surgeons of Canada in Diagnostic Imaging, American Board of Radiology certified/eligible, or equivalent qualifications (CPSO uses the GMC directory to recognise specialty certification).","Eligible with equivalent radiology certification; Sponsored positions available for trainees funded by agencies from Bahrain, Kuwait, Oman, Qatar, Saudi Arabia and UAE.",University of Toronto Department of Medical Imaging fellowship (certificate),"Online Fellowship Application System (University of Toronto Department of Medical Imaging): CV, candidate letter, proof of certification and three reference letters (one from the residency programme director), all in PDF; up to 2 programmes on one form.",1 funded and 3 self-funded positions per year,"Applicants must secure CAD $85,564.01/annum as training salary; positions are Funded (supervisor, hospital, grant, endowment or international agency) or Sponsored (agencies from Bahrain, Kuwait, Oman, Qatar, Saudi Arabia, UAE only); self-funding from personal funds is not acceptable.",Not stated on official page,Not stated on official page,A one-year clinical-research fellowship at Princess Margaret Cancer Centre combining high-volume clinical PET/CT and PET/MR oncologic imaging with molecular imaging research.,3 October 2026,https://medical-imaging.utoronto.ca/fellowship-offered | https://medical-imaging.utoronto.ca/application-process-fellowship
/programs/neuroradiology-fellowship-university-of-toronto-city-wide,Neuroradiology Fellowship (City-wide Program),University of Toronto,Radiology,Neuroradiology,"Division of Neuroradiology, University of Toronto Department of Medical Imaging",Canada,Toronto,Ontario,Clinical Fellowship,1 year,Not stated on official page,2028–2029 cycle: online applications opened 6 April 2026 and closed 9 August 2026; reference letters due 23 August 2026; interviews September 2026 – January 2027.,"Proficient in written and spoken English; completed an accredited radiology training programme; certified by the Royal College of Physicians and Surgeons of Canada in Diagnostic Imaging, American Board of Radiology certified/eligible, or equivalent qualifications (CPSO uses the GMC directory to recognise specialty certification).","Eligible with equivalent radiology certification; Sponsored positions available for trainees funded by agencies from Bahrain, Kuwait, Oman, Qatar, Saudi Arabia and UAE.",University of Toronto Department of Medical Imaging fellowship (certificate),"Online Fellowship Application System (University of Toronto Department of Medical Imaging): CV, candidate letter, proof of certification and three reference letters (one from the residency programme director), all in PDF; up to 2 programmes on one form.",Not stated on official page,"Applicants must secure CAD $85,564.01/annum as training salary; positions are Funded (supervisor, hospital, grant, endowment or international agency) or Sponsored (agencies from Bahrain, Kuwait, Oman, Qatar, Saudi Arabia, UAE only); self-funding from personal funds is not acceptable.",Not stated on official page,Not stated on official page,"A city-wide diagnostic neuroradiology fellowship with rotations at Mount Sinai, Princess Margaret, Sunnybrook, St. Michael's and The Hospital for Sick Children, with 20% protected research time.",3 October 2026,https://medical-imaging.utoronto.ca/fellowship-offered | https://medical-imaging.utoronto.ca/application-process-fellowship
/programs/thoracic-imaging-fellowship-university-of-toronto-jdmi,Thoracic Imaging Fellowship (JDMI),University of Toronto,Radiology,Cardiothoracic imaging,"Joint Department of Medical Imaging (UHN, Sinai Health, Women's College Hospital) – Thoracic Imaging Division",Canada,Toronto,Ontario,Clinical Fellowship,"12 months (80% clinical, 20% research)",Not stated on official page,2028–2029 cycle: online applications opened 6 April 2026 and closed 9 August 2026; reference letters due 23 August 2026; interviews September 2026 – January 2027.,"Proficient in written and spoken English; completed an accredited radiology training programme; certified by the Royal College of Physicians and Surgeons of Canada in Diagnostic Imaging, American Board of Radiology certified/eligible, or equivalent qualifications (CPSO uses the GMC directory to recognise specialty certification).","Eligible with equivalent radiology certification; Sponsored positions available for trainees funded by agencies from Bahrain, Kuwait, Oman, Qatar, Saudi Arabia and UAE.",University of Toronto Department of Medical Imaging fellowship (certificate),"Online Fellowship Application System (University of Toronto Department of Medical Imaging): CV, candidate letter, proof of certification and three reference letters (one from the residency programme director), all in PDF; up to 2 programmes on one form.",3 funded positions (possible additional self-funded position),"Applicants must secure CAD $85,564.01/annum as training salary; positions are Funded (supervisor, hospital, grant, endowment or international agency) or Sponsored (agencies from Bahrain, Kuwait, Oman, Qatar, Saudi Arabia, UAE only); self-funding from personal funds is not acceptable.",Not stated on official page,Not stated on official page,"A comprehensive multimodality thoracic imaging fellowship serving one of North America's largest lung transplant centres and oncology centres, with over 40,000 CT examinations and ~550 CT-guided lung biopsies a year.",3 October 2026,https://medical-imaging.utoronto.ca/fellowship-offered | https://medical-imaging.utoronto.ca/application-process-fellowship
/programs/vascular-interventional-radiology-fellowship-university-of-toronto-jdmi,Vascular and Interventional Radiology Fellowship (JDMI),University of Toronto,Radiology,Interventional radiology,"Joint Department of Medical Imaging (UHN, Sinai Health, Women's College Hospital) – Division of Vascular/Interventional Radiology",Canada,Toronto,Ontario,Clinical Fellowship,1-year clinical track or 2-year research/clinical track,Not stated on official page,2028–2029 cycle: online applications opened 6 April 2026 and closed 9 August 2026; reference letters due 23 August 2026; interviews September 2026 – January 2027.,"Proficient in written and spoken English; completed an accredited radiology training programme; certified by the Royal College of Physicians and Surgeons of Canada in Diagnostic Imaging, American Board of Radiology certified/eligible, or equivalent qualifications (CPSO uses the GMC directory to recognise specialty certification).","Eligible with equivalent radiology certification; Sponsored positions available for trainees funded by agencies from Bahrain, Kuwait, Oman, Qatar, Saudi Arabia and UAE.",University of Toronto Department of Medical Imaging fellowship (certificate),"Online Fellowship Application System (University of Toronto Department of Medical Imaging): CV, candidate letter, proof of certification and three reference letters (one from the residency programme director), all in PDF; up to 2 programmes on one form.",4–5 clinical positions per year; 1 two-year research/clinical position yearly,"Applicants must secure CAD $85,564.01/annum as training salary; positions are Funded (supervisor, hospital, grant, endowment or international agency) or Sponsored (agencies from Bahrain, Kuwait, Oman, Qatar, Saudi Arabia, UAE only); self-funding from personal funds is not acceptable.",Not stated on official page,Not stated on official page,"A VIR fellowship based mainly at Toronto General Hospital training fellows in advanced angiographic and non-vascular abdominal interventions in adults, with a one-year clinical track and a fully funded two-year research/clinical track.",3 October 2026,https://medical-imaging.utoronto.ca/fellowship-offered | https://medical-imaging.utoronto.ca/application-process-fellowship
/programs/paediatric-general-radiology-fellowship-sickkids,Paediatric General Radiology Fellowship,The Hospital for Sick Children (SickKids),Radiology,Paediatric radiology,"Department of Diagnostic and Interventional Radiology, The Hospital for Sick Children",Canada,Toronto,Ontario,Clinical Fellowship,1 year (some flexibility for 1- or 2-year programmes),Not stated on official page,Not stated on official page,"Completed a diagnostic radiology residency programme, board-certified as a radiologist in country of origin, and meet minimum eligibility requirements for CPSO licensure; advanced English proficiency (assessed at interview).","Open to both Canadian and international applicants (fellows from Canada, Chile, Argentina, Brazil, Switzerland, Saudi Arabia, Oman, Iran, India, Thailand, Indonesia and Australia as of May 2026).",Accredited by the Royal College of Physicians and Surgeons of Canada as a one-year Paediatric Radiology Residency Program (Competence by Design since July 2024),"Apply directly to SickKids: completed application form, CV and letter of intent via the online link; three reference letters dated 2026 addressed to the Paediatric Radiology Program Director; remote interviews.",Not stated on official page,Funded and sponsored positions available; 20 working days paid vacation; some conference travel funding.,Not stated on official page,Must meet minimum eligibility requirements for licensure with the College of Physicians and Surgeons of Ontario (CPSO).,"A clinical fellowship in one of the world's busiest paediatric radiology departments (~130,000 examinations a year) covering radiographs, fluoroscopy, ultrasound, CT and MRI in children.",3 October 2026,https://medical-imaging.utoronto.ca/fellowship-offered
/programs/paediatric-neuroradiology-fellowship-sickkids,Paediatric Neuroradiology Fellowship,The Hospital for Sick Children (SickKids),Radiology,Paediatric neuroradiology,"Department of Diagnostic and Interventional Radiology, The Hospital for Sick Children",Canada,Toronto,Ontario,Clinical Fellowship,1 year,Not stated on official page,Not stated on official page,"Completed a diagnostic radiology residency programme, board-certified as a radiologist in country of origin, and meet minimum eligibility requirements for CPSO licensure; advanced English proficiency (assessed at interview).","Open to both Canadian and international applicants (fellows from Canada, Chile, Argentina, Brazil, Switzerland, Saudi Arabia, Oman, Iran, India, Thailand, Indonesia and Australia as of May 2026).",University of Toronto Department of Medical Imaging fellowship,"Apply directly to SickKids: completed application form, CV and letter of intent via the online link; three reference letters dated 2026 addressed to the Paediatric Radiology Program Director; remote interviews.",Not stated on official page,Funded and sponsored positions available; 20 working days paid vacation; some conference travel funding.,Not stated on official page,Must meet minimum eligibility requirements for licensure with the College of Physicians and Surgeons of Ontario (CPSO).,"A clinical fellowship in diagnostic paediatric neuroradiology including CT and MRI of the brain, head and neck and spine across a wide range of congenital and acquired conditions.",3 October 2026,https://medical-imaging.utoronto.ca/fellowship-offered
/programs/paediatric-interventional-radiology-fellowship-sickkids,Paediatric Interventional Radiology Fellowship,The Hospital for Sick Children (SickKids),Radiology,Paediatric interventional radiology,"Department of Diagnostic and Interventional Radiology, The Hospital for Sick Children",Canada,Toronto,Ontario,Clinical Fellowship,1 year,Not stated on official page,Not stated on official page,"Completed a diagnostic radiology residency programme, board-certified as a radiologist in country of origin, and meet minimum eligibility requirements for CPSO licensure; advanced English proficiency (assessed at interview).","Open to both Canadian and international applicants (fellows from Canada, Chile, Argentina, Brazil, Switzerland, Saudi Arabia, Oman, Iran, India, Thailand, Indonesia and Australia as of May 2026).",University of Toronto Department of Medical Imaging fellowship,"Apply directly to SickKids: completed application form, CV and letter of intent via the online link; three reference letters dated 2026 addressed to the Paediatric Radiology Program Director; remote interviews.",Not stated on official page,Funded and sponsored positions available; 20 working days paid vacation; some conference travel funding.,Not stated on official page,Must meet minimum eligibility requirements for licensure with the College of Physicians and Surgeons of Ontario (CPSO).,A clinical fellowship training radiologists in image-guided paediatric interventions in one of the largest and busiest paediatric interventional radiology divisions in the world.,3 October 2026,https://medical-imaging.utoronto.ca/fellowship-offered
/programs/radiology-international-medical-fellowship-great-ormond-street-hospital,International Medical Fellowship in Paediatric Radiology,Great Ormond Street Hospital for Children NHS Foundation Trust,Radiology,Paediatric radiology,GOSH Learning Academy – International Medical Fellowship Programme,United Kingdom,London,England,Clinical Fellowship,Typically 12 months,Not stated on official page,Not stated on official page,"Medical degree acceptable to the GMC; four or more years of specialty training at entry; passed Part 1 College exam or UK equivalent; postgraduate specialty qualification (UK Royal College membership/fellowship or equivalent home-country qualification); recent full-time clinical work; IELTS (7.0 each band, 7.5 overall) or OET (grade B each) within two years before GMC application; resident overseas when applying. Alternatively, already GMC-registered with at least four years of specialty training.",Designed for international doctors; applicants must be resident overseas when applying and willing to return home after the visa expires.,Not stated on official page,"Online application portal managed by the GOSH Learning Academy; eligible applications reviewed by the specialty, followed by a virtual interview and conditional offer.",Not stated on official page,Self/home-organisation funded: funding must be agreed with the home organisation to cover a placement fee; GOSH does not provide scholarships.,Successful candidates complete visa applications as part of pre-employment checks; GOSH can provide GMC sponsorship for entry onto the UK Medical Register.,GMC registration required (GOSH can sponsor GMC registration).,"Radiology is one of the specialties offered through GOSH's International Medical Fellowship Programme, which provides tailored, typically 12-month training for international doctors well advanced in specialty training.",3 October 2026,https://www.gosh.nhs.uk/learning/gosh-learning-academy/international-opportunities/international-fellowships/ | https://www.gosh.nhs.uk/learning/gosh-learning-academy/international-opportunities/international-fellowships/programme-details/ | https://www.gosh.nhs.uk/learning/gosh-learning-academy/international-opportunities/international-fellowships/entry-requirements/ | https://www.gosh.nhs.uk/learning/gosh-learning-academy/international-opportunities/international-fellowships/application-process-what-to-expect-after-applying/
/programs/interventional-radiology-international-medical-fellowship-great-ormond-street-hospital,International Medical Fellowship in Paediatric Interventional Radiology,Great Ormond Street Hospital for Children NHS Foundation Trust,Radiology,Paediatric interventional radiology,GOSH Learning Academy – International Medical Fellowship Programme,United Kingdom,London,England,Clinical Fellowship,Typically 12 months,Not stated on official page,Not stated on official page,"Medical degree acceptable to the GMC; four or more years of specialty training at entry; passed Part 1 College exam or UK equivalent; postgraduate specialty qualification (UK Royal College membership/fellowship or equivalent home-country qualification); recent full-time clinical work; IELTS (7.0 each band, 7.5 overall) or OET (grade B each) within two years before GMC application; resident overseas when applying. Alternatively, already GMC-registered with at least four years of specialty training.",Designed for international doctors; applicants must be resident overseas when applying and willing to return home after the visa expires.,Not stated on official page,"Online application portal managed by the GOSH Learning Academy; eligible applications reviewed by the specialty, followed by a virtual interview and conditional offer.",Not stated on official page,Self/home-organisation funded: funding must be agreed with the home organisation to cover a placement fee; GOSH does not provide scholarships.,Successful candidates complete visa applications as part of pre-employment checks; GOSH can provide GMC sponsorship for entry onto the UK Medical Register.,GMC registration required (GOSH can sponsor GMC registration).,"Interventional radiology is one of the specialties offered through GOSH's International Medical Fellowship Programme, giving international doctors specialist training alongside world-leading paediatric experts.",3 October 2026,https://www.gosh.nhs.uk/learning/gosh-learning-academy/international-opportunities/international-fellowships/ | https://www.gosh.nhs.uk/learning/gosh-learning-academy/international-opportunities/international-fellowships/programme-details/ | https://www.gosh.nhs.uk/learning/gosh-learning-academy/international-opportunities/international-fellowships/entry-requirements/ | https://www.gosh.nhs.uk/learning/gosh-learning-academy/international-opportunities/international-fellowships/application-process-what-to-expect-after-applying/
/programs/cardiac-imaging-international-medical-fellowship-great-ormond-street-hospital,International Medical Fellowship in Paediatric Cardiac Imaging,Great Ormond Street Hospital for Children NHS Foundation Trust,Radiology,Cardiac imaging,GOSH Learning Academy – International Medical Fellowship Programme,United Kingdom,London,England,Clinical Fellowship,Typically 12 months,Not stated on official page,Not stated on official page,"Medical degree acceptable to the GMC; four or more years of specialty training at entry; passed Part 1 College exam or UK equivalent; postgraduate specialty qualification (UK Royal College membership/fellowship or equivalent home-country qualification); recent full-time clinical work; IELTS (7.0 each band, 7.5 overall) or OET (grade B each) within two years before GMC application; resident overseas when applying. Alternatively, already GMC-registered with at least four years of specialty training.",Designed for international doctors; applicants must be resident overseas when applying and willing to return home after the visa expires.,Not stated on official page,"Online application portal managed by the GOSH Learning Academy; eligible applications reviewed by the specialty, followed by a virtual interview and conditional offer.",Not stated on official page,Self/home-organisation funded: funding must be agreed with the home organisation to cover a placement fee; GOSH does not provide scholarships.,Successful candidates complete visa applications as part of pre-employment checks; GOSH can provide GMC sponsorship for entry onto the UK Medical Register.,GMC registration required (GOSH can sponsor GMC registration).,"Cardiac imaging is one of the specialties offered through GOSH's International Medical Fellowship Programme, typically delivered over twelve months for doctors with at least four years of specialty training.",3 October 2026,https://www.gosh.nhs.uk/learning/gosh-learning-academy/international-opportunities/international-fellowships/ | https://www.gosh.nhs.uk/learning/gosh-learning-academy/international-opportunities/international-fellowships/programme-details/ | https://www.gosh.nhs.uk/learning/gosh-learning-academy/international-opportunities/international-fellowships/entry-requirements/ | https://www.gosh.nhs.uk/learning/gosh-learning-academy/international-opportunities/international-fellowships/application-process-what-to-expect-after-applying/
/programs/clinical-fellowship-cross-sectional-imaging-guys-and-st-thomas,Senior Clinical Fellowship in Cross-Sectional Imaging,Guy's and St Thomas' NHS Foundation Trust,Radiology,Cross-sectional imaging,"Department of Radiology, Clinical Imaging and Medical Physics directorate",United Kingdom,London,England,Clinical Fellowship,12 months (fixed term),Not stated on official page (advert heading refers to a September start),Advert posted 3 March 2026; may close early once sufficient applications are received.,Full GMC registration with licence to practise; FRCR or equivalent; 7 complete postgraduate years or post-CCT or equivalent; prior experience in general radiology including acute work.,Not stated on official page,Not stated on official page,Online via NHS Jobs.,5 posts,"Salary £73,992 per annum (excluding London weighting).",Not stated on official page,Full GMC registration and licence to practise.,"Five 12-month clinical fellowships combining acute imaging with supervised subspecialty training in gastrointestinal, MSK, cardiothoracic, head and neck, neuro or urogynae imaging across St Thomas', Guy's and Evelina hospitals.",3 October 2026,https://www.jobs.nhs.uk/candidate/jobadvert/C9196-26-0266
/programs/cardiothoracic-radiology-clinical-fellowship-harefield-hospital,Clinical Fellow in Cardiothoracic Radiology (Harefield Hospital),Guy's and St Thomas' NHS Foundation Trust (Harefield Hospital),Radiology,Cardiothoracic imaging,"Radiology Department, Harefield Hospital",United Kingdom,Uxbridge,England,Clinical Fellowship,24 months (fixed term),Not stated on official page,Advert posted 22 December 2025; may close early once sufficient applications are received.,Full GMC registration; CCT in Clinical Radiology; MB BS or equivalent (FRCR or equivalent and cardiac imaging training desirable).,NHS Jobs advert: applications from job seekers who require Skilled Worker sponsorship are welcome and will be considered alongside all other applications.,Level 2 CMR accreditation may be possible for the appropriate candidate.,Online via NHS Jobs.,1 post,"Salary £65,048 per annum.",NHS Jobs advert: applications from job seekers who require Skilled Worker sponsorship are welcome and will be considered alongside all other applications.,Full GMC registration.,"A 24-month fellowship at the UK's largest advanced heart and lung failure and cardiothoracic transplant centre, training in cardiac and thoracic CT, thoracic interventions, ultrasound, plain film and some cardiac MRI.",3 October 2026,https://www.jobs.nhs.uk/candidate/jobadvert/C9196-25-1960
/programs/post-cct-fellowship-diagnostic-imaging-imperial-college-healthcare,Post-CCT Fellowship in Diagnostic Imaging,Imperial College Healthcare NHS Trust,Radiology,"Diagnostic imaging (paediatric, gynaecological, urological or neuroradiology)","Department of Radiology (Hammersmith, Charing Cross and St Mary's hospitals)",United Kingdom,London,England,Clinical Fellowship,"Up to 12 months (fixed term, until August 2027)","Two posts August 2026, one November 2026",Advert posted 27 March 2026.,On GMC register/licensed medical practitioner; FRCR or equivalent; completed formal radiology training with pre-CCT subspecialty training in the chosen subspecialty.,NHS Jobs advert: applications from job seekers who require Skilled Worker sponsorship are welcome and will be considered alongside all other applications.,Not stated on official page,Online application via NHS Jobs only.,"3 posts (up to 1 per subspecialty: paediatric imaging, gynaecological imaging, urological imaging, neuroradiology)","Salary £44,170–£67,610 per annum depending on experience, plus London weighting and 1B banding (40%).",NHS Jobs advert: applications from job seekers who require Skilled Worker sponsorship are welcome and will be considered alongside all other applications.,GMC registration with licence to practise.,"Post-CCT fellowships providing advanced subspecialty diagnostic imaging training in paediatric, gynaecological, urological imaging or neuroradiology across Imperial's three West London sites.",3 October 2026,https://www.jobs.nhs.uk/candidate/jobadvert/C9290-26-0389 | https://www.jobs.nhs.uk/candidate/jobadvert/C9290-26-0371
/programs/senior-interventional-neuroradiology-fellowship-imperial-college-healthcare,Senior Interventional Neuroradiology Fellowship,Imperial College Healthcare NHS Trust,Radiology,Interventional neuroradiology,"Department of Radiology, Charing Cross Hospital",United Kingdom,London,England,Clinical Fellowship,12 months (fixed term),September (2025 intake advertised),Not stated on official page,Senior Fellow level (ST6+/post-CCT); FRCR or equivalent; formal subspecialty neuroradiology training; on GMC register/licensed medical practitioner.,NHS Jobs advert: applications from job seekers who require Skilled Worker sponsorship are welcome and will be considered alongside all other applications.,Not stated on official page,Online application via NHS Jobs only.,1 post,"Salary £41,750–£54,468 per annum depending on experience, plus London weighting and 1B banding.",NHS Jobs advert: applications from job seekers who require Skilled Worker sponsorship are welcome and will be considered alongside all other applications.,GMC registration with licence to practise.,"A 12-month interventional neuroradiology fellowship at Charing Cross Hospital, one of five major London INR centres delivering a 24/7 thrombectomy service, aiming to train future INR leaders in clinical, teaching and research skills.",3 October 2026,https://www.jobs.nhs.uk/candidate/jobadvert/C9290-25-0549
/programs/clinical-fellowship-neuroradiology-kings-college-hospital,Senior Clinical Fellow in Neuroradiology,King's College Hospital NHS Foundation Trust,Radiology,Neuroradiology,"Department of Neuroradiology, King's College Hospital",United Kingdom,London,England,Clinical Fellowship,6 months (fixed term),Not stated on official page,Advert posted 14 January 2026.,"Completed specialty registrar training (CCT) in radiology or equivalent; full FRCR (Parts 1, 2a and 2b) before starting; full GMC registration with licence to practise at time of application.",NHS Jobs advert: applications from job seekers who require Skilled Worker sponsorship are welcome and will be considered alongside all other applications.,Not stated on official page,Online via NHS Jobs.,2 posts,"Salary £73,992 per annum.",NHS Jobs advert: applications from job seekers who require Skilled Worker sponsorship are welcome and will be considered alongside all other applications.,Full GMC registration with licence to practise at time of application.,"Full-time post-CCT clinical fellowships in diagnostic neuroradiology within one of the largest and busiest regional neurosciences units in the UK, serving a population of 4 million.",3 October 2026,https://www.jobs.nhs.uk/candidate/jobadvert/C9213-26-0036
/programs/clinical-fellowship-nuclear-medicine-uclh,Clinical Fellow in Nuclear Medicine,University College London Hospitals NHS Foundation Trust,Radiology,Nuclear medicine,"Institute of Nuclear Medicine, University College Hospital",United Kingdom,London,England,Clinical Fellowship,12 months (fixed term),Not stated on official page,Advert posted 15 October 2025; may close earlier than the listed closing date.,Full GMC registration (non-UK trained doctors must be on the GMC register by date of appointment); nuclear medicine physician or radiologist training.,Not stated on official page,Not stated on official page,Online via NHS Jobs.,1 post,"Salary £65,048 per annum plus London weighting.",Not stated on official page,Full GMC registration by date of appointment.,"A clinical fellowship in a research-active nuclear medicine department with three PET/CT systems, the UK's first clinical PET/MRI and four SPECT/CT systems, working alongside UCL researchers.",3 October 2026,https://www.jobs.nhs.uk/candidate/jobadvert/C9309-25-0977
/programs/abdominal-imaging-fellowship-cleveland-clinic,Abdominal Imaging Fellowship,Cleveland Clinic,Radiology,Abdominal/Body imaging,"Imaging Institute, Cleveland Clinic (Section of Abdominal Imaging)",United States,Cleveland,Ohio,Clinical Fellowship,1 year,Not stated on official page,Not stated on official page,Not stated on official page,Not stated on official page,Not stated on official page,Not stated on official page,Not stated on official page,Clinical practitioner pathway includes one day/week independent regional reading with supplemental income.,Not stated on official page,Not stated on official page,"A one-year fellowship providing comprehensive diagnostic and interventional training in all aspects of gastrointestinal and genitourinary imaging, with traditional and clinical-practitioner pathways.",3 October 2026,https://my.clevelandclinic.org/departments/imaging/medical-professionals/fellowships/abdominal-imaging-fellowship
/programs/breast-imaging-fellowship-cleveland-clinic,Breast Imaging Fellowship,Cleveland Clinic,Radiology,Breast imaging,"Imaging Institute, Cleveland Clinic (Section of Breast Imaging)",United States,Cleveland,Ohio,Clinical Fellowship,12 months (1 July – 30 June),1 July,Not stated on official page,Completed a US diagnostic radiology residency; ABR board certified or eligible before commencing.,"All applicants must have completed a US diagnostic radiology residency and be ABR board certified or eligible before starting; foreign applicants must also be board eligible in their country of origin, ECFMG certified and have passed USMLE Steps 1, 2 and 3.",Not stated on official page,SBI common application; NRMP Match sponsored by SBI (All-In Policy).,4 per academic year,Not stated on official page,Not stated on official page,Not stated on official page,"A 12-month dedicated breast imaging fellowship providing comprehensive training in a high-volume practice across the main campus breast centre, Taussig Cancer Center and satellite sites.",3 October 2026,https://my.clevelandclinic.org/departments/imaging/medical-professionals/fellowships/breast-imaging-fellowship
/programs/cardiovascular-imaging-fellowship-cleveland-clinic,Cardiovascular Imaging Fellowship,Cleveland Clinic,Radiology,Cardiothoracic imaging,"Imaging Institute, Cleveland Clinic (Section of Cardiovascular Imaging)",United States,Cleveland,Ohio,Clinical Fellowship,1 year,Not stated on official page,Not stated on official page,Not stated on official page,Not stated on official page,Not stated on official page,Email required application documents to the Imaging Institute fellowship office.,3 per academic year (radiology-trained track),Not stated on official page,Not stated on official page,Not stated on official page,"A one-year fellowship for radiology-trained physicians providing advanced clinical training in cardiovascular CT and MRI within the Heart, Vascular & Thoracic Institute.",3 October 2026,https://my.clevelandclinic.org/departments/imaging/medical-professionals/fellowships/cardiovascular-imaging-fellowship
/programs/thoracic-imaging-fellowship-cleveland-clinic,Thoracic Imaging Fellowship,Cleveland Clinic,Radiology,Cardiothoracic imaging,"Imaging Institute, Cleveland Clinic (Section of Thoracic & Cardiac Imaging)",United States,Cleveland,Ohio,Clinical Fellowship,12 months (1 July – 30 June),1 July,Not stated on official page,Completed a US diagnostic radiology residency; ABR board certified or eligible before commencing.,"All applicants must have completed a US diagnostic radiology residency and be ABR board certified or eligible before starting; foreign applicants must also be board eligible in their country of origin, ECFMG certified and have passed USMLE Steps 1, 2 and 3.",Non-ACGME/non-standard fellowship,"Printed application form with personal statement, CV and three letters of reference to the Program Director and Coordinator.",2 per year,Not stated on official page,Not stated on official page,Applicants encouraged to obtain an Ohio medical license and DEA number before starting.,"A 12-month fellowship offering comprehensive training in thoracic CT, MR and radiography with integral chest intervention and biopsy rotations; combined cardiothoracic pathways available.",3 October 2026,https://my.clevelandclinic.org/departments/imaging/medical-professionals/fellowships/thoracic-cardiac-imaging-fellowship
/programs/musculoskeletal-radiology-fellowship-cleveland-clinic,Musculoskeletal Radiology Fellowship,Cleveland Clinic,Radiology,Musculoskeletal imaging,"Imaging Institute, Cleveland Clinic (Section of Musculoskeletal Imaging)",United States,Cleveland,Ohio,Clinical Fellowship,1 year (1 July – 30 June),1 July,Not stated on official page,Enrolled in or completed an ACGME-accredited US residency or RCPSC/CFPC-accredited Canadian residency.,Exceptional international candidates enrolled in or having completed a diagnostic radiology residency will be considered.,Not stated on official page,SSR common application; NRMP MSK Match.,Not stated on official page,Benefits include comprehensive medical/dental/vision insurance and paid family leave.,Sponsors applicants with J and H visas.,Not stated on official page,"A one-year programme offering comprehensive diagnostic and interventional musculoskeletal imaging training in a section performing over 200,000 procedures annually, with strengths in sports medicine, orthopaedic oncology and rheumatology.",3 October 2026,https://my.clevelandclinic.org/departments/imaging/medical-professionals/fellowships/musculoskeletal-imaging-fellowship
/programs/neuroradiology-fellowship-cleveland-clinic,Neuroradiology Fellowship,Cleveland Clinic,Radiology,Neuroradiology,"Imaging Institute, Cleveland Clinic (Section of Neuroradiology)",United States,Cleveland,Ohio,Clinical Fellowship,1 year,Not stated on official page,Not stated on official page,Not stated on official page,Not stated on official page,ACGME accredited,Not stated on official page,4 per year,Not stated on official page,Not stated on official page,Not stated on official page,"A one-year ACGME-accredited neuroradiology fellowship, training neuroradiologists since 1979 in a division reading over 3,000 studies per week.",3 October 2026,https://my.clevelandclinic.org/departments/imaging/medical-professionals/fellowships/neuroradiology-fellowship
/programs/neuroendovascular-intervention-fellowship-cleveland-clinic,Neuroendovascular Intervention Fellowship,Cleveland Clinic,Radiology,Neurointerventional radiology,"Imaging Institute, Cleveland Clinic / Cerebrovascular Center, Neurological Institute",United States,Cleveland,Ohio,Clinical Fellowship,2 years,Not stated on official page,Not stated on official page,Completed ACGME-accredited neurosurgery residency; or radiology residency plus 1-year neuroradiology fellowship; or neurology residency plus vascular neurology or neurocritical care fellowship.,Not stated on official page,ACGME accredited (both years),SNIS Neurointerventional Fellowship Match.,Not stated on official page,Not stated on official page,Not stated on official page,Not stated on official page,"A two-year ACGME-accredited neuroendovascular intervention fellowship established in 2003, with a preparatory first year tailored to each trainee's background.",3 October 2026,https://my.clevelandclinic.org/departments/imaging/medical-professionals/fellowships/neuroendovascular-intervention-fellowship
/programs/pediatric-radiology-fellowship-cleveland-clinic,Pediatric Radiology Fellowship,Cleveland Clinic,Radiology,Paediatric radiology,"Imaging Institute, Cleveland Clinic (Section of Pediatric Imaging)",United States,Cleveland,Ohio,Clinical Fellowship,1 year,2027–2028 (also recruiting for 2028–2029),Not stated on official page,Completed an ACGME-accredited radiology residency.,Not stated on official page,ACGME accredited,Not stated on official page,1 (2027–2028),Not stated on official page,Not stated on official page,Not stated on official page,"A comprehensive one-year ACGME-accredited fellowship in a high-volume pediatric section performing about 100,000 examinations annually across all major modalities.",3 October 2026,https://my.clevelandclinic.org/departments/imaging/medical-professionals/fellowships/pediatric-imaging-fellowship
/programs/abdominal-imaging-fellowship-columbia-university-irving-medical-center,Abdominal Imaging Fellowship,Columbia University Irving Medical Center,Radiology,Abdominal/Body imaging,"Department of Radiology, Columbia University Irving Medical Center / NewYork-Presbyterian (Division of Abdominal Imaging)",United States,New York,New York,Clinical Fellowship,1 year,Not stated on official page,Applications accepted from 1 September 2026 (reviewed from 1 November); virtual interviews from January 2027,Not stated on official page,Not stated on official page,Non-ACGME accredited,Online fellowship application with uploaded materials. SCARD guidelines.,5 per academic year (up to 2 for combined abdominal/cardiothoracic fellowship),Not stated on official page,Not stated on official page,Not stated on official page,"A one-year, non-ACGME abdominal imaging fellowship exposing fellows to a wide variety of advanced imaging studies and pathologies in the tertiary care setting of NewYork-Presbyterian/CUIMC.",3 October 2026,https://www.columbiaradiology.org/education/advanced-fellowship-training/abdominal-imaging-fellowship-0
/programs/breast-imaging-fellowship-columbia-university-irving-medical-center,Breast Imaging Fellowship,Columbia University Irving Medical Center,Radiology,Breast imaging,"Department of Radiology, Columbia University Irving Medical Center / NewYork-Presbyterian (Division of Breast Imaging)",United States,New York,New York,Clinical Fellowship,1 year,2028–2029 academic year,Applications accepted 1 October – 1 December 2026; virtual interviews January–March 2027,US applicants must be board-eligible or board-certified in diagnostic radiology.,Not stated on official page,Not stated on official page,FellowshipsCAS; SBI Radiology Fellowship Match via NRMP (separate NRMP registration).,1,Not stated on official page,Not stated on official page,Eligible to obtain a New York State medical licence before beginning the fellowship.,"A one-year breast imaging fellowship providing comprehensive training in screening and diagnostic mammography, breast ultrasound, breast MRI, contrast-enhanced mammography and image-guided procedures.",3 October 2026,https://www.columbiaradiology.org/education/advanced-fellowship-training/breast-imaging-fellowship-0
/programs/cardiothoracic-imaging-fellowship-columbia-university-irving-medical-center,Cardiothoracic Imaging Fellowship,Columbia University Irving Medical Center,Radiology,Cardiothoracic imaging,"Department of Radiology, Columbia University Irving Medical Center / NewYork-Presbyterian (Division of Cardiothoracic Imaging)",United States,New York,New York,Clinical Fellowship,1 year,2028–2029 academic year,Applications accepted from 1 September 2026,Not stated on official page,Not stated on official page,Non-ACGME accredited,Online fellowship application with uploaded materials.,1,Not stated on official page,Not stated on official page,Not stated on official page,"A one-year, non-ACGME cardiothoracic imaging fellowship covering CT, MR, biopsies and radiographs at a centre with strong pulmonary medicine and cardiothoracic surgery.",3 October 2026,https://www.columbiaradiology.org/education/advanced-fellowship-training/cardiothoracic-imaging-fellowship
/programs/endovascular-neurosurgery-interventional-neuroradiology-fellowship-columbia-university-irving-medical-center,Endovascular Neurosurgery/Interventional Neuroradiology Fellowship,Columbia University Irving Medical Center,Radiology,Neurointerventional radiology,"Department of Radiology, Columbia University Irving Medical Center / NewYork-Presbyterian and Department of Neurosurgery",United States,New York,New York,Clinical Fellowship,2 years,Not stated on official page,Not stated on official page,Not stated on official page,Not stated on official page,Currently non-ACGME,Not stated on official page,1,Not stated on official page,Not stated on official page,Not stated on official page,A two-year fellowship jointly sponsored by the Departments of Radiology and Neurosurgery covering all aspects of diagnostic and interventional care of the neuroscience patient.,3 October 2026,https://www.columbiaradiology.org/education/advanced-fellowship-training/interventional-neuroradiology-fellowship-0
/programs/musculoskeletal-imaging-fellowship-columbia-university-irving-medical-center,Musculoskeletal Imaging Fellowship,Columbia University Irving Medical Center,Radiology,Musculoskeletal imaging,"Department of Radiology, Columbia University Irving Medical Center / NewYork-Presbyterian (Division of Musculoskeletal Imaging)",United States,New York,New York,Clinical Fellowship,1 year,Not stated on official page,Applications accepted from 1 September 2026; interview slots from 1 November 2026; virtual interviews from January 2027,Not stated on official page,Not stated on official page,Non-ACGME accredited,"Online fellowship application with uploaded materials. CV, personal statement, USMLE transcript and three letters; NRMP Match.",1,Not stated on official page,Not stated on official page,Not stated on official page,"A one-year, non-ACGME musculoskeletal imaging fellowship exposing fellows to a wide variety of advanced MSK imaging in the tertiary care setting of NewYork-Presbyterian/CUIMC.",3 October 2026,https://www.columbiaradiology.org/education/advanced-fellowship-training/musculoskeletal-imaging-fellowship
/programs/neuroradiology-fellowship-columbia-university-irving-medical-center,Neuroradiology Fellowship,Columbia University Irving Medical Center,Radiology,Neuroradiology,"Department of Radiology, Columbia University Irving Medical Center / NewYork-Presbyterian (Division of Neuroradiology)",United States,New York,New York,Clinical Fellowship,Not stated on official page,Not stated on official page,31 December,Completion of an ACGME- or RCPSC-accredited diagnostic radiology residency.,Not stated on official page,ACGME accredited,ERAS; Neuroradiology NRMP Fellowship Match.,4 ACGME positions per year,Not stated on official page,Not stated on official page,Not stated on official page,"An ACGME-accredited multimodality programme providing broad-based adult neuroradiology training with subspecialty training in pediatric, head and neck and spine neuroradiology.",3 October 2026,https://www.columbiaradiology.org/education/advanced-fellowship-training/neuroradiology-fellowship
/programs/nuclear-radiology-nuclear-medicine-fellowship-columbia-university-irving-medical-center,Nuclear Radiology/Nuclear Medicine Fellowship,Columbia University Irving Medical Center,Radiology,Nuclear medicine / Molecular imaging,"Department of Radiology, Columbia University Irving Medical Center / NewYork-Presbyterian (Division of Nuclear Medicine)",United States,New York,New York,Clinical Fellowship,Not stated on official page,2028–2029 academic year,Applications accepted from 1 September 2026,Not stated on official page,Not stated on official page,One ACGME and one non-ACGME position,Online fellowship application with uploaded materials.,"2 (1 ACGME, 1 non-ACGME) per year",Not stated on official page,Not stated on official page,Not stated on official page,"A nuclear radiology/nuclear medicine fellowship with on-site cyclotrons, radiochemists and radiopharmacists, augmenting experience in radiopharmaceutical production, quality control and radiation safety.",3 October 2026,https://www.columbiaradiology.org/education/advanced-fellowship-training/nuclear-radiology-nuclear-medicine-fellowship
/programs/pediatric-radiology-fellowship-columbia-university-irving-medical-center,Pediatric Radiology Fellowship,Columbia University Irving Medical Center,Radiology,Paediatric radiology,"Department of Radiology, Columbia University Irving Medical Center / NewYork-Presbyterian (Division of Pediatric Radiology)",United States,New York,New York,Clinical Fellowship,Not stated on official page,2028–2029 academic year,Applications accepted from 1 September 2026,Not stated on official page,Not stated on official page,ACGME accredited,Online fellowship application with uploaded materials.,Not stated on official page,Not stated on official page,Not stated on official page,Not stated on official page,An ACGME-accredited programme providing broad-based training in pediatric radiology with subspecialty training in pediatric neuroradiology and pediatric interventional radiology.,3 October 2026,https://www.columbiaradiology.org/education/advanced-fellowship-training/pediatric-radiology-fellowship
/programs/abdominal-imaging-fellowship-duke-university,Abdominal Imaging Fellowship,Duke University,Radiology,Abdominal/Body imaging,"Department of Radiology, Duke University School of Medicine (Division of Abdominal Imaging)",United States,Durham,North Carolina,Clinical Fellowship,12 months,July 2027 (current cycle as listed),Application period opened 1 November 2025 (SCARD guidelines),Successful completion of the USMLE (US and foreign graduates); must qualify for a North Carolina medical license.,Graduates of non-US/non-Canadian medical schools must have completed 3 consecutive years of training at a US or Canadian accredited medical center to obtain a North Carolina licence; faculty-limited licensure is not available for fellowship positions.,Non-ACGME,Submit completed application materials to the fellowship coordinator electronically (preferred) or by mail.,Not stated on official page,Not stated on official page,Not stated on official page,North Carolina medical license.,"A 12-month abdominal imaging fellowship fostering clinical and academic excellence, preparing fellows for subspecialised private practice or academic faculty appointments.",3 October 2026,https://radiology.duke.edu/about/clinical-divisions/abdominal-imaging/abdominal-imaging-fellowship | https://radiology.duke.edu/education/fellowships
/programs/breast-imaging-fellowship-duke-university,Breast Imaging Fellowship,Duke University,Radiology,Breast imaging,"Department of Radiology, Duke University School of Medicine (Division of Breast Imaging)",United States,Durham,North Carolina,Clinical Fellowship,Not stated on official page,2028–2029,1 December 2026 (applications accepted from 1 October 2026),US applicants must be board-eligible or board-certified in radiology.,Non-US citizens must have passed the USMLE.,Non-ACGME,FellowshipsCAS; SBI Match via NRMP ($75 registration fee); interviews completed by 31 March 2027.,Not stated on official page,Not stated on official page,Not stated on official page,North Carolina medical license before the start of fellowship.,"Duke's breast imaging fellowship recruits through the SBI Breast Imaging Fellowship Match managed by the NRMP, with virtual interviews.",3 October 2026,https://radiology.duke.edu/about/clinical-divisions/breast-imaging/fellowship | https://radiology.duke.edu/education/fellowships
/programs/cardiothoracic-imaging-fellowship-duke-university,Cardiothoracic Imaging Fellowship,Duke University,Radiology,Cardiothoracic imaging,"Department of Radiology, Duke University School of Medicine (Division of Cardiothoracic Imaging)",United States,Durham,North Carolina,Clinical Fellowship,1 year,Not stated on official page,Rolling review; applications accepted from 1 November (SCARD); interviews from 11 January 2027,USMLE required (US and foreign graduates); ABR-eligible; must qualify for a DEA number and North Carolina medical license.,Graduates of non-US/non-Canadian medical schools must have completed 3 consecutive years of training at a US or Canadian accredited medical center to obtain a North Carolina licence; faculty-limited licensure is not available for fellowship positions.,Non-ACGME,Send completed application materials to the Fellowship Director.,Up to 4 per year,Not stated on official page,Not stated on official page,North Carolina medical license.,"A one-year fellowship providing comprehensive training in pulmonary, cardiac and vascular imaging, structured for careers in academic radiology or the private sector.",3 October 2026,https://radiology.duke.edu/about/clinical-divisions/cardiothoracic-imaging/fellowship | https://radiology.duke.edu/education/fellowships
/programs/musculoskeletal-imaging-fellowship-duke-university,Musculoskeletal Imaging Fellowship,Duke University,Radiology,Musculoskeletal imaging,"Department of Radiology, Duke University School of Medicine (Division of Musculoskeletal Imaging)",United States,Durham,North Carolina,Clinical Fellowship,1 year,As stated on page: 2027–2028 academic year (applications from 1 September 2026; Match Day 5 May 2027),Applications open 1 September 2026,USMLE required.,Non-US citizens require an H1-B visa; a student visa is unacceptable.,Non-ACGME,Online MSK Fellowship Application followed by supplemental documents; SSR MSK Fellowship Match.,Not stated on official page,Not stated on official page,H1-B visa required for non-US citizens.,Full North Carolina medical licence required (a training licence will not suffice).,The Duke Musculoskeletal Imaging fellowship is a one-year fellowship providing training for a future career in academic or private practice radiology.,3 October 2026,https://radiology.duke.edu/about/clinical-divisions/musculoskeletal-imaging/fellowship | https://radiology.duke.edu/education/fellowships
/programs/neuroradiology-fellowship-duke-university,Neuroradiology Fellowship,Duke University,Radiology,Neuroradiology,"Department of Radiology, Duke University School of Medicine (Division of Neuroradiology)",United States,Durham,North Carolina,Clinical Fellowship,1 year or 2 years (research pathway),Not stated on official page,Not stated on official page,USMLE required.,Non-US citizens require a J1 or H1-B visa; a student visa is unacceptable.,Not stated on official page,ERAS (with NRMP Match calendar).,Not stated on official page,Not stated on official page,J1 or H1-B visa required for non-US citizens.,North Carolina Medical Board license (full or training) and Duke credentialing required before training.,Duke offers a traditional one-year clinical neuroradiology fellowship and a two-year pathway combining mentored research with clinical training for future academic neuroradiologists.,3 October 2026,https://radiology.duke.edu/about/clinical-divisions/neuroradiology/fellowship
/programs/nuclear-medicine-and-radiotheranostics-fellowship-duke-university,Nuclear Medicine and Radiotheranostics Fellowship,Duke University,Radiology,Nuclear medicine / Molecular imaging,"Department of Radiology, Duke University School of Medicine (Division of Nuclear Medicine and Radiotheranostics)",United States,Durham,North Carolina,Clinical Fellowship,Not stated on official page,2027–2028 academic year,Applications accepted from 1 November 2025,Not stated on official page,Not stated on official page,Not stated on official page,Email application form and required documents to nuclearmedicine@duke.edu.,Not stated on official page,Not stated on official page,Not stated on official page,Not stated on official page,"Duke's Nuclear Medicine and Radiotheranostics fellowship trains future nuclear medicine and molecular imaging leaders in patient care, education and research, including radiotheranostic imaging and therapeutics.",3 October 2026,https://radiology.duke.edu/about/clinical-divisions/nuclear-medicine-and-radiotheranostics/fellowship
/programs/pediatric-radiology-fellowship-duke-university,Pediatric Radiology Fellowship,Duke University,Radiology,Paediatric radiology,"Department of Radiology, Duke University School of Medicine (Division of Pediatric Radiology)",United States,Durham,North Carolina,Clinical Fellowship,Not stated on official page,Not stated on official page,Not stated on official page,Not stated on official page,Not stated on official page,ACGME,Complete application form and submit supporting documents to dukepediatricfellowship@duke.edu.,Not stated on official page,Not stated on official page,Not stated on official page,Not stated on official page,"An ACGME-certified fellowship in diagnostic pediatric radiology based in the McGovern-Davidson Children's Health Center, where over 100,000 pediatric examinations are performed annually.",3 October 2026,https://radiology.duke.edu/about/clinical-divisions/pediatric-radiology/fellowship
/programs/independent-interventional-radiology-residency-duke-university,Independent Interventional Radiology Residency,Duke University,Radiology,Interventional radiology,"Department of Radiology, Duke University School of Medicine (Division of Vascular and Interventional Radiology)",United States,Durham,North Carolina,Independent Residency (post-DR),1 or 2 years,Not stated on official page,Not stated on official page,Not stated on official page,Not stated on official page,Accredited (as stated on official page),Not stated on official page,Not stated on official page,Not stated on official page,Not stated on official page,Not stated on official page,Duke offers a 1- or 2-year accredited independent IR residency for diagnostic radiology residents alongside its 5-year integrated IR residency.,3 October 2026,https://radiology.duke.edu/education/interventional-radiology-residency
/programs/abdominal-radiology-fellowship-minnesota-mayo-clinic,Abdominal Radiology Fellowship (Minnesota),Mayo Clinic — Minnesota,Radiology,Abdominal/Body imaging,"Department of Radiology, Mayo Clinic School of Graduate Medical Education",United States,Rochester,Minnesota,Clinical Fellowship,1 year,July,Interviews January–March each year (SCARD timeline),"Board certified or eligible for certification, with completion of a four-year accredited radiology residency program.","Foreign medical graduates generally not eligible unless they have completed at least one year of postgraduate clinical training in an approved US or Canadian program (occasional exceptions). Open to US citizens, permanent US immigrants and international applicants; graduates of medical schools outside the US and Canada must hold ECFMG certification (visa sponsorship information via ECFMG).",Not stated on official page,Recruit (third-party application service); no matching program services used. Requires letter from residency program director.,1,Not stated on official page,Not stated on official page,Not stated on official page,"Subspecialty training in the imaging and interventional aspects of abdominal imaging, with special emphasis on diseases of the gastrointestinal and genitourinary systems.",3 October 2026,https://college.mayo.edu/academics/residencies-and-fellowships/abdominal-radiology-fellowship-minnesota/ | https://college.mayo.edu/academics/residencies-and-fellowships/radiology/ | https://college.mayo.edu/academics/residencies-and-fellowships/abdominal-radiology-fellowship-minnesota/application-process/ | https://college.mayo.edu/academics/residencies-and-fellowships/admissions-and-benefits/
/programs/abdominal-body-radiology-fellowship-arizona-mayo-clinic,Abdominal/Body Radiology Fellowship (Arizona),Mayo Clinic — Arizona,Radiology,Abdominal/Body imaging,"Department of Radiology, Mayo Clinic School of Graduate Medical Education",United States,Phoenix/Scottsdale,Arizona,Clinical Fellowship,1 year,2028–2029 academic year (interviews 13 January 2027),Applications accepted 1 October – 1 December two years before the start of the program,Completed an ACGME-accredited diagnostic radiology residency; board-certified or board-eligible in diagnostic radiology at start.,IMGs generally not eligible unless they have completed at least three years of ACGME-accredited postgraduate clinical training in the US or Canada (occasional exceptions).,Not stated on official page,Recruit; virtual interview; no matching program services used (SCARD non-match timeline).,Up to 2,Not stated on official page,Not stated on official page,Not stated on official page,"Covers all facets of abdominal and pelvic imaging, including MRI, CT and ultrasound, with emphasis on gastrointestinal and genitourinary disease.",3 October 2026,https://college.mayo.edu/academics/residencies-and-fellowships/abdominalbody-radiology-fellowship-arizona/ | https://college.mayo.edu/academics/residencies-and-fellowships/radiology/ | https://college.mayo.edu/academics/residencies-and-fellowships/abdominalbody-radiology-fellowship-arizona/application-process/ | https://college.mayo.edu/academics/residencies-and-fellowships/admissions-and-benefits/
/programs/body-imaging-and-intervention-fellowship-minnesota-mayo-clinic,Body Imaging and Intervention Fellowship (Minnesota),Mayo Clinic — Minnesota,Radiology,Abdominal/Body imaging,"Department of Radiology, Mayo Clinic School of Graduate Medical Education",United States,Rochester,Minnesota,Clinical Fellowship,1 year,July,Rolling review; early applications encouraged,"Board certified or eligible for certification, with completion of a four-year accredited radiology residency program.","Open to US citizens, permanent US immigrants and international applicants; graduates of medical schools outside the US and Canada must hold ECFMG certification (visa sponsorship information via ECFMG).",Not stated on official page,Recruit (third-party application service); no matching program services used. Three letters of recommendation.,3,Not stated on official page,Not stated on official page,Not stated on official page,"A one-year fellowship preparing radiologists for subspecialty or academic careers in body imaging, focused on CT, ultrasound and MRI with image-guided intervention.",3 October 2026,https://college.mayo.edu/academics/residencies-and-fellowships/body-imaging-and-intervention-fellowship-minnesota/ | https://college.mayo.edu/academics/residencies-and-fellowships/radiology/ | https://college.mayo.edu/academics/residencies-and-fellowships/body-imaging-and-intervention-fellowship-minnesota/application-process/ | https://college.mayo.edu/academics/residencies-and-fellowships/admissions-and-benefits/
/programs/body-imaging-fellowship-florida-mayo-clinic,Body Imaging Fellowship (Florida),Mayo Clinic — Florida,Radiology,Abdominal/Body imaging,"Department of Radiology, Mayo Clinic School of Graduate Medical Education",United States,Jacksonville,Florida,Clinical Fellowship,1 year,8 July (starting in 2027),Not stated on official page,Completed an ACGME-accredited diagnostic radiology training program; board-certified or board-eligible in diagnostic radiology by start.,"Open to US citizens, permanent US immigrants and international applicants; graduates of medical schools outside the US and Canada must hold ECFMG certification (visa sponsorship information via ECFMG).",Not stated on official page,Recruit (third-party application service); no matching program services used. Three letters including one from residency program director; SCARD timeline.,2,Not stated on official page,Not stated on official page,Not stated on official page,"An intensive, flexible one-year fellowship focused on body MRI with additional advanced training in CT- and ultrasound-guided procedures, diagnostic CT, ultrasound and contrast-enhanced ultrasound.",3 October 2026,https://college.mayo.edu/academics/residencies-and-fellowships/body-imaging-fellowship-florida/ | https://college.mayo.edu/academics/residencies-and-fellowships/radiology/ | https://college.mayo.edu/academics/residencies-and-fellowships/body-imaging-fellowship-florida/application-process/ | https://college.mayo.edu/academics/residencies-and-fellowships/admissions-and-benefits/
/programs/breast-imaging-fellowship-arizona-mayo-clinic,Breast Imaging Fellowship (Arizona),Mayo Clinic — Arizona,Radiology,Breast imaging,"Department of Radiology, Mayo Clinic School of Graduate Medical Education",United States,Phoenix/Scottsdale,Arizona,Clinical Fellowship,1 year,Not stated on official page,1 December (applications accepted 1 October – 1 December two years before start),Completed an ACGME-accredited diagnostic radiology training program; board certified or eligible at onset.,"Open to US citizens, permanent US immigrants and international applicants; graduates of medical schools outside the US and Canada must hold ECFMG certification (visa sponsorship information via ECFMG).",Not stated on official page,Recruit; SBI Radiology Fellowship Match via NRMP.,Up to 2,Not stated on official page,Not stated on official page,Not stated on official page,Patient-centred breast imaging training covering the fundamentals and the most advanced breast imaging techniques at one of the premier breast imaging centres in the Southwest.,3 October 2026,https://college.mayo.edu/academics/residencies-and-fellowships/breast-imaging-fellowship-arizona/ | https://college.mayo.edu/academics/residencies-and-fellowships/radiology/ | https://college.mayo.edu/academics/residencies-and-fellowships/breast-imaging-fellowship-arizona/application-process/ | https://college.mayo.edu/academics/residencies-and-fellowships/admissions-and-benefits/
/programs/breast-imaging-fellowship-florida-mayo-clinic,Breast Imaging Fellowship (Florida),Mayo Clinic — Florida,Radiology,Breast imaging,"Department of Radiology, Mayo Clinic School of Graduate Medical Education",United States,Jacksonville,Florida,Clinical Fellowship,1 year,Not stated on official page,1 December (applications from 1 October 2026),Completed an ACGME-accredited diagnostic radiology training program; board certified or eligible at onset.,"Open to US citizens, permanent US immigrants and international applicants; graduates of medical schools outside the US and Canada must hold ECFMG certification (visa sponsorship information via ECFMG).",Not stated on official page,Recruit; SBI Radiology Fellowship Match via NRMP.,1,Not stated on official page,Not stated on official page,Not stated on official page,"A one-year multidisciplinary breast imaging fellowship covering fundamentals, image-guided breast interventions and advanced breast imaging, with a personalised approach of one fellow per year.",3 October 2026,https://college.mayo.edu/academics/residencies-and-fellowships/breast-imaging-fellowship-florida/ | https://college.mayo.edu/academics/residencies-and-fellowships/radiology/ | https://college.mayo.edu/academics/residencies-and-fellowships/breast-imaging-fellowship-florida/application-process/ | https://college.mayo.edu/academics/residencies-and-fellowships/admissions-and-benefits/
/programs/mammography-women-s-imaging-fellowship-minnesota-mayo-clinic,Mammography/Women's Imaging Fellowship (Minnesota),Mayo Clinic — Minnesota,Radiology,Breast imaging,"Department of Radiology, Mayo Clinic School of Graduate Medical Education",United States,Rochester,Minnesota,Clinical Fellowship,1 year,Not stated on official page,Interviews after 1 January until NRMP registration opens,"Board certified or eligible for certification, with completion of a four-year accredited radiology residency program.","Open to US citizens, permanent US immigrants and international applicants; graduates of medical schools outside the US and Canada must hold ECFMG certification (visa sponsorship information via ECFMG).",Not stated on official page,Online application plus registration in the NRMP Radiology Match (SBI).,3,Not stated on official page,Not stated on official page,Not stated on official page,"Prepares radiologists for subspecialty practice or an academic career in breast/women's imaging within a busy, high-volume multidisciplinary breast practice.",3 October 2026,https://college.mayo.edu/academics/residencies-and-fellowships/mammographywomens-imaging-fellowship-minnesota/ | https://college.mayo.edu/academics/residencies-and-fellowships/radiology/ | https://college.mayo.edu/academics/residencies-and-fellowships/mammographywomens-imaging-fellowship-minnesota/application-process/ | https://college.mayo.edu/academics/residencies-and-fellowships/admissions-and-benefits/
/programs/cardiothoracic-imaging-fellowship-florida-mayo-clinic,Cardiothoracic Imaging Fellowship (Florida),Mayo Clinic — Florida,Radiology,Cardiothoracic imaging,"Department of Radiology, Mayo Clinic School of Graduate Medical Education",United States,Jacksonville,Florida,Clinical Fellowship,12 months,July,Applications from 1 May and received by 1 January two years before start; interviews 1 December – 31 March,"Board certified or eligible for certification, with completion of a four-year accredited radiology residency program.","Open to US citizens, permanent US immigrants and international applicants; graduates of medical schools outside the US and Canada must hold ECFMG certification (visa sponsorship information via ECFMG).",Not stated on official page,Recruit (third-party application service); no matching program services used.,2 (beginning in 2027),Not stated on official page,Not stated on official page,Not stated on official page,A 12-month fellowship providing a high degree of proficiency in all facets of cardiothoracic radiology with mentorship from the divisions of Cardiovascular and Thoracic Radiology.,3 October 2026,https://college.mayo.edu/academics/residencies-and-fellowships/cardiothoracic-imaging-fellowship-florida/ | https://college.mayo.edu/academics/residencies-and-fellowships/radiology/ | https://college.mayo.edu/academics/residencies-and-fellowships/cardiothoracic-imaging-fellowship-florida/application-process/ | https://college.mayo.edu/academics/residencies-and-fellowships/admissions-and-benefits/
/programs/cardiothoracic-imaging-fellowship-minnesota-mayo-clinic,Cardiothoracic Imaging Fellowship (Minnesota),Mayo Clinic — Minnesota,Radiology,Cardiothoracic imaging,"Department of Radiology, Mayo Clinic School of Graduate Medical Education",United States,Rochester,Minnesota,Clinical Fellowship,1 year,July,Interviews 1 December – 31 March each year,"Board certified or eligible for certification, with completion of a four-year accredited radiology residency program.","Open to US citizens, permanent US immigrants and international applicants; graduates of medical schools outside the US and Canada must hold ECFMG certification (visa sponsorship information via ECFMG).",Not stated on official page,Recruit (third-party application service); no matching program services used.,2,Not stated on official page,Not stated on official page,Not stated on official page,A one-year fellowship providing exceptional clinical and academic experience for subspecialty private or academic practice in cardiothoracic radiology.,3 October 2026,https://college.mayo.edu/academics/residencies-and-fellowships/cardiothoracic-imaging-fellowship-minnesota/ | https://college.mayo.edu/academics/residencies-and-fellowships/radiology/ | https://college.mayo.edu/academics/residencies-and-fellowships/cardiothoracic-imaging-fellowship-minnesota/application-process/ | https://college.mayo.edu/academics/residencies-and-fellowships/admissions-and-benefits/
/programs/endovascular-surgical-neuroradiology-fellowship-florida-mayo-clinic,Endovascular Surgical Neuroradiology Fellowship (Florida),Mayo Clinic — Florida,Radiology,Neurointerventional radiology,"Department of Radiology, Mayo Clinic School of Graduate Medical Education",United States,Jacksonville,Florida,Clinical Fellowship,2 years (one-year position considered in special circumstances),July,Complete application by 1 January of the previous year (applications accepted year-round),"Board-eligible (or equivalent), fully trained resident in neurosurgery, neurology or radiology.","Open to US citizens, permanent US immigrants and international applicants; graduates of medical schools outside the US and Canada must hold ECFMG certification (visa sponsorship information via ECFMG).",Not stated on official page,Recruit (third-party application service); no matching program services used.,1,Not stated on official page,Not stated on official page,Not stated on official page,A neuroendovascular fellowship offering broad exposure to cerebrovascular disorders with a state-of-the-art multidisciplinary management approach.,3 October 2026,https://college.mayo.edu/academics/residencies-and-fellowships/endovascular-surgical-neuroradiology-fellowship-florida/ | https://college.mayo.edu/academics/residencies-and-fellowships/radiology/ | https://college.mayo.edu/academics/residencies-and-fellowships/endovascular-surgical-neuroradiology-fellowship-florida/application-process/ | https://college.mayo.edu/academics/residencies-and-fellowships/admissions-and-benefits/
/programs/hospital-emergency-radiology-fellowship-minnesota-mayo-clinic,Hospital Emergency Radiology Fellowship (Minnesota),Mayo Clinic — Minnesota,Radiology,Emergency radiology,"Department of Radiology, Mayo Clinic School of Graduate Medical Education",United States,Rochester,Minnesota,Clinical Fellowship,1 year,July,Rolling review; early applications encouraged,Board-certified or board-eligible with completion of an ACGME four-year accredited radiology residency.,"Open to US citizens, permanent US immigrants and international applicants; graduates of medical schools outside the US and Canada must hold ECFMG certification (visa sponsorship information via ECFMG).",Not stated on official page,Recruit (third-party application service); no matching program services used.,1,Not stated on official page,Not stated on official page,Not stated on official page,A one-year fellowship developing next-generation acute care imaging experts across the full breadth of emergency and trauma radiology.,3 October 2026,https://college.mayo.edu/academics/residencies-and-fellowships/hospital-emergency-radiology-fellowship-minnesota/ | https://college.mayo.edu/academics/residencies-and-fellowships/radiology/ | https://college.mayo.edu/academics/residencies-and-fellowships/admissions-and-benefits/
/programs/musculoskeletal-imaging-fellowship-arizona-mayo-clinic,Musculoskeletal Imaging Fellowship (Arizona),Mayo Clinic — Arizona,Radiology,Musculoskeletal imaging,"Department of Radiology, Mayo Clinic School of Graduate Medical Education",United States,Phoenix/Scottsdale,Arizona,Clinical Fellowship,1 year,Not stated on official page,Applications accepted 1 October – 1 December two years before start,Completed an ACGME-accredited diagnostic radiology program; board certified or eligible at onset.,"Open to US citizens, permanent US immigrants and international applicants; graduates of medical schools outside the US and Canada must hold ECFMG certification (visa sponsorship information via ECFMG).",Not stated on official page,Recruit plus NRMP Radiology Match registration.,Up to 2,Not stated on official page,Not stated on official page,Not stated on official page,"A one-year programme teaching radiologists to plan, perform and interpret musculoskeletal imaging in outpatient and inpatient settings.",3 October 2026,https://college.mayo.edu/academics/residencies-and-fellowships/musculoskeletal-imaging-fellowship-arizona/ | https://college.mayo.edu/academics/residencies-and-fellowships/radiology/ | https://college.mayo.edu/academics/residencies-and-fellowships/musculoskeletal-imaging-fellowship-arizona/application-process/ | https://college.mayo.edu/academics/residencies-and-fellowships/admissions-and-benefits/
/programs/musculoskeletal-imaging-fellowship-florida-mayo-clinic,Musculoskeletal Imaging Fellowship (Florida),Mayo Clinic — Florida,Radiology,Musculoskeletal imaging,"Department of Radiology, Mayo Clinic School of Graduate Medical Education",United States,Jacksonville,Florida,Clinical Fellowship,1 year,Not stated on official page,10 January (applications from 1 November; rolling review),Completed a radiology residency; board-eligible or board-certified in radiology.,"Open to US citizens, permanent US immigrants and international applicants; graduates of medical schools outside the US and Canada must hold ECFMG certification (visa sponsorship information via ECFMG).",Not stated on official page,Recruit plus SSR MSK Fellowship Match (NRMP).,2,Not stated on official page,Not stated on official page,Not stated on official page,A one-year fellowship providing subspecialty training in the imaging and interventional aspects of musculoskeletal radiology.,3 October 2026,https://college.mayo.edu/academics/residencies-and-fellowships/musculoskeletal-imaging-fellowship-florida/ | https://college.mayo.edu/academics/residencies-and-fellowships/radiology/ | https://college.mayo.edu/academics/residencies-and-fellowships/musculoskeletal-imaging-fellowship-florida/application-process/ | https://college.mayo.edu/academics/residencies-and-fellowships/admissions-and-benefits/
/programs/musculoskeletal-imaging-fellowship-minnesota-mayo-clinic,Musculoskeletal Imaging Fellowship (Minnesota),Mayo Clinic — Minnesota,Radiology,Musculoskeletal imaging,"Department of Radiology, Mayo Clinic School of Graduate Medical Education",United States,Rochester,Minnesota,Clinical Fellowship,1 year,Not stated on official page,Interviews 1 December – 31 March,"Board certified or eligible for certification, with completion of a four-year accredited radiology residency program.","Open to US citizens, permanent US immigrants and international applicants; graduates of medical schools outside the US and Canada must hold ECFMG certification (visa sponsorship information via ECFMG).",Not stated on official page,Recruit plus NRMP Radiology Match (SSR).,4,Not stated on official page,Not stated on official page,Not stated on official page,A one-year fellowship delivering a detailed learning experience that enables fellows to become highly proficient at musculoskeletal imaging.,3 October 2026,https://college.mayo.edu/academics/residencies-and-fellowships/musculoskeletal-imaging-fellowship-minnesota/ | https://college.mayo.edu/academics/residencies-and-fellowships/radiology/ | https://college.mayo.edu/academics/residencies-and-fellowships/musculoskeletal-imaging-fellowship-minnesota/application-process/ | https://college.mayo.edu/academics/residencies-and-fellowships/admissions-and-benefits/
/programs/neuroradiology-fellowship-arizona-mayo-clinic,Neuroradiology Fellowship (Arizona),Mayo Clinic — Arizona,Radiology,Neuroradiology,"Department of Radiology, Mayo Clinic School of Graduate Medical Education",United States,Phoenix/Scottsdale,Arizona,Clinical Fellowship,1 year,1 July,Per Match timelines of the year preceding appointment; virtual interviews January–March,Board-certified or board-eligible; completed an ACGME four-year diagnostic radiology residency.,"Open to US citizens, permanent US immigrants and international applicants; graduates of medical schools outside the US and Canada must hold ECFMG certification (visa sponsorship information via ECFMG).",ACGME accredited,ERAS; three letters of recommendation.,2,Not stated on official page,Not stated on official page,Not stated on official page,"A one-year ACGME-accredited fellowship covering adult and pediatric neuroradiology of the brain, spine and head and neck, including image-guided interventions.",3 October 2026,https://college.mayo.edu/academics/residencies-and-fellowships/neuroradiology-fellowship-arizona/ | https://college.mayo.edu/academics/residencies-and-fellowships/radiology/ | https://college.mayo.edu/academics/residencies-and-fellowships/neuroradiology-fellowship-arizona/application-process/ | https://college.mayo.edu/academics/residencies-and-fellowships/admissions-and-benefits/
/programs/neuroradiology-fellowship-florida-mayo-clinic,Neuroradiology Fellowship (Florida),Mayo Clinic — Florida,Radiology,Neuroradiology,"Department of Radiology, Mayo Clinic School of Graduate Medical Education",United States,Jacksonville,Florida,Clinical Fellowship,1 year,1 July,Per Match timelines of the year preceding appointment,"Board certified or eligible for certification, with completion of a four-year accredited radiology residency program.","Open to US citizens, permanent US immigrants and international applicants; graduates of medical schools outside the US and Canada must hold ECFMG certification (visa sponsorship information via ECFMG).",Not stated on official page,ERAS and NRMP Specialties Matching Service.,2,Not stated on official page,Not stated on official page,Not stated on official page,"A one-year programme covering all disciplines of adult and pediatric neuroradiology including brain, head and neck, neurovascular and spine imaging.",3 October 2026,https://college.mayo.edu/academics/residencies-and-fellowships/neuroradiology-fellowship-florida/ | https://college.mayo.edu/academics/residencies-and-fellowships/radiology/ | https://college.mayo.edu/academics/residencies-and-fellowships/neuroradiology-fellowship-florida/application-process/ | https://college.mayo.edu/academics/residencies-and-fellowships/admissions-and-benefits/
/programs/neuroradiology-fellowship-minnesota-mayo-clinic,Neuroradiology Fellowship (Minnesota),Mayo Clinic — Minnesota,Radiology,Neuroradiology,"Department of Radiology, Mayo Clinic School of Graduate Medical Education",United States,Rochester,Minnesota,Clinical Fellowship,1 year,1 July,Per Match timelines; virtual interviews January–March,"Board certified or eligible for certification, with completion of a four-year accredited radiology residency program.","Open to US citizens, permanent US immigrants and international applicants; graduates of medical schools outside the US and Canada must hold ECFMG certification (visa sponsorship information via ECFMG).",Not stated on official page,ERAS and NRMP Specialties Matching Service.,7,Not stated on official page,Not stated on official page,Not stated on official page,"A one-year programme covering all disciplines of adult and pediatric neuroradiology, including advanced MRI, CT angiography/perfusion and spine procedures.",3 October 2026,https://college.mayo.edu/academics/residencies-and-fellowships/neuroradiology-fellowship-minnesota/ | https://college.mayo.edu/academics/residencies-and-fellowships/radiology/ | https://college.mayo.edu/academics/residencies-and-fellowships/neuroradiology-fellowship-minnesota/application-process/ | https://college.mayo.edu/academics/residencies-and-fellowships/admissions-and-benefits/
/programs/nuclear-radiology-fellowship-arizona-mayo-clinic,Nuclear Radiology Fellowship (Arizona),Mayo Clinic — Arizona,Radiology,Nuclear medicine / Molecular imaging,"Department of Radiology, Mayo Clinic School of Graduate Medical Education",United States,Phoenix/Scottsdale,Arizona,Clinical Fellowship,12 months,Not stated on official page,1 December (applications 1 October – 1 December two years before start),Board certified or eligible; completed accredited radiology residency.,"Open to US citizens, permanent US immigrants and international applicants; graduates of medical schools outside the US and Canada must hold ECFMG certification (visa sponsorship information via ECFMG).",Not stated on official page,Online application; no matching program services used.,1,Not stated on official page,Not stated on official page,Not stated on official page,A 12-month fellowship with advanced training in all aspects of nuclear medicine and molecular imaging plus radionuclide therapy.,3 October 2026,https://college.mayo.edu/academics/residencies-and-fellowships/nuclear-radiology-fellowship-arizona/ | https://college.mayo.edu/academics/residencies-and-fellowships/radiology/ | https://college.mayo.edu/academics/residencies-and-fellowships/nuclear-radiology-fellowship-arizona/application-process/ | https://college.mayo.edu/academics/residencies-and-fellowships/admissions-and-benefits/
/programs/nuclear-radiology-fellowship-minnesota-mayo-clinic,Nuclear Radiology Fellowship (Minnesota),Mayo Clinic — Minnesota,Radiology,Nuclear medicine / Molecular imaging,"Department of Radiology, Mayo Clinic School of Graduate Medical Education",United States,Rochester,Minnesota,Clinical Fellowship,12 months,Not stated on official page,Interviews 1 December – 31 March,"Board certified or eligible for certification, with completion of a four-year accredited radiology residency program.","Open to US citizens, permanent US immigrants and international applicants; graduates of medical schools outside the US and Canada must hold ECFMG certification (visa sponsorship information via ECFMG).",Not stated on official page,Not stated on official page,3,Not stated on official page,Not stated on official page,Not stated on official page,A 12-month fellowship teaching the use of diagnostic and selective therapeutic radionuclides and radiopharmaceuticals across a wide spectrum of disease.,3 October 2026,https://college.mayo.edu/academics/residencies-and-fellowships/nuclear-radiology-fellowship-minnesota/ | https://college.mayo.edu/academics/residencies-and-fellowships/radiology/ | https://college.mayo.edu/academics/residencies-and-fellowships/nuclear-radiology-fellowship-minnesota/application-process/ | https://college.mayo.edu/academics/residencies-and-fellowships/admissions-and-benefits/
/programs/pediatric-radiology-fellowship-florida-mayo-clinic,Pediatric Radiology Fellowship (Florida),Mayo Clinic — Florida,Radiology,Paediatric radiology,"Department of Radiology, Mayo Clinic School of Graduate Medical Education",United States,Jacksonville,Florida,Clinical Fellowship,1 year,1 July,Not stated on official page,Completed an ACGME-accredited four-year diagnostic radiology residency.,"ABR Alternate Pathway (IMG) applicants considered case by case. Open to US citizens, permanent US immigrants and international applicants; graduates of medical schools outside the US and Canada must hold ECFMG certification (visa sponsorship information via ECFMG).",ACGME accredited,Recruit (third-party application service); no matching program services used.,1,Not stated on official page,Not stated on official page,Not stated on official page,"Offered through Nemours Children's Clinic at Wolfson Children's Hospital in Jacksonville under Mayo Clinic sponsorship, training across acute, chronic and complex pediatric imaging.",3 October 2026,https://college.mayo.edu/academics/residencies-and-fellowships/pediatric-radiology-fellowship-florida/ | https://college.mayo.edu/academics/residencies-and-fellowships/radiology/ | https://college.mayo.edu/academics/residencies-and-fellowships/admissions-and-benefits/
/programs/radiology-informatics-and-artificial-intelligence-fellowship-minnesota-mayo-clinic,Radiology Informatics and Artificial Intelligence Fellowship (Minnesota),Mayo Clinic — Minnesota,Radiology,Imaging informatics & AI,"Department of Radiology, Mayo Clinic School of Graduate Medical Education",United States,Rochester,Minnesota,Clinical Fellowship,1 year,July,Rolling review; interviews 1 December – 31 March,Board certified or eligible; completed a four-year accredited radiology program.,"Open to US citizens, permanent US immigrants and international applicants; graduates of medical schools outside the US and Canada must hold ECFMG certification (visa sponsorship information via ECFMG).",Not stated on official page,Not stated on official page,1,Not stated on official page,Not stated on official page,Not stated on official page,"Offers post-residency radiologists training across imaging informatics, spanning clinical radiology, information technology, physics, computer science and engineering.",3 October 2026,https://college.mayo.edu/academics/residencies-and-fellowships/radiology-informatics-and-artificial-intelligence-fellowship-minnesota/ | https://college.mayo.edu/academics/residencies-and-fellowships/radiology/ | https://college.mayo.edu/academics/residencies-and-fellowships/radiology-informatics-and-artificial-intelligence-fellowship-minnesota/application-process/ | https://college.mayo.edu/academics/residencies-and-fellowships/admissions-and-benefits/
/programs/vascular-interventional-radiology-fellowship-florida-mayo-clinic,Vascular Interventional Radiology Fellowship (Florida),Mayo Clinic — Florida,Radiology,Interventional radiology,"Department of Radiology, Mayo Clinic School of Graduate Medical Education",United States,Jacksonville,Florida,Clinical Fellowship,1 year,July,Early applications encouraged; interviews February–April,Not stated on official page,"IMGs should contact ECFMG regarding applying through ERAS. Open to US citizens, permanent US immigrants and international applicants; graduates of medical schools outside the US and Canada must hold ECFMG certification (visa sponsorship information via ECFMG).",Not stated on official page,ERAS; all appointments through the NRMP.,Not stated on official page,Not stated on official page,Not stated on official page,Not stated on official page,A one-year vascular interventional radiology fellowship at Mayo Clinic in Jacksonville with appointments made through the NRMP.,3 October 2026,https://college.mayo.edu/academics/residencies-and-fellowships/vascular-interventional-radiology-fellowship-florida/ | https://college.mayo.edu/academics/residencies-and-fellowships/radiology/ | https://college.mayo.edu/academics/residencies-and-fellowships/admissions-and-benefits/
/programs/abdominal-body-imaging-fellowship-stanford-medicine,Abdominal/Body Imaging Fellowship,Stanford Medicine,Radiology,Abdominal/Body imaging,"Department of Radiology, Stanford University School of Medicine (Body Imaging Division)",United States,Stanford,California,Clinical Fellowship,1 year (up to two fellows may train for two years via the Stanford Cancer Imaging Training (SCIT) programme),2028–2029 academic year (applications open 1 September 2026),Not stated on official page,Successful completion of an ACGME radiology residency in a US or Canadian program.,Applicants must have completed an ACGME radiology residency in a US or Canadian program.,Non-accredited program (stated on official page),"Online application system; CV, personal statement, USMLE (or equivalent) scores and 3 letters of recommendation (one from program director).",Not stated on official page,Not stated on official page,Not stated on official page,California Medical License required prior to start of fellowship.,The Stanford Abdominal/Body Imaging Fellowship is a one-year clinical fellowship that provides structured training and broad exposure to abdominal/body imaging.,3 October 2026,https://med.stanford.edu/bodyimaging/education/bodyfellows.html
/programs/breast-imaging-fellowship-stanford-medicine,Breast Imaging Fellowship,Stanford Medicine,Radiology,Breast imaging,"Department of Radiology, Stanford University School of Medicine (Division of Breast Imaging)",United States,Stanford,California,Clinical Fellowship,1 year,1 July 2028 (academic period 1 July 2028 – 30 June 2029),1 December 2026,Graduated from a certified radiology residency; ABR certified or passed the ABR Core Exam prior to the appointment start date.,Not stated on official page,Not stated on official page,FellowshipsCAS Applicant Portal; virtual interviews January–March 2027.,4,Not stated on official page,Not stated on official page,California Medical License required.,"Stanford's Breast Imaging Fellowship provides comprehensive training in DBT mammography, diagnostic and automated breast ultrasound, breast MRI, contrast-enhanced mammography and image-guided breast procedures.",3 October 2026,https://med.stanford.edu/breastimaging/education/fellowship.html
/programs/cardiovascular-imaging-fellowship-stanford-medicine,Cardiovascular Imaging Fellowship,Stanford Medicine,Radiology,Cardiothoracic imaging,"Department of Radiology, Stanford University School of Medicine (Cardiovascular Imaging Section)",United States,Stanford,California,Clinical Fellowship,1 year,2027–2028 and 2028–2029 academic years,Applications for 2028–2029 open 1 September (no closing date stated),Board certified or board eligible in radiology.,Not stated on official page,Not stated on official page,Online application (opens 1 September); for 2027–2028 contact the program coordinator by email.,2 for 2027–2028; 3 for 2028–2029,Not stated on official page,Not stated on official page,Must qualify for medical licensure in California.,The Cardiovascular Imaging Fellowship provides one year of training in noninvasive cardiovascular imaging using CT and MRI across Stanford University Hospital and Lucile Packard Children's Hospital.,3 October 2026,https://med.stanford.edu/cvimaging/education/fellowship.html
/programs/cardiothoracic-imaging-fellowship-stanford-medicine,Cardiothoracic Imaging Fellowship,Stanford Medicine,Radiology,Cardiothoracic imaging,"Department of Radiology, Stanford University School of Medicine (Cardiothoracic Imaging Section)",United States,Stanford,California,Clinical Fellowship,1 year (approximately 20% of time set aside for scholarly activities),Not stated on official page,Not stated on official page,Not stated on official page,Not stated on official page,Not stated on official page,Not stated on official page,Not stated on official page,Not stated on official page,Not stated on official page,Not stated on official page,"A one-year, well-balanced academic training program encompassing the basic and advanced clinical and research areas of cardiothoracic imaging, with strengths in interstitial lung disease, thoracic oncology and organ transplantation.",3 October 2026,https://med.stanford.edu/thoracicimaging/education/applicants.html
/programs/independent-interventional-radiology-residency-stanford-medicine,Independent Interventional Radiology Residency,Stanford Medicine,Radiology,Interventional radiology,"Department of Radiology, Stanford University School of Medicine (Division of Vascular and Interventional Radiology)",United States,Stanford,California,Independent Residency (post-DR),1 or 2 years (ESIR graduates may enter in the second/final year),July 2027 (2026–2027 NRMP cycle; Match Day 5 May 2027),All materials must be received by 2 December 2026,Completion of a diagnostic radiology residency; both ESIR and non-ESIR applicants accepted.,Not stated on official page,ACGME accredited,"ERAS (ACGME/RCPSC/UCNS Fellowship – December cycle) and NRMP Radiology Fellowship Match; personal statement, CV, 3 letters, USMLE Steps 1–3, photograph; ESIR verification for ESIR applicants.",4,Not stated on official page,Not stated on official page,Not stated on official page,"An ACGME-accredited program offering 1 or 2 years of dedicated IR training after diagnostic radiology residency, leading to eligibility for dual IR/DR certification from the ABR.",3 October 2026,https://med.stanford.edu/ir/education/indy-ir-residency.html
/programs/musculoskeletal-imaging-fellowship-stanford-medicine,Musculoskeletal Imaging Fellowship,Stanford Medicine,Radiology,Musculoskeletal imaging,"Department of Radiology, Stanford University School of Medicine (Musculoskeletal Imaging Section)",United States,Stanford,California,Clinical Fellowship,1 year,2028–2029 academic year,16 December 2026 (all documents including letters),MD or DO who has completed training and taken National Boards in an ACGME-accredited diagnostic radiology program by the start of fellowship; DO applicants must include COMLEX score sheet.,International Medical Graduates (IMGs) cannot be accepted.,Not stated on official page,Online application opening 1 September (per SCARD guidelines).,5,Not stated on official page,Not stated on official page,Applicants must be eligible for a California Medical License.,"The Stanford Musculoskeletal Imaging Fellowship is a one-year clinical fellowship with extensive involvement in musculoskeletal MRI (emphasis on sports injuries), ultrasound and CT, plus dedicated research time.",3 October 2026,https://med.stanford.edu/msk/education/mskfellowship.html
/programs/diagnostic-neuroradiology-fellowship-stanford-medicine,Diagnostic Neuroradiology Fellowship,Stanford Medicine,Radiology,Neuroradiology,"Department of Radiology, Stanford University School of Medicine (Division of Neuroimaging & Neurointervention)",United States,Stanford,California,Clinical Fellowship,2 years,July 2027 (as stated for the current cycle),"Applicants encouraged to submit ERAS materials ahead of 3 December 2025, when review begins (dates as listed on page)",Not stated on official page,Not stated on official page,Not stated on official page,ERAS and NRMP Match; virtual interviews.,Not stated on official page,Meeting support provided to fellows meeting eligibility requirements.,Not stated on official page,Must be eligible for a full unrestricted California Physician's & Surgeon's License; radiology board certification and California licence required prior to appointment.,"The two-year Stanford Diagnostic Neuroradiology Fellowship encompasses basic and advanced clinical and research skills in adult and pediatric neuroradiology, including brain, head and neck and spine imaging.",3 October 2026,https://med.stanford.edu/neuroimaging/fellowship.html
/programs/nuclear-oncology-fellowship-stanford-medicine,Nuclear Oncology Fellowship,Stanford Medicine,Radiology,Nuclear medicine / Molecular imaging,"Department of Radiology, Stanford University School of Medicine (Division of Nuclear Medicine and Molecular Imaging)",United States,Stanford,California,Clinical Fellowship,1 year,2026–2027 academic year,Not stated on official page,"MD or DO who has completed training and board eligibility in nuclear medicine, radiology or combined nuclear medicine/radiology; for 2026–27, must be US or Canadian SNMMI member with unrestricted licence and on a path to Authorized User status.","For 2026–27 (SNMMI Mars Shot funded), candidates must be US or Canadian.",Non-ACGME accredited,Not stated on official page,1,2026–27 position funded in part by an SNMMI Mars Shot grant.,Not stated on official page,"Must be eligible for a California Physicians and Surgeons Medical License, required prior to start.","A one-year theranostics-focused fellowship covering basic sciences, diagnostic imaging and therapy in nuclear oncology, integrating radiopharmaceutical therapies with other cancer treatments.",3 October 2026,https://med.stanford.edu/nuclearmedicine/education/nuclear-oncology-fellowship.html
/programs/nuclear-radiology-fellowship-stanford-medicine,Nuclear Radiology Fellowship,Stanford Medicine,Radiology,Nuclear medicine / Molecular imaging,"Department of Radiology, Stanford University School of Medicine (Division of Nuclear Medicine and Molecular Imaging)",United States,Stanford,California,Clinical Fellowship,1 year,2028–2029 academic year,Not stated on official page,"MD, MD/PhD or DO who has completed training and taken National Boards in an ACGME-accredited diagnostic radiology program in the US by the start of fellowship.",Requires completion of an ACGME-accredited diagnostic radiology program in the U.S.,ACGME accredited,Online application via program page.,1,Not stated on official page,Not stated on official page,Not stated on official page,"A one-year ACGME-accredited fellowship educating trainees in the basic sciences, diagnostic imaging and therapy of nuclear radiology, preparing them for the ABNM and ABR CAQ examinations.",3 October 2026,https://med.stanford.edu/nuclearmedicine/education/nuclear-radiology-fellowship.html
/programs/diagnostic-pediatric-radiology-fellowship-stanford-medicine,Diagnostic Pediatric Radiology Fellowship,Stanford Medicine,Radiology,Paediatric radiology,"Department of Radiology, Stanford University School of Medicine (Division of Pediatric Radiology, Lucile Packard Children's Hospital)",United States,Stanford,California,Clinical Fellowship,1 year (a second year to further subspecialise may be available),2027–2028 academic year,Not stated on official page,"Completion of a Diagnostic Radiology Residency in a program approved by the American Board of Radiology, or otherwise eligible for board certification.","Considered; H1B requires USMLE Steps 1–3 passed, ECFMG certification and application for a CA Medical License or CA Postgraduate Training License.",Not stated on official page,Online Application Form; interviews arranged for selected applicants.,Not stated on official page,Not stated on official page,Stanford sponsors J1 and H1B visas.,Valid California Medical License required.,"The Stanford Pediatric Radiology Fellowship at Lucile Packard Children's Hospital offers structured, hands-on training across MRI, CT, fluoroscopy, ultrasound, neuroradiology, nuclear medicine, interventional radiology and fetal imaging.",3 October 2026,https://pedrad.stanford.edu/clinical-fellowship
/programs/abdominal-imaging-fellowship-ucla-health,Abdominal Imaging Fellowship,UCLA Health,Radiology,Abdominal/Body imaging,"Department of Radiological Sciences, David Geffen School of Medicine at UCLA (Abdominal Imaging / Cross-Sectional IR)",United States,Los Angeles,California,Clinical Fellowship,1 year,2027–2028 and 2028–2029 fellowship years,Applications accepted from 1 September 2026; interviews 11 January – 31 March 2027; offers from 25 January 2027,Not stated on official page,"IMGs in a US or Canadian residency must qualify for a CA medical licence, have completed a radiology residency (or 4 years postgraduate radiology training) and passed USMLE Steps I–III.",Non-accredited,UCLA Recruit (recruit.apo.ucla.edu) online application; virtual interviews.,Up to 10 (2028–2029),Not stated on official page,Not stated on official page,Must qualify for a California medical licence prior to the start of fellowship.,"The UCLA Abdominal Imaging Fellowship provides advanced, comprehensive training in abdominal image interpretation and cross-sectional image-guided interventions with nineteen subspecialised faculty.",3 October 2026,https://www.uclahealth.org/departments/radiology/education/fellowship-programs/abdominal-imaging-fellowship | https://www.uclahealth.org/departments/radiology/education/fellowship-programs/application-process | https://www.uclahealth.org/departments/radiology/education/fellowship-programs/application-process/international-medicine-graduate
/programs/breast-imaging-fellowship-ucla-health,Breast Imaging Fellowship,UCLA Health,Radiology,Breast imaging,"Department of Radiological Sciences, David Geffen School of Medicine at UCLA (Breast Imaging)",United States,Los Angeles,California,Clinical Fellowship,1 year,2028–2029 (2027–2028 positions filled),Applications accepted from 1 October 2026; interviews 11 January – 31 March 2027,Not stated on official page,"IMGs in a US or Canadian residency must qualify for a CA medical licence, have completed a radiology residency (or 4 years postgraduate radiology training) and passed USMLE Steps I–III.",Non-accredited,FellowshipCAS; participates in the NRMP Match.,7 (2026–2027 year),Not stated on official page,Unable to sponsor candidates with J1 or H1B visas.,Must qualify for a California medical licence prior to the start of fellowship.,"A comprehensive breast imaging fellowship established in 1987 covering 2D/3D mammography, breast ultrasound, breast MRI and all image-guided breast procedures across UCLA Westwood, Santa Monica and Olive View-UCLA.",3 October 2026,https://www.uclahealth.org/departments/radiology/education/fellowship-programs/breast-imaging-fellowship | https://www.uclahealth.org/departments/radiology/education/fellowship-programs/application-process | https://www.uclahealth.org/departments/radiology/education/fellowship-programs/application-process/international-medicine-graduate
/programs/cardiothoracic-imaging-fellowship-ucla-health,Cardiothoracic Imaging Fellowship,UCLA Health,Radiology,Cardiothoracic imaging,"Department of Radiological Sciences, David Geffen School of Medicine at UCLA (Cardiothoracic Imaging)",United States,Los Angeles,California,Clinical Fellowship,1 year,2027–2028 and 2028–2029 fellowship years,Applications accepted from 1 September 2026; interviews 11 January – 31 March 2027; offers from 25 January 2027,Not stated on official page,"IMGs in a US or Canadian residency must qualify for a CA medical licence, have completed a radiology residency (or 4 years postgraduate radiology training) and passed USMLE Steps I–III.",Non-accredited,UCLA Recruit online application.,Not stated on official page,Not stated on official page,Not stated on official page,Must qualify for a California medical licence prior to the start of fellowship.,"A new cardiothoracic imaging fellowship preparing radiologists to be independent cardiothoracic specialists, with a regular path (6 months thoracic, 6 months cardiac) or an IR path including thoracic interventions.",3 October 2026,https://www.uclahealth.org/departments/radiology/education/fellowship-programs/cardiothoracic-imaging-new-fellowship | https://www.uclahealth.org/departments/radiology/education/fellowship-programs/application-process | https://www.uclahealth.org/departments/radiology/education/fellowship-programs/application-process/international-medicine-graduate
/programs/diagnostic-neuroradiology-fellowship-ucla-health,Diagnostic Neuroradiology Fellowship,UCLA Health,Radiology,Neuroradiology,"Department of Radiological Sciences, David Geffen School of Medicine at UCLA (Diagnostic Neuroradiology)",United States,Los Angeles,California,Clinical Fellowship,1 year (optional second year),2028–2029 (2027–2028 positions filled),ERAS December cycle; applications can be submitted from 13 November 2026,On track to complete a US accredited radiology residency by the fellowship start date.,"IMGs in a US or Canadian residency must have passed USMLE Steps I–III (not required for Medical Council of Canada licensees), have 4 years of ACGME/RCPSC-accredited postgraduate training and qualify for a CA medical licence.",ACGME accredited,ERAS; participates in the NRMP Match.,Not stated on official page,Not stated on official page,"US citizen or permanent resident, or eligible for an ECFMG-sponsored J-1 visa.",Eligible to obtain a California medical licence by the start date.,"The UCLA Neuroradiology Fellowship is a rigorous ACGME-accredited programme designed to produce expert neuroradiologists, with an optional individualised second year.",3 October 2026,https://www.uclahealth.org/departments/radiology/education/fellowship-programs/diagnostic-neuroradiology-fellowship | https://www.uclahealth.org/departments/radiology/education/fellowship-programs/application-process | https://www.uclahealth.org/departments/radiology/education/fellowship-programs/application-process/international-medicine-graduate
/programs/interventional-neuroradiology-fellowship-ucla-health,Interventional Neuroradiology Fellowship,UCLA Health,Radiology,Neurointerventional radiology,"Department of Radiological Sciences, David Geffen School of Medicine at UCLA (Division of Interventional Neuroradiology)",United States,Los Angeles,California,Clinical Fellowship,2 years,2029–2030 (2027–2028 and 2028–2029 filled),Applications accepted from August 2026; interviews Nov/Dec 2026,Radiologists: radiology residency and diagnostic neuroradiology fellowship; neurologists: neurology residency plus stroke/vascular neurology or neurocritical care fellowship; neurosurgeons: neurosurgery residency.,"Not ACGME accredited, so only US citizens or Green Card holders can be trained.",CAST certified (not ACGME accredited),UCLA Recruit online application; interviews up to 3 years before start.,Not stated on official page,Not stated on official page,No visa sponsorship (US citizens or Green Card holders only).,Must qualify for a California medical licence prior to the start of fellowship.,"A 2-year CAST-certified neuroendovascular surgery fellowship accepting candidates from radiology, neurology and neurosurgery backgrounds.",3 October 2026,https://www.uclahealth.org/departments/radiology/education/fellowship-programs/interventional-neuroradiology-fellowship | https://www.uclahealth.org/departments/radiology/education/fellowship-programs/application-process
/programs/musculoskeletal-imaging-fellowship-ucla-health,Musculoskeletal Imaging Fellowship,UCLA Health,Radiology,Musculoskeletal imaging,"Department of Radiological Sciences, David Geffen School of Medicine at UCLA (Musculoskeletal Imaging)",United States,Los Angeles,California,Clinical Fellowship,1 year,2028–2029 (one 2027–2028 position open),Applications accepted from 1 September 2026; interviews 11 January – 31 March 2027,Not stated on official page,"IMGs in a US or Canadian residency must qualify for a CA medical licence, have completed a radiology residency (or 4 years postgraduate radiology training) and passed USMLE Steps I–III.",Non-accredited,UCLA Recruit online application; SSR MSK Fellowship Match via NRMP (All In policy).,Not stated on official page,Not stated on official page,Not stated on official page,Must qualify for a California medical licence prior to the start of fellowship.,UCLA's musculoskeletal imaging fellowship participates in the SSR Musculoskeletal Imaging Fellowship Match administered by the NRMP.,3 October 2026,https://www.uclahealth.org/departments/radiology/education/fellowship-programs/musculoskeletal-imaging-fellowship | https://www.uclahealth.org/departments/radiology/education/fellowship-programs/application-process | https://www.uclahealth.org/departments/radiology/education/fellowship-programs/application-process/international-medicine-graduate
/programs/oncology-imaging-fellowship-ucla-health,Oncology Imaging Fellowship,UCLA Health,Radiology,Oncologic imaging,"Department of Radiological Sciences, David Geffen School of Medicine at UCLA",United States,Los Angeles,California,Clinical Fellowship,1 year,2028–2029 (2027–2028 filled),Applications accepted from 1 September 2026; interviews 13 January – 31 March 2027; offers from 25 January 2027,Not stated on official page,"IMGs in a US or Canadian residency must qualify for a CA medical licence, have completed a radiology residency (or 4 years postgraduate radiology training) and passed USMLE Steps I–III.",Non-accredited,UCLA Recruit online application.,Not stated on official page,Not stated on official page,Not stated on official page,Must qualify for a California medical licence prior to the start of fellowship.,"A new one-year clinical fellowship concentrated in multi-modality cancer imaging (CT, MRI, PET/CT, PET/MR) with optional exposure to image-guided oncology procedures.",3 October 2026,https://www.uclahealth.org/departments/radiology/education/fellowship-programs/oncology-imaging-new-fellowship | https://www.uclahealth.org/departments/radiology/education/fellowship-programs/application-process | https://www.uclahealth.org/departments/radiology/education/fellowship-programs/application-process/international-medicine-graduate
/programs/pediatric-imaging-fellowship-ucla-health,Pediatric Imaging Fellowship,UCLA Health,Radiology,Paediatric radiology,"Department of Radiological Sciences, David Geffen School of Medicine at UCLA (Pediatric Imaging, UCLA Mattel Children's Hospital)",United States,Los Angeles,California,Clinical Fellowship,1 year,2028–2029 (2027–2028 filled),Applications accepted from 1 September 2026; interviews 11 January – 31 March 2027; offers from 25 January 2027,Not stated on official page,"IMGs in a US or Canadian residency must have passed USMLE Steps I–III (not required for Medical Council of Canada licensees), have 4 years of ACGME/RCPSC-accredited postgraduate training and qualify for a CA medical licence.",ACGME accredited,UCLA Recruit online application.,1,Not stated on official page,Must be US citizen/permanent resident or eligible for an ECFMG-sponsored J-1 visa (reviewed by the GME Dean's office).,Must qualify for a California medical licence prior to the start of fellowship.,The one-year ACGME-approved pediatric imaging position exposes the fellow to a variety of practice settings and the full scope of pediatric imaging modalities.,3 October 2026,https://www.uclahealth.org/departments/radiology/education/fellowship-programs/pediatric-imaging-fellowship | https://www.uclahealth.org/departments/radiology/education/fellowship-programs/application-process | https://www.uclahealth.org/departments/radiology/education/fellowship-programs/application-process/international-medicine-graduate
/programs/independent-interventional-radiology-residency-ucla-health,Independent Interventional Radiology Residency,UCLA Health,Radiology,Interventional radiology,"Department of Radiological Sciences, David Geffen School of Medicine at UCLA (Interventional Radiology)",United States,Los Angeles,California,Independent Residency (post-DR),Not stated on official page,2028–2029 (2027–2028 filled),ERAS December cycle; applications can be submitted from 13 November 2026,Not stated on official page,"IMGs in a US or Canadian residency must have passed USMLE Steps I–III (not required for Medical Council of Canada licensees), have 4 years of ACGME/RCPSC-accredited postgraduate training and qualify for a CA medical licence.",ACGME accredited,ERAS; participates in the NRMP Match.,Not stated on official page,Not stated on official page,Must be US citizen/permanent resident or eligible for an ECFMG-sponsored J-1 visa (reviewed by the GME Dean's office).,Must qualify for a California medical licence prior to the start of fellowship.,"UCLA's ACGME-accredited Independent IR Residency provides dedicated interventional radiology training after diagnostic radiology residency, recruited through ERAS and the NRMP.",3 October 2026,https://www.uclahealth.org/departments/radiology/education/fellowship-programs | https://www.uclahealth.org/departments/radiology/education/fellowship-programs/application-process | https://www.uclahealth.org/departments/radiology/education/fellowship-programs/application-process/international-medicine-graduate
/programs/body-imaging-fellowship-ucsf-health,Body Imaging Fellowship,UCSF Health,Radiology,Abdominal/Body imaging,"Department of Radiology and Biomedical Imaging, UCSF (Abdominal Imaging)",United States,San Francisco,California,Clinical Fellowship,"1 year (8 months UCSF CT/MR, 2 months ultrasound, 2 months ZSFG)",Openings for the 2026–2027 and 2027–2028 fellowship years,Not stated on official page,Completion of a four-year diagnostic radiology residency from an accredited program.,"Graduates of medical schools outside the US or Canada must hold a valid ECFMG certificate at the time of application, be eligible for a California Medical License and have passed USMLE Steps I, II and III (or COMLEX/LMCC equivalent).",Non-ACGME,"UCSF online fellowship application (CV, personal statement, headshot, USMLE/COMLEX scores, three letters of recommendation including one from current program director). Does not participate in the NRMP Match.",Not stated on official page,Not stated on official page,The University sponsors J-1 ECFMG visas for fellowship positions in the majority of cases.,Radiology board certification (or board eligibility) and a California Medical License are required prior to appointment.,"The UCSF Body Imaging fellowship provides comprehensive and structured training in all aspects of abdominal and pelvic imaging, maximising learning in advanced multimodality imaging using MRI, CT, PET and ultrasound.",3 October 2026,https://radiology.ucsf.edu/education/fellowships/body-imaging-fellowship | https://radiology.ucsf.edu/education/fellowships/how-apply-radiology-fellowship
/programs/breast-imaging-fellowship-ucsf-health,Breast Imaging Fellowship,UCSF Health,Radiology,Breast imaging,"Department of Radiology and Biomedical Imaging, UCSF (Breast Imaging)",United States,San Francisco,California,Clinical Fellowship,1 year,2028–2029 fellowship year,Applications accepted 1 October – 1 December 2026,Completion of a four-year diagnostic radiology residency from an accredited program.,"Graduates of medical schools outside the US or Canada must hold a valid ECFMG certificate at the time of application, be eligible for a California Medical License and have passed USMLE Steps I, II and III (or COMLEX/LMCC equivalent).",Non-ACGME,FellowshipCAS; participates in the SBI Breast Imaging Fellowship Match (NRMP); virtual interviews 11 January – 31 March 2027.,6,Not stated on official page,The University sponsors J-1 ECFMG visas for fellowship positions in the majority of cases.,Radiology board certification (or board eligibility) and a California Medical License are required prior to appointment.,"UCSF offers one-year breast imaging fellowship positions at Mission Bay and the ZSFG Avon Comprehensive Breast Care Center covering mammography, tomosynthesis, ultrasound, MRI and interventional procedures.",3 October 2026,https://radiology.ucsf.edu/education/fellowships/breast-imaging-fellowship | https://radiology.ucsf.edu/education/fellowships/how-apply-radiology-fellowship
/programs/cardiothoracic-imaging-fellowship-ucsf-health,Cardiothoracic Imaging Fellowship,UCSF Health,Radiology,Cardiothoracic imaging,"Department of Radiology and Biomedical Imaging, UCSF (Cardiothoracic Imaging)",United States,San Francisco,California,Clinical Fellowship,1 year,Not stated on official page,Not stated on official page,Completion of a four-year diagnostic radiology residency from an accredited program.,"Graduates of medical schools outside the US or Canada must hold a valid ECFMG certificate at the time of application, be eligible for a California Medical License and have passed USMLE Steps I, II and III (or COMLEX/LMCC equivalent).",Non-ACGME,"UCSF online fellowship application (CV, personal statement, headshot, USMLE/COMLEX scores, three letters of recommendation including one from current program director). Does not participate in the NRMP Match.",Not stated on official page,Not stated on official page,The University sponsors J-1 ECFMG visas for fellowship positions in the majority of cases.,Radiology board certification (or board eligibility) and a California Medical License are required prior to appointment.,"The cardiothoracic imaging fellowship trains radiologists in all aspects of clinical thoracic imaging including cardiovascular MRI/MRA, coronary CT angiography, chest CT, high-resolution CT and biopsy techniques.",3 October 2026,https://radiology.ucsf.edu/education/fellowships/cardiothoracic-imaging-fellowship | https://radiology.ucsf.edu/education/fellowships/how-apply-radiology-fellowship
/programs/musculoskeletal-fellowship-ucsf-health,Musculoskeletal Fellowship,UCSF Health,Radiology,Musculoskeletal imaging,"Department of Radiology and Biomedical Imaging, UCSF (Musculoskeletal Imaging)",United States,San Francisco,California,Clinical Fellowship,1 year,"2028–2029 (online application, per SCARD timeline opening 1 September)",Not stated on official page,Completion of a four-year diagnostic radiology residency from an accredited program.,"Graduates of medical schools outside the US or Canada must hold a valid ECFMG certificate at the time of application, be eligible for a California Medical License and have passed USMLE Steps I, II and III (or COMLEX/LMCC equivalent).",Non-ACGME,"UCSF online fellowship application (CV, personal statement, headshot, USMLE/COMLEX scores, three letters of recommendation including one from current program director). Participates in the NRMP Match.",5 selected each year (fellowships page lists 6 positions),Not stated on official page,The University sponsors J-1 ECFMG visas for fellowship positions in the majority of cases.,Radiology board certification (or board eligibility) and a California Medical License are required prior to appointment.,"The one-year clinical musculoskeletal fellowship at UCSF encompasses all aspects of the musculoskeletal division, with rotations at Parnassus and the UCSF Orthopaedic Institute at Mission Bay and a significant volume of MSK interventions.",3 October 2026,https://radiology.ucsf.edu/education/fellowships/musculoskeletal-fellowship | https://radiology.ucsf.edu/education/fellowships/how-apply-radiology-fellowship
/programs/neurointerventional-radiology-fellowship-ucsf-health,Neurointerventional Radiology Fellowship,UCSF Health,Radiology,Neurointerventional radiology,"Department of Radiology and Biomedical Imaging, UCSF (Neuroendovascular Surgery)",United States,San Francisco,California,Clinical Fellowship,Minimum 24 months,Not stated on official page,Not stated on official page,Radiology applicants: diagnostic radiology residency plus twelve months of diagnostic neuroradiology training. Neurosurgery/neurology applicants: completed residency and board eligible; neurology applicants must complete a vascular neurology fellowship first.,"Graduates of medical schools outside the US or Canada must hold a valid ECFMG certificate at the time of application, be eligible for a California Medical License and have passed USMLE Steps I, II and III (or COMLEX/LMCC equivalent).",Non-ACGME,UCSF online application; rolling applications; does not participate in the NRMP Match.,4 per year,Not stated on official page,The University sponsors J-1 ECFMG visas for fellowship positions in the majority of cases.,Radiology board certification (or board eligibility) and a California Medical License are required prior to appointment.,The Neurointerventional Radiology fellowship provides extensive training in diagnostic and interventional neuroradiology as well as intensive care unit medicine under the supervision of full-time faculty.,3 October 2026,https://radiology.ucsf.edu/education/fellowships/neurointerventional-radiology-fellowship | https://radiology.ucsf.edu/education/fellowships/how-apply-radiology-fellowship
/programs/pediatric-radiology-fellowship-ucsf-health,Pediatric Radiology Fellowship,UCSF Health,Radiology,Paediatric radiology,"Department of Radiology and Biomedical Imaging, UCSF (Pediatric Radiology, UCSF Benioff Children's Hospitals)",United States,San Francisco,California,Clinical Fellowship,1 year,Not stated on official page,Not stated on official page,Completion of a four-year diagnostic radiology residency from an accredited program.,"Graduates of medical schools outside the US or Canada must hold a valid ECFMG certificate at the time of application, be eligible for a California Medical License and have passed USMLE Steps I, II and III (or COMLEX/LMCC equivalent).",ACGME (listed under ACGME open fellowships),"UCSF online fellowship application (CV, personal statement, headshot, USMLE/COMLEX scores, three letters of recommendation including one from current program director). Does not participate in the NRMP Match.",Not stated on official page,Not stated on official page,The University sponsors J-1 ECFMG visas for fellowship positions in the majority of cases.,Radiology board certification (or board eligibility) and a California Medical License are required prior to appointment.,"The pediatric radiology fellowship at UCSF Benioff Children's Hospital provides comprehensive training centred on the Mission Bay campus, with additional rotation time at UCSF Benioff Children's Hospital Oakland.",3 October 2026,https://radiology.ucsf.edu/education/fellowships/pediatric-radiology-fellowship | https://radiology.ucsf.edu/education/fellowships/how-apply-radiology-fellowship
/programs/nuclear-medicine-fellowship-ucsf-health,Nuclear Medicine Fellowship,UCSF Health,Radiology,Nuclear medicine / Molecular imaging,"Department of Radiology and Biomedical Imaging, UCSF (Molecular Imaging and Therapeutics Division)",United States,San Francisco,California,Clinical Fellowship,12 months,Not stated on official page,Not stated on official page,Completion of diagnostic radiology residency.,"Graduates of medical schools outside the US or Canada must hold a valid ECFMG certificate at the time of application, be eligible for a California Medical License and have passed USMLE Steps I, II and III (or COMLEX/LMCC equivalent).",ACGME accredited,"UCSF online fellowship application (CV, personal statement, headshot, USMLE/COMLEX scores, three letters of recommendation including one from current program director). Does not participate in the NRMP Match.",Not stated on official page,Not stated on official page,The University sponsors J-1 ECFMG visas for fellowship positions in the majority of cases.,Radiology board certification (or board eligibility) and a California Medical License are required prior to appointment.,A 12-month ACGME-accredited nuclear medicine fellowship offered by the Molecular Imaging and Therapeutics Division for those who have completed diagnostic radiology residency.,3 October 2026,https://radiology.ucsf.edu/education/nuclear-medicine-residency-and-fellowship-programs | https://radiology.ucsf.edu/education/fellowships/how-apply-radiology-fellowship
/programs/independent-interventional-radiology-residency-ucsf-health,Independent Interventional Radiology Residency,UCSF Health,Radiology,Interventional radiology,"Department of Radiology and Biomedical Imaging, UCSF (Interventional Radiology)",United States,San Francisco,California,Independent Residency (post-DR),1 year (ESIR graduates) or 2 years (non-ESIR),After completion of PGY-5 DR year,Not stated on official page,Diagnostic radiology residents (apply in PGY-4); ESIR and non-ESIR tracks.,Not stated on official page,ACGME,ERAS ACGME Fellowship December cycle (applications from 1 November); all positions filled through the NRMP.,Up to 4 per year (fellowships page lists 3 positions),Not stated on official page,Not stated on official page,Not stated on official page,"The Independent IR residency replaces the IR fellowship as the route to subspecialised IR training after diagnostic radiology residency, with rotations across three UCSF campuses, vascular surgery and IR clinic.",3 October 2026,https://radiology.ucsf.edu/education/independent-interventional-radiology-residency-program
/programs/abdominal-radiology-fellowship-university-of-washington,Abdominal Radiology Fellowship,University of Washington,Radiology,Abdominal/Body imaging,"Department of Radiology, University of Washington School of Medicine (Abdominal Imaging)",United States,Seattle,Washington,Clinical Fellowship,1 year,2027–2028 (rolling until filled) and 2028–2029,2028–2029 applications accepted from 1 September 2026 (SCARD embargo; virtual interviews),Radiologists who have completed residency training in diagnostic radiology.,"International graduates submit USMLE Steps 1, 2-CK and 3, ECFMG certificate, residency completion documentation and home-country board certification.",ACGME accredited,"Email PDF application (CV, personal statement, USMLE scores, letters) to fellowbi@uw.edu.",8 per year,Not stated on official page,Not stated on official page,Not stated on official page,"A one-year ACGME-accredited fellowship in abdominal imaging, established in 1979, covering diagnostic ultrasound, CT, MR and imaging-guided interventions across four sites.",3 October 2026,https://rad.uw.edu/education/our-training-programs/abdominal-radiology
/programs/breast-imaging-fellowship-university-of-washington,Breast Imaging Fellowship,University of Washington,Radiology,Breast imaging,"Department of Radiology, University of Washington School of Medicine (Breast Imaging Section, Fred Hutch Cancer Center)",United States,Seattle,Washington,Clinical Fellowship,12 months,1 July 2028,1 December 2026 (review begins 1 October 2026),Radiology board certification or eligibility.,Foreign applicants require an approved work visa.,Not stated on official page,FellowshipsCAS only; SBI Breast Imaging Match via NRMP (All In policy).,4 per year,Not stated on official page,Not stated on official page,Washington state medical license.,A 12-month fellowship at the Fred Hutch Cancer Center offering comprehensive training in all aspects of breast imaging.,3 October 2026,https://rad.uw.edu/education/our-training-programs/breast-imaging-fellowship-edu
/programs/cancer-imaging-fellowship-university-of-washington,Cancer Imaging Fellowship,University of Washington,Radiology,Oncologic imaging,"Department of Radiology, University of Washington School of Medicine",United States,Seattle,Washington,Clinical Fellowship,1 year,Not stated on official page,Not stated on official page,"Completion of an ACGME, AOA, ACGME-I Advanced Specialty, RCPSC or CFPC-accredited residency and all USMLE steps; or an international DR residency with home-country DR board certification.",International graduates accepted with home-country diagnostic radiology board certification; participates in the department's ABR alternate pathway programme.,Non-ACGME (UW GME clinical fellowship),"Rolling, first-come first-accepted admissions; no Match.",2 per year,Not stated on official page,Committed to supporting international applicants by sponsoring visas.,Must be eligible to obtain a State of Washington medical license.,"A one-year non-ACGME fellowship providing in-depth experience in oncologic imaging across MRI, CT, ultrasound, PET-CT, PET-MRI and image-guided procedures, with six months each in abdominal imaging and nuclear medicine.",3 October 2026,https://rad.uw.edu/education/our-training-programs/cancer-imaging
/programs/cardiothoracic-radiology-fellowship-university-of-washington,Cardiothoracic Radiology Fellowship,University of Washington,Radiology,Cardiothoracic imaging,"Department of Radiology, University of Washington School of Medicine (Cardiothoracic Imaging)",United States,Seattle,Washington,Clinical Fellowship,Not stated on official page,2028–2029,Applications open 1 September 2026,Completion of an ACGME-accredited radiology residency in the US or RCPSC-accredited program in Canada (or equivalent radiology residency in another country with ECFMG certification); preference for ABR-certified or eligible candidates.,Equivalent residency in another country accepted with ECFMG certification.,Non-ACGME,Email application form and documents to the Program Administrator.,Not stated on official page,Not stated on official page,Eligible for new J-1 sponsorship; ineligible for new H-1B sponsorship; H-1B and J-1 transfers supported.,Not stated on official page,"A non-ACGME cardiothoracic radiology fellowship, founded in 2009, with hands-on training in cardiac and thoracic radiographs, CT and MR.",3 October 2026,https://rad.uw.edu/education/our-training-programs/cardiothoracic-imaging-edu
/programs/emergency-radiology-fellowship-university-of-washington,Emergency Radiology Fellowship,University of Washington,Radiology,Emergency radiology,"Department of Radiology, University of Washington School of Medicine (Emergency Radiology)",United States,Seattle,Washington,Clinical Fellowship,Not stated on official page,2027–2028 openings and 2028–2029,Applications accepted from 1 September (SCARD embargo; ASER dates),Completion of a radiology residency and USMLE Step 3 passed before the start of fellowship.,An alternate four-year ABR pathway is available for international medical graduates.,Non-ACGME,Downloadable application form; interviews via Zoom.,Not stated on official page,Not stated on official page,Not stated on official page,Not stated on official page,"A non-ACGME emergency radiology fellowship in a multi-site setting including major trauma and referral centres, with state-of-the-art trauma and emergency imaging.",3 October 2026,https://rad.uw.edu/education/our-training-programs/emergency
/programs/musculoskeletal-radiology-fellowship-university-of-washington,Musculoskeletal Radiology Fellowship,University of Washington,Radiology,Musculoskeletal imaging,"Department of Radiology, University of Washington School of Medicine (Musculoskeletal Radiology)",United States,Seattle,Washington,Clinical Fellowship,12 months,2028–2029,Applications open 1 September 2026,Completion of an ACGME-accredited radiology residency in the US or RCPSC-accredited program in Canada (or equivalent radiology residency in another country with ECFMG certification); preference for ABR-certified or eligible candidates. Must be in the ABR certification process by fellowship start.,Equivalent residency in another country accepted with ECFMG certification.,Non-ACGME,SSR MSK Fellowship Common Application emailed to Program Administrator; interviews via RezRate; NRMP Match (program code 1918R26F0).,4 per year,Not stated on official page,Not stated on official page,Able to obtain an unrestricted Washington State medical licence by 1 July 2028.,"A 12-month non-ACGME musculoskeletal fellowship, founded in 1992, with advanced hands-on clinical training in MSK diagnostic imaging and procedures including sports medicine, tumour and orthopaedic trauma cases.",3 October 2026,https://rad.uw.edu/education/our-training-programs/musculoskeletal-radiology
/programs/neuroradiology-fellowship-university-of-washington,Neuroradiology Fellowship,University of Washington,Radiology,Neuroradiology,"Department of Radiology, University of Washington School of Medicine (Neuroradiology)",United States,Seattle,Washington,Clinical Fellowship,1 year (optional second year),Not stated on official page,Not stated on official page,Completed diagnostic radiology residency and USMLE Step 3; board eligible or certified in diagnostic radiology.,"Trains local, national and international applicants; alternate four-year ABR pathway available for IMGs.",ACGME accredited,"ERAS and NRMP Match; if unfilled, applications by email outside the Match.",9 per year,"First-year stipend (R6) $98,160 for FY 2026–2027; medical/dental and malpractice coverage; four weeks paid vacation.",Foreign nationals appointed on J1 visa status unless special circumstances; existing H1 visas may be extended with GME/ISO approval.,Must have applied for a Washington State medical license before the start of fellowship.,"A one-year ACGME-accredited neuroradiology fellowship providing comprehensive experience in all aspects of neuroradiology, with an optional non-ACGME second year.",3 October 2026,https://rad.uw.edu/education/our-training-programs/neuroradiology-edu
/programs/pediatric-radiology-fellowship-university-of-washington,Pediatric Radiology Fellowship,University of Washington,Radiology,Paediatric radiology,"Department of Radiology, University of Washington School of Medicine (Pediatric Radiology Section)",United States,Seattle,Washington,Clinical Fellowship,Not stated on official page,Not stated on official page,Not stated on official page,Not stated on official page,An alternate four-year ABR pathway is available for international medical graduates.,Not stated on official page,Not stated on official page,4 fellows,Not stated on official page,Not stated on official page,Not stated on official page,"The pediatric radiology fellowship prepares fellows for outstanding clinical practice across the full spectrum of pediatric imaging, in a section performing over 170,000 studies annually with dedicated research time.",3 October 2026,https://rad.uw.edu/education/our-training-programs/pediatric
/programs/pet-ct-fellowship-university-of-washington,PET/CT Fellowship,University of Washington,Radiology,Nuclear medicine / Molecular imaging,"Department of Radiology, University of Washington School of Medicine (Division of Nuclear Medicine)",United States,Seattle,Washington,Clinical Fellowship,1 year (optional second year in advanced hybrid imaging),2028–2029 academic year and beyond,Not stated on official page,Not stated on official page,Not stated on official page,Non-ACGME,Email supporting documents (including personal statement) to nmadmin@uw.edu.,Not stated on official page,Not stated on official page,Not stated on official page,Not stated on official page,"A one- or two-year non-ACGME PET/CT fellowship emphasising cancer imaging, covering all clinical applications of PET for cancer, neurologic disorders and cardiac disease.",3 October 2026,https://rad.uw.edu/education/our-training-programs/petct
/programs/theranostics-fellowship-university-of-washington,Theranostics Fellowship,University of Washington,Radiology,Nuclear medicine / Molecular imaging,"Department of Radiology, University of Washington School of Medicine (Division of Nuclear Medicine, Fred Hutch Cancer Center)",United States,Seattle,Washington,Clinical Fellowship,Not stated on official page,2026 and beyond,Not stated on official page,Not stated on official page,Not stated on official page,Not stated on official page,Email completed Theranostics Fellowship Application Form and documents to the Program Administrator.,Not stated on official page,Not stated on official page,Not stated on official page,Not stated on official page,"The Theranostics fellowship provides broad exposure to oncologic nuclear medicine, focusing on radiopharmaceutical therapies and the role of PET/CT in diagnosing and managing oncology patients.",3 October 2026,https://rad.uw.edu/education/our-training-programs/theranostics
/programs/abdominal-imaging-fellowship-vanderbilt-university-medical-center,Abdominal Imaging Fellowship,Vanderbilt University Medical Center,Radiology,Abdominal/Body imaging,"Department of Radiology and Radiological Sciences, Vanderbilt University Medical Center (Abdominal Imaging)",United States,Nashville,Tennessee,Clinical Fellowship,1 year,Not stated on official page,SCARD guidelines,Not stated on official page,Not stated on official page,Non-ACGME accredited,"Email application form, CV, personal statement, transcripts, USMLE scores and three recommendation letters to the fellowship team; virtual interviews.",5 per year,Generous benefit package with book/meeting allowance and 403b retirement plan.,This program does not offer visa sponsorship.,Not stated on official page,"A one-year, clinically based fellowship providing broad exposure to abdominal imaging, with emphasis on abdominal/pelvic MRI as well as CT, ultrasound and fluoroscopy, in a Level I trauma, transplant and comprehensive cancer centre.",3 October 2026,https://www.vumc.org/radiology/abdominal-imaging-fellowship
/programs/breast-imaging-fellowship-vanderbilt-university-medical-center,Breast Imaging Fellowship,Vanderbilt University Medical Center,Radiology,Breast imaging,"Department of Radiology and Radiological Sciences, Vanderbilt University Medical Center (Breast Imaging)",United States,Nashville,Tennessee,Clinical Fellowship,1 year,Not stated on official page,Not stated on official page,Not stated on official page,Not stated on official page,Non-ACGME accredited,FellowshipsCAS only; SBI Fellowship Match via NRMP; virtual interviews.,Not stated on official page,Generous benefit package with book/meeting allowance and 403b retirement plan.,This program does not offer visa sponsorship.,Not stated on official page,"A one-year, clinically based fellowship for subspecialised training in all aspects of breast imaging within a multidisciplinary breast centre performing over 31,000 mammograms annually.",3 October 2026,https://www.vumc.org/radiology/fellowships/breast-imaging
/programs/cardiothoracic-imaging-fellowship-vanderbilt-university-medical-center,Cardiothoracic Imaging Fellowship,Vanderbilt University Medical Center,Radiology,Cardiothoracic imaging,"Department of Radiology and Radiological Sciences, Vanderbilt University Medical Center (Cardiothoracic Imaging)",United States,Nashville,Tennessee,Clinical Fellowship,1 year,Not stated on official page,Not stated on official page,Not stated on official page,Not stated on official page,Non-ACGME accredited,"Email application form, CV, personal statement, transcripts, USMLE scores and three recommendation letters to the fellowship team; virtual interviews.",Not stated on official page,Generous benefit package with book/meeting allowance and 403b retirement plan.,This program does not offer visa sponsorship.,Not stated on official page,"A one-year fellowship providing specialty training in cardiothoracic radiology, with roughly half the time in cardiac CT/MRI and the remainder in chest radiography, CT and HRCT.",3 October 2026,https://www.vumc.org/radiology/cardiothoracic-fellowship
/programs/emergency-radiology-fellowship-vanderbilt-university-medical-center,Emergency Radiology Fellowship,Vanderbilt University Medical Center,Radiology,Emergency radiology,"Department of Radiology and Radiological Sciences, Vanderbilt University Medical Center (Emergency Radiology)",United States,Nashville,Tennessee,Clinical Fellowship / Instructorship,1 year,Not stated on official page,SCARD guidelines,Not stated on official page,Not stated on official page,Non-ACGME accredited,"Email application form, CV, personal statement, transcripts, USMLE scores and three recommendation letters to the fellowship team; virtual interviews.",Not stated on official page,Generous benefit package with book/meeting allowance and 403b retirement plan.,This program does not offer visa sponsorship.,Not stated on official page,"A one-year, non-ACGME clinical fellowship/instructorship providing broad exposure to adult and pediatric emergency diagnostic imaging.",3 October 2026,https://www.vumc.org/radiology/emergency-radiology-fellowship
/programs/neuroradiology-fellowship-vanderbilt-university-medical-center,Neuroradiology Fellowship,Vanderbilt University Medical Center,Radiology,Neuroradiology,"Department of Radiology and Radiological Sciences, Vanderbilt University Medical Center (Neuroradiology)",United States,Nashville,Tennessee,Clinical Fellowship,1 year,Not stated on official page,Not stated on official page,Not stated on official page,Not stated on official page,ACGME accredited,ERAS (December cycle); NRMP Match; virtual interviews.,Not stated on official page,Not stated on official page,Sponsors J-1 visas only.,Not stated on official page,A one-year ACGME-accredited fellowship including training in cognitive and procedural diagnostic neuroradiology.,3 October 2026,https://www.vumc.org/radiology/fellowships/neuroradiology
/programs/nuclear-medicine-fellowship-vanderbilt-university-medical-center,Nuclear Medicine Fellowship,Vanderbilt University Medical Center,Radiology,Nuclear medicine / Molecular imaging,"Department of Radiology and Radiological Sciences, Vanderbilt University Medical Center (Nuclear Medicine)",United States,Nashville,Tennessee,Clinical Fellowship,Tailored to applicant's eligibility needs for ABNM/ABR examinations,Not stated on official page,Not stated on official page,Not stated on official page,Not stated on official page,Not stated on official page,"Email application, CV, personal statement, Dean's letter, transcript, three letters and USMLE scores; NRMP dates apply; virtual interviews.",2 per year,Not stated on official page,Sponsors J-1 visas only.,Not stated on official page,"A nuclear medicine training programme preparing fellows to practise nuclear medicine competently in academic or private settings, tailored for ABNM and/or ABR nuclear radiology eligibility.",3 October 2026,https://www.vumc.org/radiology/fellowships/nuclear-radiology
/programs/pediatric-radiology-fellowship-vanderbilt-university-medical-center,Pediatric Radiology Fellowship,Vanderbilt University Medical Center,Radiology,Paediatric radiology,"Department of Radiology and Radiological Sciences, Vanderbilt University Medical Center (Pediatric Radiology, Monroe Carell Jr. Children's Hospital at Vanderbilt)",United States,Nashville,Tennessee,Clinical Fellowship,1 year (optional second year),Not stated on official page,Not stated on official page,Not stated on official page,Not stated on official page,ACGME accredited,"Email application form, CV, personal statement, transcripts, USMLE scores and three recommendation letters to the fellowship team; virtual interviews.",2 ACGME positions,Not stated on official page,Sponsors J-1 visas only.,Not stated on official page,"A one-year pediatric radiology fellowship (optional second year) at Monroe Carell Jr. Children's Hospital covering all modalities, with additional subspecialty training available.",3 October 2026,https://www.vumc.org/radiology/fellowships/pediatric-radiology
