slug,url,title,institution,Specialty,Subspecialty,Department,State or region,Training type,Duration,Start,Deadline,Eligibility,International applicants,Accreditation,Application method,Positions,Funding,Visa support,Licence requirement,Last verified,official_urls,research_status,notes
/programs/aalst-eactaic-cardiac-anaesthesia-fellowship,https://thefellowshipportal.com/programs/aalst-eactaic-cardiac-anaesthesia-fellowship,EACTAIC Cardiac Anesthesia Fellowship,AZORG Aalst (OLV Clinic),Anaesthesiology,Adult cardiothoracic anaesthesia,Not stated on official page,East Flanders,Clinical Fellowship,Not specified on the department page,Confirm current intake with the programme,Confirm current intake with the programme,"Home-country anaesthesiology board certification, Belgian registration and Dutch or B2 English; BLS certification is required.",Check with programme,Not stated on official page,"Send the requested qualifications, CV, language evidence and references to the listed programme contacts.",Not stated on official page,Not stated on official page,Not stated on official page,Not stated on official page,1 October 2026,https://www.azorg-anesthesie.be/vacature/fellowship-eactaic-cardiac-anesthesia/,not_researched,
/programs/adult-cardiothoracic-anesthesiology-fellowship-stanford,https://thefellowshipportal.com/programs/adult-cardiothoracic-anesthesiology-fellowship-stanford,Adult Cardiothoracic Anesthesiology Fellowship,Stanford Medicine,Anaesthesiology,Adult cardiothoracic anaesthesia,"Department of Anesthesiology, Perioperative and Pain Medicine",California,Clinical Fellowship,1 year,Confirm current intake with the programme,1 February 2027; applications open 2 November 2026,ACGME-accredited anaesthesiology residency; California licence eligibility; international graduates should contact the programme,Check with programme,ACGME,SF Match,8 per year,Not stated on official page,Not stated on official page,California medical licence eligibility,1 October 2026,https://med.stanford.edu/cardiacanes/education/fellowship.html,not_researched,
/programs/adult-cardiothoracic-anesthesiology-fellowship-ucla,https://thefellowshipportal.com/programs/adult-cardiothoracic-anesthesiology-fellowship-ucla,Adult Cardiothoracic Anesthesiology Fellowship,UCLA Health,Anaesthesiology,Adult cardiothoracic anaesthesia,Department of Anesthesiology and Perioperative Medicine,California,Clinical Fellowship,1 year,Confirm current intake with the programme,Confirm current intake with the programme,Confirm programme-specific prior training and clinical appointment requirements,Check with programme,ACGME,SF Match,4 per year,Not stated on official page,Not stated on official page,Not stated on official page,1 October 2026,https://www.uclahealth.org/departments/anes/education/fellowship-programs/adult-cardiothoracic-anesthesiology-fellowship,not_researched,
/programs/adult-cardiothoracic-anesthesiology-ucsf,https://thefellowshipportal.com/programs/adult-cardiothoracic-anesthesiology-ucsf,Adult Cardiothoracic Anesthesiology Fellowship,UCSF Health,Anaesthesiology,Adult cardiothoracic anaesthesia,Not stated on official page,California,Clinical Fellowship,1 year,Annual academic intake,See official programme page,Completed anaesthesiology residency; accreditation and licensing requirements apply,Check with programme,ACGME,SF Match,Not stated on official page,Not stated on official page,Not stated on official page,Not stated on official page,1 October 2026,https://anesthesia.ucsf.edu/opportunities/cardiac-anesthesia,not_researched,
/programs/advanced-cardiology-fellowship-training-uhn,https://thefellowshipportal.com/programs/advanced-cardiology-fellowship-training-uhn,Advanced Cardiology Fellowship Training,University Health Network,Cardiology,Advanced cardiology,Not stated on official page,Not stated on official page,Clinical Fellowship,Varies by pathway,Varies,See official programme page,Prior cardiology training; pathway-specific requirements apply,Check with programme,Not stated on official page,Not stated on official page,Not stated on official page,Not stated on official page,Not stated on official page,Not stated on official page,1 October 2026,https://www.uhn.ca/PMCC/Pages/advanced_fellowship_training.aspx,not_researched,
/programs/advanced-clinical-anesthesia-stanford,https://thefellowshipportal.com/programs/advanced-clinical-anesthesia-stanford,Advanced Clinical Anesthesia,Stanford Medicine,Anaesthesiology,Advanced clinical anaesthesia,"Department of Anesthesiology, Perioperative and Pain Medicine",California,Advanced Training Programme,Individualised,By arrangement,Contact programme,Qualified anaesthesiologists seeking additional subspecialty experience,Check with programme,Not applicable — faculty ACE appointment,Direct inquiry to programme director,1–2 per year,Not stated on the official page,Check with programme,California clinical appointment requirements apply,1 October 2026,https://med.stanford.edu/anesthesia/education/advanced-clinical-experiences/advanced-clinical-anesthesia.html,not_researched,
/programs/advanced-heart-failure-transplant-cardiology-stanford,https://thefellowshipportal.com/programs/advanced-heart-failure-transplant-cardiology-stanford,Advanced Heart Failure & Transplant Cardiology Fellowship,Stanford Medicine,Cardiology,Heart failure & transplant,Not stated on official page,Not stated on official page,Clinical Fellowship,1 year,1 July,Follow the current ERAS and NRMP timeline,Completed ACGME-accredited cardiovascular disease fellowship; ABIM board eligibility required,Limited,Not stated on official page,Not stated on official page,Not stated on official page,Not stated on official page,Not stated on official page,Not stated on official page,1 October 2026,https://med.stanford.edu/cvmedicine/education/ahfc,not_researched,
/programs/advent-health-orlando-gynecologic-oncology-fellowship,https://thefellowshipportal.com/programs/advent-health-orlando-gynecologic-oncology-fellowship,Gynecologic Oncology Fellowship,Advent Health Orlando,Obstetrics & Gynaecology,Gynaecologic oncology,Not stated on official page,Florida,Clinical Fellowship,3 years,Annual academic intake; confirm exact date with programme,Follow the current ERAS and NRMP Gynecologic Oncology fellowship timeline,"Completed Obstetrics and Gynaecology residency; ERAS, NRMP and institution-specific requirements apply",Check with programme,Listed by the Society of Gynecologic Oncology; confirm current ACGME status,ERAS and NRMP Match,Not stated on official page,Not stated on official page,Not stated on official page,Not stated on official page,1 October 2026,https://www.adventhealth.com/adventhealth-graduate-medical-education/gynecologic-oncology-fellowship,not_researched,
/programs/albany-medical-center-urogynecology-reconstructive-pelvic-surgery-fellowship,https://thefellowshipportal.com/programs/albany-medical-center-urogynecology-reconstructive-pelvic-surgery-fellowship,Urogynecology & Reconstructive Pelvic Surgery Fellowship,Albany Medical Center,Obstetrics & Gynaecology,Urogynecology & reconstructive pelvic surgery,Not stated on official page,New York,Clinical Fellowship,3 years for OBGYN pathways; confirm urology-entry options,Early August 2027 for the published cycle; confirm with programme,Not participating in the 2026 ERAS and NRMP cycle; contact the programme,"Completed eligible Obstetrics and Gynaecology or Urology residency; ERAS, NRMP and institution-specific requirements apply",Check with programme,Listed in the American Urogynecologic Society 2026 programme guide; confirm current ACGME status,Contact programme; not in the 2026 ERAS/NRMP cycle,Not stated in the 2026 AUGS guide,Not stated on official page,Not stated on official page,Not stated on official page,1 October 2026,https://www.amc.edu/education/residencies-fellowships/urogynecology-and-reconstructive-pelvic-surgery-fellowship/,not_researched,
/programs/albany-medical-college-complex-family-planning-fellowship,https://thefellowshipportal.com/programs/albany-medical-college-complex-family-planning-fellowship,Complex Family Planning Fellowship,Albany Medical College,Obstetrics & Gynaecology,Complex family planning,Not stated on official page,New York,Clinical Fellowship,2 years,1 August 2027 for the published cycle,The published 2026 application cycle has closed; confirm the next ERAS and NRMP cycle,"Completed Obstetrics and Gynaecology residency; ERAS, NRMP and institution-specific requirements apply",Check with programme,ACGME-accredited Complex Family Planning pathway,ERAS and NRMP Match,Not stated on official page,Not stated on official page,Not stated on official page,Not stated on official page,1 October 2026,https://www.amc.edu/education/residencies-fellowships/complex-family-planning-fellowship/,not_researched,
/programs/alfred-cardiothoracic-anaesthesia-fellowship,https://thefellowshipportal.com/programs/alfred-cardiothoracic-anaesthesia-fellowship,Cardiothoracic Anaesthesia Fellowship,"The Alfred, Bayside Health",Anaesthesiology,Adult cardiothoracic anaesthesia,Not stated on official page,Victoria,Clinical Fellowship,1 year,Confirm current intake with the programme,31 May 2026 (2027 intake),International applicants should be at or near completion of specialty training and have passed relevant postgraduate examinations.,Check with programme,Not stated on official page,See official programme page,Two positions,Not stated on official page,Not stated on official page,Not stated on official page,1 October 2026,https://www.alfredhealth.org.au/careers/medical-careers/registrars-advanced-trainees-fellows/anaesthetics-cardiothoracic-fellow,not_researched,
/programs/alfred-pain-medicine-fellowship,https://thefellowshipportal.com/programs/alfred-pain-medicine-fellowship,Pain Medicine Fellowship,"The Alfred, Bayside Health",Anaesthesiology,Chronic pain medicine,Not stated on official page,Victoria,Clinical Fellowship,Confirm current appointment length,Confirm current intake with the programme,Published 2025 intake closed; confirm the next cycle,"Relevant specialty fellow or advanced trainee; AHPRA and Faculty of Pain Medicine trainee registration, with Foundation FPM examination before accredited training.",Check with programme,The hospital states FPM ANZCA accreditation for core training and practice development.,See official programme page,Not stated on official page,Not stated on official page,Not stated on official page,Not stated on official page,1 October 2026,https://www.alfredhealth.org.au/careers/medical-careers/registrars-advanced-trainees-fellows/pain-medicine-fellow,not_researched,
/programs/alfred-perioperative-medicine-fellowship,https://thefellowshipportal.com/programs/alfred-perioperative-medicine-fellowship,Perioperative Medicine Fellowship,"The Alfred, Bayside Health",Anaesthesiology,Perioperative medicine,Not stated on official page,Victoria,Clinical Fellowship,1 year,Confirm current intake with the programme,31 May 2026 (2027 intake),International applicants should be at or near completion of specialty training and have passed relevant postgraduate examinations.,Check with programme,Not stated on official page,See official programme page,Not stated on official page,Not stated on official page,Not stated on official page,Not stated on official page,1 October 2026,https://www.alfredhealth.org.au/careers/medical-careers/registrars-advanced-trainees-fellows/anaesthetics-perioperative-fellowship,not_researched,
/programs/alfred-trauma-anaesthesia-fellowship,https://thefellowshipportal.com/programs/alfred-trauma-anaesthesia-fellowship,Trauma Anaesthesia Fellowship,"The Alfred, Bayside Health",Anaesthesiology,Trauma anaesthesia,Not stated on official page,Victoria,Clinical Fellowship,1 year,Confirm current intake with the programme,31 May 2026 (2027 intake),International applicants should be at or near completion of specialty training and have passed relevant postgraduate examinations.,Check with programme,Not stated on official page,See official programme page,Two positions,Not stated on official page,Not stated on official page,Not stated on official page,1 October 2026,https://www.alfredhealth.org.au/careers/medical-careers/registrars-advanced-trainees-fellows/anaesthetics-trauma-fellowship,not_researched,
/programs/allegheny-health-network-gynecologic-oncology-fellowship,https://thefellowshipportal.com/programs/allegheny-health-network-gynecologic-oncology-fellowship,Gynecologic Oncology Fellowship,Allegheny Health Network,Obstetrics & Gynaecology,Gynaecologic oncology,Not stated on official page,Pennsylvania,Clinical Fellowship,3 years,Annual academic intake; confirm exact date with programme,Follow the current ERAS and NRMP Gynecologic Oncology fellowship timeline,"Completed Obstetrics and Gynaecology residency; ERAS, NRMP and institution-specific requirements apply",Check with programme,Listed by the Society of Gynecologic Oncology; confirm current ACGME status,ERAS and NRMP Match,Not stated on official page,Not stated on official page,Not stated on official page,Not stated on official page,1 October 2026,https://www.ahn.org/health-care-professionals/education/graduate-medical-education/fellowships/gynecologic-oncology,not_researched,
/programs/atlantic-health-system-morristown-medical-center-urogynecology-reconstructive-pelvic-surgery-fellowship,https://thefellowshipportal.com/programs/atlantic-health-system-morristown-medical-center-urogynecology-reconstructive-pelvic-surgery-fellowship,Urogynecology & Reconstructive Pelvic Surgery Fellowship,Atlantic Health System / Morristown Medical Center,Obstetrics & Gynaecology,Urogynecology & reconstructive pelvic surgery,Not stated on official page,New Jersey,Clinical Fellowship,3 years for OBGYN pathways; confirm urology-entry options,Early August 2027 for the published cycle; confirm with programme,Participated in the 2026 ERAS and NRMP cycle; confirm the next cycle,"Completed eligible Obstetrics and Gynaecology or Urology residency; ERAS, NRMP and institution-specific requirements apply",Check with programme,Listed in the American Urogynecologic Society 2026 programme guide; confirm current ACGME status,ERAS and NRMP Match,1 position in the published 2026 cycle,Not stated on official page,Not stated on official page,Not stated on official page,1 October 2026,https://ahs.atlantichealth.org/professionals-medical-education/residencies-fellowships/urogynecology-fellowship.html,not_researched,
/programs/berlin-dhzc-cardioanaesthesia-intensive-care-fellowship,https://thefellowshipportal.com/programs/berlin-dhzc-cardioanaesthesia-intensive-care-fellowship,Modular Fellowship in Cardioanaesthesia and Intensive Care,German Heart Center of the Charité,Anaesthesiology,Adult cardiothoracic anaesthesia,Not stated on official page,Berlin,Combined Fellowship,24 months,Confirm current intake with the programme,Confirm current intake with the programme,"Anaesthesia specialist qualification obtained within three years, continuing-education evidence, completed/ongoing doctorate, German C1 and English B2.",Check with programme,Not stated on official page,See official programme page,Not stated on official page,Salary follows the specialist-physician collective agreement (Ä2).,Not stated on official page,Not stated on official page,1 October 2026,https://www.dhzc.charite.de/en/career/cme/fellowships-in-cardioanaesthesiology-and-intensive-care-medicine/,not_researched,
/programs/bern-cardiothoracic-vascular-anaesthesia-fellowship,https://thefellowshipportal.com/programs/bern-cardiothoracic-vascular-anaesthesia-fellowship,Cardiothoracic and Vascular Anaesthesia Fellowship,"Inselspital, University Hospital Bern",Anaesthesiology,Adult cardiothoracic anaesthesia,Not stated on official page,Bern,Clinical Fellowship,12–24 months; the published curriculum prefers 24 months,Confirm current intake with the programme,Confirm current intake with the programme,Licensed anaesthesiologist or completed anaesthesia training certificate; Swiss residence/work permission required.,Check with programme,The hospital states reaccreditation through December 2029.,Contact the fellowship director; the hospital gives 30 November as the annual application cut-off.,Not stated on official page,Not stated on official page,Not stated on official page,Not stated on official page,1 October 2026,https://anaesthesiologie.insel.ch/de/unser-angebot/fortbildung/fellowship,not_researched,
/programs/beth-israel-deaconess-medical-center-gynecologic-oncology-fellowship,https://thefellowshipportal.com/programs/beth-israel-deaconess-medical-center-gynecologic-oncology-fellowship,Gynecologic Oncology Fellowship,Beth Israel Deaconess Medical Center,Obstetrics & Gynaecology,Gynaecologic oncology,Not stated on official page,Massachusetts,Clinical Fellowship,3 years,Annual academic intake; confirm exact date with programme,Follow the current ERAS and NRMP Gynecologic Oncology fellowship timeline,"Completed Obstetrics and Gynaecology residency; ERAS, NRMP and institution-specific requirements apply",Check with programme,Listed by the Society of Gynecologic Oncology; confirm current ACGME status,ERAS and NRMP Match,Not stated on official page,Not stated on official page,Not stated on official page,Not stated on official page,1 October 2026,https://www.bidmc.org/medical-education/medical-education-by-department/obstetrics-and-gynecology/fellowships/gynecologic-oncology,not_researched,
/programs/boston-university-complex-family-planning-fellowship,https://thefellowshipportal.com/programs/boston-university-complex-family-planning-fellowship,Complex Family Planning Fellowship,Boston University,Obstetrics & Gynaecology,Complex family planning,Not stated on official page,Massachusetts,Clinical Fellowship,2 years,1 August 2027 for the published cycle,The published 2026 application cycle has closed; confirm the next ERAS and NRMP cycle,"Completed Obstetrics and Gynaecology residency; ERAS, NRMP and institution-specific requirements apply",Check with programme,ACGME-accredited Complex Family Planning pathway,ERAS and NRMP Match,Not stated on official page,Not stated on official page,Not stated on official page,Not stated on official page,1 October 2026,https://www.bumc.bu.edu/obgyn/obgyn-residency/fellowships/,not_researched,
/programs/brigham-and-women-s-hospital-gynecologic-oncology-fellowship,https://thefellowshipportal.com/programs/brigham-and-women-s-hospital-gynecologic-oncology-fellowship,Gynecologic Oncology Fellowship,Brigham & Women’s Hospital,Obstetrics & Gynaecology,Gynaecologic oncology,Not stated on official page,Massachusetts,Clinical Fellowship,3 years,Annual academic intake; confirm exact date with programme,Follow the current ERAS and NRMP Gynecologic Oncology fellowship timeline,"Completed Obstetrics and Gynaecology residency; ERAS, NRMP and institution-specific requirements apply",Check with programme,Listed by the Society of Gynecologic Oncology; confirm current ACGME status,ERAS and NRMP Match,Not stated on official page,Not stated on official page,Not stated on official page,Not stated on official page,1 October 2026,https://www.brighamandwomens.org/obgyn/for-medical-professionals/gyn-onc-fellowship,not_researched,
/programs/cai-international-clinical-fellowship,https://thefellowshipportal.com/programs/cai-international-clinical-fellowship,International Clinical Fellowship Programme (ICFP),College of Anaesthesiologists of Ireland,Anaesthesiology,Combined training pathways,Not stated on official page,Multiple Irish host hospitals,Clinical Fellowship,1–2 years,Confirm current intake with the programme,Usually February–July; confirm the current application year,"Completed residency and examinations, one post-residency year, national sponsorship and Irish registration eligibility.",Yes,Not stated on official page,Send a CV to internationalfellowship@coa.ie.,Not stated on official page,Not stated on official page,Not stated on official page,Not stated on official page,1 October 2026,https://www.anaesthesia.ie/education-training/fellowship/,not_researched,
/programs/carolinas-medical-center-atrium-health-gynecologic-oncology-fellowship,https://thefellowshipportal.com/programs/carolinas-medical-center-atrium-health-gynecologic-oncology-fellowship,Gynecologic Oncology Fellowship,Carolinas Medical Center – Atrium Health,Obstetrics & Gynaecology,Gynaecologic oncology,Not stated on official page,North Carolina,Clinical Fellowship,3 years,Annual academic intake; confirm exact date with programme,Follow the current ERAS and NRMP Gynecologic Oncology fellowship timeline,"Completed Obstetrics and Gynaecology residency; ERAS, NRMP and institution-specific requirements apply",Check with programme,Listed by the Society of Gynecologic Oncology; confirm current ACGME status,ERAS and NRMP Match,Not stated on official page,Not stated on official page,Not stated on official page,Not stated on official page,1 October 2026,https://atriumhealth.org/education/graduate-medical-education/physician-fellowships/gynecologic-oncology,not_researched,
/programs/carolinas-medical-center-urogynecology-reconstructive-pelvic-surgery-fellowship,https://thefellowshipportal.com/programs/carolinas-medical-center-urogynecology-reconstructive-pelvic-surgery-fellowship,Urogynecology & Reconstructive Pelvic Surgery Fellowship,Carolinas Medical Center,Obstetrics & Gynaecology,Urogynecology & reconstructive pelvic surgery,Not stated on official page,North Carolina,Clinical Fellowship,3 years for OBGYN pathways; confirm urology-entry options,Early August 2027 for the published cycle; confirm with programme,Not participating in the 2026 ERAS and NRMP cycle; contact the programme,"Completed eligible Obstetrics and Gynaecology or Urology residency; ERAS, NRMP and institution-specific requirements apply",Check with programme,Listed in the American Urogynecologic Society 2026 programme guide; confirm current ACGME status,Contact programme; not in the 2026 ERAS/NRMP cycle,Not stated in the 2026 AUGS guide,Not stated on official page,Not stated on official page,Not stated on official page,1 October 2026,https://atriumhealth.org/education/graduate-medical-education/physician-fellowships/obstetrics-gynecology/obgyn-fpmrs,not_researched,
/programs/case-western-reserve-university-university-hospitals-cleveland-medical-center-urogynecology-reconstructive-pelvic-surgery-fellowship,https://thefellowshipportal.com/programs/case-western-reserve-university-university-hospitals-cleveland-medical-center-urogynecology-reconstructive-pelvic-surgery-fellowship,Urogynecology & Reconstructive Pelvic Surgery Fellowship,Case Western Reserve University / University Hospitals Cleveland Medical Center,Obstetrics & Gynaecology,Urogynecology & reconstructive pelvic surgery,Not stated on official page,Ohio,Clinical Fellowship,3 years for OBGYN pathways; confirm urology-entry options,Early August 2027 for the published cycle; confirm with programme,Participated in the 2026 ERAS and NRMP cycle; confirm the next cycle,"Completed eligible Obstetrics and Gynaecology or Urology residency; ERAS, NRMP and institution-specific requirements apply",Check with programme,Listed in the American Urogynecologic Society 2026 programme guide; confirm current ACGME status,ERAS and NRMP Match,1 position in the published 2026 cycle,Not stated on official page,Not stated on official page,Not stated on official page,1 October 2026,https://www.uhhospitals.org/medical-education/urology-medical-education/urogynecology-reconstructive-pelvic-surgery-fellowship,not_researched,
/programs/cedars-sinai-medical-center-gynecologic-oncology-fellowship,https://thefellowshipportal.com/programs/cedars-sinai-medical-center-gynecologic-oncology-fellowship,Gynecologic Oncology Fellowship,Cedars-Sinai Medical Center,Obstetrics & Gynaecology,Gynaecologic oncology,Not stated on official page,California,Clinical Fellowship,3 years,Annual academic intake; confirm exact date with programme,Follow the current ERAS and NRMP Gynecologic Oncology fellowship timeline,"Completed Obstetrics and Gynaecology residency; ERAS, NRMP and institution-specific requirements apply",Check with programme,Listed by the Society of Gynecologic Oncology; confirm current ACGME status,ERAS and NRMP Match,Not stated on official page,Not stated on official page,Not stated on official page,Not stated on official page,1 October 2026,https://www.sgo.org/fellowships/,not_researched,
/programs/city-of-hope-gynecologic-oncology-fellowship,https://thefellowshipportal.com/programs/city-of-hope-gynecologic-oncology-fellowship,Gynecologic Oncology Fellowship,City of Hope,Obstetrics & Gynaecology,Gynaecologic oncology,Not stated on official page,California,Clinical Fellowship,3 years,Annual academic intake; confirm exact date with programme,Follow the current ERAS and NRMP Gynecologic Oncology fellowship timeline,"Completed Obstetrics and Gynaecology residency; ERAS, NRMP and institution-specific requirements apply",Check with programme,Listed by the Society of Gynecologic Oncology; confirm current ACGME status,ERAS and NRMP Match,Not stated on official page,Not stated on official page,Not stated on official page,Not stated on official page,1 October 2026,https://www.cityofhope.org/education/graduate-medical-education/clinical-residency-and-fellowships/gynecologic-oncology-fellowship,not_researched,
/programs/cleveland-clinic-complex-family-planning-fellowship,https://thefellowshipportal.com/programs/cleveland-clinic-complex-family-planning-fellowship,Complex Family Planning Fellowship,Cleveland Clinic,Obstetrics & Gynaecology,Complex family planning,Not stated on official page,Ohio,Clinical Fellowship,2 years,1 August 2027 for the published cycle,The published 2026 application cycle has closed; confirm the next ERAS and NRMP cycle,"Completed Obstetrics and Gynaecology residency; ERAS, NRMP and institution-specific requirements apply",Check with programme,ACGME-accredited Complex Family Planning pathway,ERAS and NRMP Match,Not stated on official page,Not stated on official page,Not stated on official page,Not stated on official page,1 October 2026,https://my.clevelandclinic.org/departments/obgyn-womens-health/medical-professionals/education-programs/complex-family-planning-fellowship,not_researched,
/programs/cleveland-clinic-gynecologic-oncology-fellowship,https://thefellowshipportal.com/programs/cleveland-clinic-gynecologic-oncology-fellowship,Gynecologic Oncology Fellowship,Cleveland Clinic,Obstetrics & Gynaecology,Gynaecologic oncology,Not stated on official page,Ohio,Clinical Fellowship,3 years,Annual academic intake; confirm exact date with programme,Follow the current ERAS and NRMP Gynecologic Oncology fellowship timeline,"Completed Obstetrics and Gynaecology residency; ERAS, NRMP and institution-specific requirements apply",Check with programme,Listed by the Society of Gynecologic Oncology; confirm current ACGME status,ERAS and NRMP Match,Not stated on official page,Not stated on official page,Not stated on official page,Not stated on official page,1 October 2026,https://my.clevelandclinic.org/departments/obgyn-womens-health/medical-professionals/education-programs/gynecologic-oncology-fellowship,not_researched,
/programs/cleveland-clinic-urogynecology-reconstructive-pelvic-surgery-fellowship,https://thefellowshipportal.com/programs/cleveland-clinic-urogynecology-reconstructive-pelvic-surgery-fellowship,Urogynecology & Reconstructive Pelvic Surgery Fellowship,Cleveland Clinic,Obstetrics & Gynaecology,Urogynecology & reconstructive pelvic surgery,Not stated on official page,Ohio,Clinical Fellowship,3 years for OBGYN pathways; confirm urology-entry options,Early August 2027 for the published cycle; confirm with programme,Participated in the 2026 ERAS and NRMP cycle; confirm the next cycle,"Completed eligible Obstetrics and Gynaecology or Urology residency; ERAS, NRMP and institution-specific requirements apply",Check with programme,Listed in the American Urogynecologic Society 2026 programme guide; confirm current ACGME status,ERAS and NRMP Match,2 positions in the published 2026 cycle,Not stated on official page,Not stated on official page,Not stated on official page,1 October 2026,https://my.clevelandclinic.org/departments/obgyn-womens-health/medical-professionals/education-programs/female-pelvic-medicine-reconstructive-surgery-fellowship,not_researched,
/programs/cleveland-critical-care-medicine,https://thefellowshipportal.com/programs/cleveland-critical-care-medicine,Anesthesiology Critical Care Medicine Fellowship,Cleveland Clinic,Anaesthesiology,Critical care anaesthesia,Not stated on official page,Ohio,Clinical Fellowship,1 year; a separate two-year emergency-medicine track is described,Confirm current intake with the programme,Confirm current intake with the programme,"Standard pathway lists ACGME- or RCPSC-accredited anesthesiology/surgical residency, USMLE steps 1–3 and Ohio licence eligibility; emergency-medicine applicants should review their specific track.",Check with programme,ACGME,SF Match,Not stated on official page,Not stated on official page,Not stated on official page,Eligible for a temporary unrestricted Ohio medical licence.,1 October 2026,https://my.clevelandclinic.org/departments/anesthesiology/medical-professionals/fellowships/critical-care-medicine,not_researched,
/programs/cleveland-neuroanesthesiology,https://thefellowshipportal.com/programs/cleveland-neuroanesthesiology,Neuroanesthesiology Fellowship,Cleveland Clinic,Anaesthesiology,Neuroanaesthesia,Not stated on official page,Ohio,Clinical Fellowship,1 year,Confirm current intake with the programme,Confirm current intake with the programme,International medical graduates are encouraged to apply. ABA certification is preferred but not mandatory; USMLE/in-training results and ECFMG documentation are requested when applicable.,Yes,ICPNT,Direct application package to the programme coordinator.,4 per academic year,Not stated on official page,Not stated on official page,Not stated on official page,1 October 2026,https://my.clevelandclinic.org/departments/anesthesiology/medical-professionals/fellowships/neuroanesthesiology,not_researched,
/programs/cleveland-obstetric-anesthesia,https://thefellowshipportal.com/programs/cleveland-obstetric-anesthesia,Obstetric Anesthesia Fellowship,Cleveland Clinic,Anaesthesiology,Obstetric anaesthesia,Not stated on official page,Ohio,Clinical Fellowship,1 year,Confirm current intake with the programme,Confirm current intake with the programme,"Application requires proof of completion of an ACGME- or ACGME-I-accredited residency, examination results and ECFMG documentation if applicable.",Check with programme,ACGME,Send the application to the programme coordinator; SF Match is used for matching only.,2,Not stated on official page,Not stated on official page,Not stated on official page,1 October 2026,https://my.clevelandclinic.org/departments/anesthesiology/medical-professionals/fellowships/obstetrics,not_researched,
/programs/cleveland-pain-medicine,https://thefellowshipportal.com/programs/cleveland-pain-medicine,Pain Medicine Fellowship,Cleveland Clinic,Anaesthesiology,Chronic pain medicine,Not stated on official page,Ohio,Clinical Fellowship,1 year,Confirm current intake with the programme,Confirm current intake with the programme,Not stated on official page,Check with programme,ACGME,ERAS application and NRMP match.,10,Not stated on official page,Not stated on official page,Not stated on official page,1 October 2026,https://my.clevelandclinic.org/departments/anesthesiology/medical-professionals/fellowships/pain-medicine,not_researched,
/programs/cleveland-perioperative-medicine,https://thefellowshipportal.com/programs/cleveland-perioperative-medicine,Perioperative Medicine Fellowship,Cleveland Clinic,Anaesthesiology,Perioperative medicine,Not stated on official page,Ohio,Clinical Fellowship,Not stated on official page,Confirm current intake with the programme,Confirm current intake with the programme,International medical graduates are encouraged to apply; the application requires USMLE/in-training results and ECFMG documentation if applicable.,Yes,Not stated on official page,Direct application package to the programme coordinator.,1 per academic year,Not stated on official page,The page states that H-1B sponsorship is possible if requirements are met.,Not stated on official page,1 October 2026,https://my.clevelandclinic.org/departments/anesthesiology/medical-professionals/fellowships/perioperative-medicine,not_researched,
/programs/cleveland-regional-anesthesiology,https://thefellowshipportal.com/programs/cleveland-regional-anesthesiology,Regional Anesthesiology and Acute Pain Medicine Fellowship,Cleveland Clinic,Anaesthesiology,Regional anaesthesia & acute pain,Not stated on official page,Ohio,Clinical Fellowship,1 year,Confirm current intake with the programme,Confirm current intake with the programme,"Completed anesthesiology residency accredited by ACGME, ACGME-I or an accepted Canadian body; USMLE steps 1–3 and Ohio licence eligibility are required.",Check with programme,ACGME,SF Match,2,Not stated on official page,Not stated on official page,Eligible for a temporary unrestricted Ohio medical licence.,1 October 2026,https://my.clevelandclinic.org/departments/anesthesiology/medical-professionals/fellowships/regional,not_researched,
/programs/cleveland-transplantation-anesthesiology,https://thefellowshipportal.com/programs/cleveland-transplantation-anesthesiology,Transplantation Anesthesiology Fellowship,Cleveland Clinic,Anaesthesiology,Liver transplant anaesthesia,Not stated on official page,Ohio,Clinical Fellowship,1 year,Confirm current intake with the programme,Confirm current intake with the programme,International medical graduates are explicitly encouraged to apply; the page requests USMLE/in-training results and ECFMG documentation if applicable.,Yes,Non-ACGME,Direct application package to the fellowship coordinator.,2,Not stated on official page,Not stated on official page,Not stated on official page,1 October 2026,https://my.clevelandclinic.org/departments/anesthesiology/medical-professionals/fellowships/liver-transplant,not_researched,
/programs/columbia-adult-cardiothoracic-anesthesiology,https://thefellowshipportal.com/programs/columbia-adult-cardiothoracic-anesthesiology,Adult Cardiothoracic Anesthesiology Fellowship,Columbia University Irving Medical Center,Anaesthesiology,Adult cardiothoracic anaesthesia,Not stated on official page,New York,Clinical Fellowship,1 year,Confirm current intake with the programme,Confirm current intake with the programme,Completion of an ACGME-accredited anesthesiology residency before starting.,Check with programme,ACGME,SF Match,9 per year,Not stated on official page,Generally J-1 through ECFMG; O-1 support in very limited circumstances. The page explicitly excludes H-1 sponsorship.,Not stated on official page,1 October 2026,https://www.anesthesiology.cuimc.columbia.edu/acta-fellowship-cumc,not_researched,
/programs/columbia-critical-care-medicine,https://thefellowshipportal.com/programs/columbia-critical-care-medicine,Anesthesiology Critical Care Medicine Fellowship,Columbia University Irving Medical Center,Anaesthesiology,Critical care anaesthesia,Not stated on official page,New York,Clinical Fellowship,12 months; 24 months for the emergency-medicine ABA pathway,Confirm current intake with the programme,Confirm current intake with the programme,"Completed residency in anesthesiology, surgery, emergency medicine or obstetrics.",Check with programme,ACGME,SF Match,9,Not stated on official page,Not stated on official page,Not stated on official page,1 October 2026,https://www.anesthesiology.cuimc.columbia.edu/education/fellowships/anesthesiology-critical-care-medicine-fellowship,not_researched,
/programs/columbia-neurosurgical-anesthesia,https://thefellowshipportal.com/programs/columbia-neurosurgical-anesthesia,Neurosurgical Anesthesia Fellowship,Columbia University Irving Medical Center,Anaesthesiology,Neuroanaesthesia,Not stated on official page,New York,Clinical Fellowship,1 year,Confirm current intake with the programme,Confirm current intake with the programme,Not stated on official page,Check with programme,Not stated on official page,Submit the official application and checklist materials to the programme coordinator.,Not stated on official page,Not stated on official page,Not stated on official page,Not stated on official page,1 October 2026,https://www.anesthesiology.cuimc.columbia.edu/fellowship-neurosurgical-anesthesia,not_researched,
/programs/columbia-obstetric-anesthesiology,https://thefellowshipportal.com/programs/columbia-obstetric-anesthesiology,Obstetric Anesthesiology Fellowship,Columbia University Irving Medical Center,Anaesthesiology,Obstetric anaesthesia,Not stated on official page,New York,Clinical Fellowship,12 months; a two-year option is available,Confirm current intake with the programme,Confirm current intake with the programme,Completion of an ACGME-accredited anesthesiology residency before starting.,Check with programme,ACGME,SF Match,3,Not stated on official page,Not stated on official page,Not stated on official page,1 October 2026,https://www.anesthesiology.cuimc.columbia.edu/education/fellowships/obstetric-anesthesiology-fellowship,not_researched,
/programs/columbia-pediatric-anesthesiology,https://thefellowshipportal.com/programs/columbia-pediatric-anesthesiology,Pediatric Anesthesiology Fellowship,Columbia University Irving Medical Center,Anaesthesiology,Paediatric anaesthesia,Not stated on official page,New York,Clinical Fellowship,1 year,Confirm current intake with the programme,Confirm current intake with the programme,Completion of an ACGME-accredited anesthesiology residency before starting.,Check with programme,ACGME,SF Match; the page also describes exceptional appointments outside the match.,Not stated on official page,Not stated on official page,Not stated on official page,Not stated on official page,1 October 2026,https://www.anesthesiology.cuimc.columbia.edu/education/fellowships/pediatric-anesthesiology-fellowship,not_researched,
/programs/columbia-transplant-anesthesiology,https://thefellowshipportal.com/programs/columbia-transplant-anesthesiology,Transplant Anesthesiology Fellowship,Columbia University Irving Medical Center,Anaesthesiology,Liver transplant anaesthesia,"Department of Anesthesiology, Columbia University Irving Medical Center",New York,Clinical Research Fellowship,1 or 2 years (combined liver transplantation and major vascular anesthesiology fellowship),Not stated on official page,Not stated on official page,Completed an accredited anesthesiology residency and board eligible.,Possible if eligible for US employment; ECFMG certificate required where applicable,Not stated on official page,"Complete the Fellowship Interest Form and document checklist (CV, personal statement, 3 references incl. current PD, USMLE Steps 1-3, ABA ITE and Basic Exam scores, transcript, MSPE, ECFMG certificate if applicable, photo) and email to the Education and Project Coordinator",Not stated on official page,Not stated on official page,No H-1B sponsorship: NewYork-Presbyterian Hospital and Columbia University do not sponsor H-1B visas for GME,Not stated on official page,3 October 2026,https://www.anesthesiology.cuimc.columbia.edu/transplant-anesthesiology-fellowship,updated,Visa and checklist details from the application PDFs linked on the official page.
/programs/columbia-university-complex-family-planning-fellowship,https://thefellowshipportal.com/programs/columbia-university-complex-family-planning-fellowship,Complex Family Planning Fellowship,Columbia University,Obstetrics & Gynaecology,Complex family planning,"Department of Obstetrics and Gynecology, Columbia University Irving Medical Center",New York,Clinical Fellowship,2 years,1 August 2027 for the published cycle,Not stated on official page,"Completed Obstetrics and Gynaecology residency; ERAS, NRMP and institution-specific requirements apply",Not stated on official page,ACGME-accredited (since 2021),NRMP Match,Not stated on official page,Not stated on official page,Not stated on official page,Not stated on official page,3 October 2026,https://www.obgyn.columbia.edu/education/fellowships/complex-family-planning,updated,"Official page states ACGME accreditation since 2021 and NRMP match; no dates, positions, funding or visa info."
/programs/columbia-university-gynecologic-oncology-fellowship,https://thefellowshipportal.com/programs/columbia-university-gynecologic-oncology-fellowship,Gynecologic Oncology Fellowship,Columbia University,Obstetrics & Gynaecology,Gynaecologic oncology,"Department of Obstetrics and Gynecology, Columbia University Vagelos College of Physicians and Surgeons (joint with Weill Cornell; NewYork-Presbyterian)",New York,Clinical Fellowship,3 years (1 research year + 2 clinical years rotating between Columbia and Weill Cornell),Not stated on official page,Not stated on official page,"Completed Obstetrics and Gynaecology residency; ERAS, NRMP and institution-specific requirements apply",Not stated on official page,ACGME-accredited,ERAS and NRMP Match,Not stated on official page,Not stated on official page,Not stated on official page,Not stated on official page,3 October 2026,https://www.obgyn.columbia.edu/education/fellowships/gynecologic-oncology,updated,Old URL columbiaobgyn.org redirects to obgyn.columbia.edu page. Joint Columbia/Weill Cornell programme.
/programs/complex-family-planning-fellowship-stanford,https://thefellowshipportal.com/programs/complex-family-planning-fellowship-stanford,Complex Family Planning Fellowship,Stanford Medicine,Obstetrics & Gynaecology,Complex family planning,"Division of Gynecology, Department of Obstetrics and Gynecology",California,Clinical Fellowship,2 years,Not stated on official page,Not stated on official page,Completed Obstetrics and Gynaecology residency; fellowship application and institutional requirements apply,Not stated on official page,ACGME-accredited,Not stated on official page,Not stated on official page,Not stated on official page,Not stated on official page,Not stated on official page,3 October 2026,https://med.stanford.edu/obgyn/divisions/gyn/fellowships.html,updated,Shared Stanford gynecology fellowships page; CFP section gives ACGME accreditation only.
/programs/cooper-medical-school-of-rowan-university-cooper-university-hospital-urogynecology-reconstructive-pelvic-surgery-fellowship,https://thefellowshipportal.com/programs/cooper-medical-school-of-rowan-university-cooper-university-hospital-urogynecology-reconstructive-pelvic-surgery-fellowship,Urogynecology & Reconstructive Pelvic Surgery Fellowship,Cooper Medical School of Rowan University / Cooper University Hospital,Obstetrics & Gynaecology,Urogynecology & reconstructive pelvic surgery,"Division of Urogynecology and Reconstructive Pelvic Surgery, Department of Obstetrics and Gynecology, Cooper University Hospital",New Jersey,Clinical Fellowship,3 years,Early August 2027 for the published cycle; confirm with programme,Participated in the 2026 ERAS and NRMP cycle; confirm the next cycle,Satisfactory completion of an ACGME- or RCPSC-approved Obstetrics and Gynecology or Urology residency,"Accepted applicants must be a US citizen, permanent resident, or hold a J-1 visa",ACGME-accredited,"ERAS only (3 letters incl. one from current/most recent training director, personal statement); NRMP Match",1 fellow per year,Not stated on official page,J-1 visa only (no other visa types stated),Not stated on official page,3 October 2026,https://www.cooperhealth.edu/graduate-medical-education/fellowships/urogynecology-and-reconstructive-pelvic-surgery | https://www.cooperhealth.edu/graduate-medical-education/fellowships/urogynecology-and-reconstructive-pelvic-surgery/apply,updated,Old URL redirects to /graduate-medical-education/fellowships/...; How to Apply subpage used.
/programs/cooper-university-hospital-gynecologic-oncology-fellowship,https://thefellowshipportal.com/programs/cooper-university-hospital-gynecologic-oncology-fellowship,Gynecologic Oncology Fellowship,Cooper University Hospital,Obstetrics & Gynaecology,Gynaecologic oncology,"Division of Gynecologic Oncology, Department of Obstetrics and Gynecology, Cooper University Hospital",New Jersey,Clinical Fellowship,3 years (second year is 12 months of research),Not stated on official page,6 April 2026 (published deadline for the current ERAS cycle; next cycle not yet posted),Successful completion of a four-year Obstetrics and Gynecology residency,"Accepted applicants must be a US citizen, resident alien, or hold a J-1 visa",ACGME-accredited,ERAS only (3 letters incl. one from training director; SGO SLOEs accepted; personal statement; CREOG scores emailed to programme),1 fellow per year,Not stated on official page,J-1 visa only (no other visa types stated),Not stated on official page,3 October 2026,https://www.cooperhealth.edu/graduate-medical-education/fellowships/gynecologic-oncology | https://www.cooperhealth.edu/graduate-medical-education/fellowships/gynecologic-oncology/apply,updated,Old URL redirects to /graduate-medical-education/fellowships/...; How to Apply subpage used.
/programs/cornea-external-disease-fellowship-wilmer,https://thefellowshipportal.com/programs/cornea-external-disease-fellowship-wilmer,Cornea & External Disease Fellowship,Johns Hopkins Medicine,Ophthalmology,Cornea & external disease,"Wilmer Eye Institute, Johns Hopkins Medicine",Maryland,Clinical Fellowship,1 year; two-year appointments considered for applicants with a serious commitment to research,Not stated on official page,Not stated on official page,Completed ophthalmology residency; match and licensing requirements apply,Not stated on official page,Not stated on official page,SF Match (include a small photo with application),Not stated on official page,Not stated on official page,Not stated on official page,Maryland medical licence required; applicants must be eligible for Maryland licensure,3 October 2026,https://www.hopkinsmedicine.org/wilmer/education/clinical-training/fellowships/cornea,updated,Page returns 403 to curl/WebFetch; content read via a text-extraction fetch of the same official URL.
/programs/critical-care-anesthesiology-fellowship-ucsf,https://thefellowshipportal.com/programs/critical-care-anesthesiology-fellowship-ucsf,Critical Care Anesthesiology Fellowship,UCSF Health,Anaesthesiology,Critical care anaesthesia,"Division of Critical Care Medicine, UCSF Department of Anesthesia and Perioperative Care",California,Clinical Fellowship,1 year; two-year track for those seeking certification through the American Board of Emergency Medicine; optional second clinical/research year depending on funding,Not stated on official page,1 March of the year before the fellowship start (submission by 1 February encouraged); rolling interviews,Completed anaesthesiology or another ACGME-eligible residency pathway; licensing requirements apply,Limited,ACGME,"SF Match (common application) plus 3 letters, USMLE/FLEX scores and ITE scores sent to programme coordinator; virtual interviews January-April",Not stated on official page,Not stated on official page,Not stated on official page,Not stated on official page,3 October 2026,https://anesthesia.ucsf.edu/opportunities/critical-care-anesthesiology-fellowship,updated,Page returns 403 to curl; read via text-extraction fetch of the same official URL.
/programs/critical-care-medicine-anesthesiology-fellowship-stanford,https://thefellowshipportal.com/programs/critical-care-medicine-anesthesiology-fellowship-stanford,Critical Care Medicine Fellowship,Stanford Medicine,Anaesthesiology,Critical care anaesthesia,"Department of Anesthesiology, Perioperative and Pain Medicine",California,Clinical Fellowship,1–2 years,Confirm current intake with the programme,Confirm current intake with the programme,Anaesthesiology or internal medicine residency; duration depends on board requirements and research interests,Check with programme,ACGME,See official programme page,Not stated on official page,Not stated on official page,Not stated on official page,Not stated on official page,1 October 2026,https://med.stanford.edu/anesthesia/education/fellowships/clinical-fellows/critical_care.html,pending,
/programs/critical-care-medicine-anesthesiology-fellowship-ucla,https://thefellowshipportal.com/programs/critical-care-medicine-anesthesiology-fellowship-ucla,Anesthesiology Critical Care Medicine Fellowship,UCLA Health,Anaesthesiology,Critical care anaesthesia,Department of Anesthesiology and Perioperative Medicine,California,Clinical Fellowship,1 year,Confirm current intake with the programme,Confirm current intake with the programme,"Qualified anaesthesiology, surgery or emergency medicine backgrounds; confirm discipline-specific training and certification requirements",Check with programme,ACGME,SF Match,5 per year,Not stated on official page,Not stated on official page,California medical licence required,1 October 2026,https://www.uclahealth.org/departments/anes/education/fellowship-programs/critical-care-medicine-fellowship,pending,
/programs/dartmouth-hitchcock-medical-center-urogynecology-reconstructive-pelvic-surgery-fellowship,https://thefellowshipportal.com/programs/dartmouth-hitchcock-medical-center-urogynecology-reconstructive-pelvic-surgery-fellowship,Urogynecology & Reconstructive Pelvic Surgery Fellowship,Dartmouth Hitchcock Medical Center,Obstetrics & Gynaecology,Urogynecology & reconstructive pelvic surgery,Not stated on official page,New Hampshire,Clinical Fellowship,3 years for OBGYN pathways; confirm urology-entry options,Early August 2027 for the published cycle; confirm with programme,Participated in the 2026 ERAS and NRMP cycle; confirm the next cycle,"Completed eligible Obstetrics and Gynaecology or Urology residency; ERAS, NRMP and institution-specific requirements apply",Check with programme,Listed in the American Urogynecologic Society 2026 programme guide; confirm current ACGME status,ERAS and NRMP Match,1 position in the published 2026 cycle,Not stated on official page,Not stated on official page,Not stated on official page,1 October 2026,https://gme.dartmouth-hitchcock.org/urps,pending,
/programs/david-pincus-global-health-fellowship-chop,https://thefellowshipportal.com/programs/david-pincus-global-health-fellowship-chop,David N. Pincus Global Health Fellowship,Children’s Hospital of Philadelphia,Paediatrics,Global health,Not stated on official page,Not stated on official page,Clinical Fellowship,2–3 years,July 2027,14 September 2026,Early-career paediatricians; see official programme requirements,Check with programme,Not stated on official page,Not stated on official page,Not stated on official page,Not stated on official page,Not stated on official page,Not stated on official page,1 October 2026,https://www.chop.edu/pediatric-fellowships/global-health-center-fellowships,pending,
/programs/dermatology-visiting-observerships-stanford,https://thefellowshipportal.com/programs/dermatology-visiting-observerships-stanford,Dermatology Visiting Observerships,Stanford Medicine,Dermatology,Visiting opportunities,Not stated on official page,Not stated on official page,Observership,Varies,By arrangement,Contact programme,"Host, department and hospital compliance approval required",Check with programme,Not stated on official page,Not stated on official page,Not stated on official page,Not stated on official page,Not stated on official page,Not stated on official page,1 October 2026,https://med.stanford.edu/dermatology/Education/Observership.html,pending,
/programs/dermatopathology-fellowship-stanford,https://thefellowshipportal.com/programs/dermatopathology-fellowship-stanford,Dermatopathology Fellowship,Stanford Medicine,Dermatology,Dermatopathology,Not stated on official page,Not stated on official page,Clinical Fellowship,1 year,Academic year,2028–29 review begins fall 2026,Board certified or board eligible in pathology or dermatology,Check with programme,Not stated on official page,Not stated on official page,Not stated on official page,Not stated on official page,Not stated on official page,Not stated on official page,1 October 2026,https://med.stanford.edu/pathology/education-programs/clinical-fellowships/dermatopathology.html,pending,
/programs/disaster-medicine-fellowship-bidmc,https://thefellowshipportal.com/programs/disaster-medicine-fellowship-bidmc,Disaster Medicine Fellowship,Beth Israel Deaconess Medical Center,Emergency Medicine,Disaster medicine,Not stated on official page,Not stated on official page,Clinical Fellowship,1 year,Annual intake,See official application timeline,Physician applicants; see official application requirements,Check with programme,Not stated on official page,Not stated on official page,Not stated on official page,Not stated on official page,Not stated on official page,Not stated on official page,1 October 2026,https://research.bidmc.org/emergencymedicine-gme/fellowship-disaster-medicine,pending,
/programs/duke-adult-cardiothoracic-anesthesiology,https://thefellowshipportal.com/programs/duke-adult-cardiothoracic-anesthesiology,Adult Cardiothoracic Anesthesiology Fellowship,Duke University,Anaesthesiology,Adult cardiothoracic anaesthesia,Not stated on official page,North Carolina,Clinical Fellowship,12 months; an individualized second clinical or research year may be available,Confirm current intake with the programme,3 March 2027 for the 2028–2029 fellowship,Not stated on official page,Check with programme,ACGME,SF Match,14 per year,Not stated on official page,Not stated on official page,Not stated on official page,1 October 2026,https://anesthesiology.duke.edu/education/fellowships/acta,pending,
/programs/duke-critical-care-medicine,https://thefellowshipportal.com/programs/duke-critical-care-medicine,Critical Care Medicine Fellowship,Duke University,Anaesthesiology,Critical care anaesthesia,Not stated on official page,North Carolina,Clinical Fellowship,1 year,Confirm current intake with the programme,3 March 2027 for July 2028 positions,"Required clinical training in an ACGME-accredited anesthesiology residency, or an RCPSC/CFPC-accredited Canadian residency, as specified by the program.",Check with programme,ACGME,SF Match,8 per year,Not stated on official page,Not stated on official page,Not stated on official page,1 October 2026,https://anesthesiology.duke.edu/education/fellowships/ccm,pending,
/programs/duke-neurosurgical-anesthesiology,https://thefellowshipportal.com/programs/duke-neurosurgical-anesthesiology,Neurosurgical Anesthesiology Fellowship,Duke University,Anaesthesiology,Neuroanaesthesia,Not stated on official page,North Carolina,Clinical Fellowship,12 months; a two-year option may include research or critical care fellowship training,Confirm current intake with the programme,Confirm current intake with the programme,"Completed ACGME, RCPSC or CFPC-accredited anesthesiology residency; USMLE requirements and ACLS/BLS certification apply.",Check with programme,ICPNT; non-ACGME fellowship,"Online fellowship application with CV, personal statement and three references",Not stated on official page,Not stated on official page,Not stated on official page,North Carolina full or limited medical licence and active DEA registration,1 October 2026,https://anesthesiology.duke.edu/education/fellowships/neurosurgical,pending,
/programs/duke-obstetric-anesthesiology,https://thefellowshipportal.com/programs/duke-obstetric-anesthesiology,Obstetric Anesthesiology Fellowship,Duke University,Anaesthesiology,Obstetric anaesthesia,Not stated on official page,North Carolina,Clinical Fellowship,1 year,Confirm current intake with the programme,Confirm current intake with the programme,Not stated on official page,Check with programme,ACGME,SF Match,2 per year,Not stated on official page,Not stated on official page,Not stated on official page,1 October 2026,https://anesthesiology.duke.edu/education/fellowships/obstetric,pending,
/programs/duke-pain-medicine,https://thefellowshipportal.com/programs/duke-pain-medicine,Pain Medicine Fellowship,Duke University,Anaesthesiology,Chronic pain medicine,Not stated on official page,North Carolina,Clinical Fellowship,1 year,Confirm current intake with the programme,Confirm current intake with the programme,"The program reviews qualified applicants across primary specialties, including anesthesiology, neurology, psychiatry and physical medicine and rehabilitation.",Check with programme,ACGME,ERAS and the Match; in-training scores are sent to the fellowship office,Not stated on official page,Not stated on official page,Not stated on official page,Not stated on official page,1 October 2026,https://anesthesiology.duke.edu/education/fellowships/pain,pending,
/programs/duke-pediatric-anesthesiology,https://thefellowshipportal.com/programs/duke-pediatric-anesthesiology,Pediatric Anesthesiology Fellowship,Duke University,Anaesthesiology,Paediatric anaesthesia,Not stated on official page,North Carolina,Clinical Fellowship,1 year,Confirm current intake with the programme,Confirm current intake with the programme,"Completed ACGME anesthesiology residency, eligibility for ABA certification, PALS certification and North Carolina medical licensure.",Check with programme,ACGME,"SF Match, with additional ABA Basic Exam and in-training exam reports",1–2 per year,Not stated on official page,Not stated on official page,Must meet North Carolina Medical Board requirements,1 October 2026,https://anesthesiology.duke.edu/education/fellowships/pediatric,pending,
/programs/duke-pediatric-cardiothoracic-anesthesiology,https://thefellowshipportal.com/programs/duke-pediatric-cardiothoracic-anesthesiology,Pediatric Cardiothoracic Anesthesiology Fellowship,Duke University,Anaesthesiology,Paediatric cardiac anaesthesia,Not stated on official page,North Carolina,Clinical Fellowship,1 year,Confirm current intake with the programme,Confirm current intake with the programme,Not stated on official page,Check with programme,ACGME,Online application linked from the program page,1 per year,Not stated on official page,Not stated on official page,Not stated on official page,1 October 2026,https://anesthesiology.duke.edu/education/fellowships/pedsct,pending,
/programs/duke-perioperative-medicine,https://thefellowshipportal.com/programs/duke-perioperative-medicine,Perioperative Medicine Fellowship,Duke University,Anaesthesiology,Perioperative medicine,Not stated on official page,North Carolina,Clinical Fellowship,Not stated on official page,Confirm current intake with the programme,Confirm current intake with the programme,Trainees who have completed their professional examinations; current residents are encouraged to apply in CA-2.,Check with programme,Not stated on official page,"Fellowship application with supporting documents, submitted by email or mail",Up to 2,Not stated on official page,Not stated on official page,Not stated on official page,1 October 2026,https://anesthesiology.duke.edu/education/fellowships/perioperative,pending,
/programs/duke-regional-acute-pain,https://thefellowshipportal.com/programs/duke-regional-acute-pain,Regional Anesthesiology & Acute Pain Medicine Fellowship,Duke University,Anaesthesiology,Regional anaesthesia & acute pain,Not stated on official page,North Carolina,Clinical Fellowship,1 year,Confirm current intake with the programme,Confirm current intake with the programme,Not stated on official page,Check with programme,ACGME,SF Match,Not stated on official page,Not stated on official page,Not stated on official page,Not stated on official page,1 October 2026,https://anesthesiology.duke.edu/education/fellowships/regional,pending,
/programs/duke-undersea-hyperbaric-medicine,https://thefellowshipportal.com/programs/duke-undersea-hyperbaric-medicine,Undersea & Hyperbaric Medicine Fellowship,Duke University,Anaesthesiology,Undersea & hyperbaric medicine,Not stated on official page,North Carolina,Clinical Fellowship,1 year,Confirm current intake with the programme,Confirm current intake with the programme,Completed ACGME-certified residency and board eligibility in the applicant's original specialty.,Check with programme,Not stated on official page,"Online application, or application materials by mail or email","Up to 4 annually, depending on funding",Not stated on official page,Not stated on official page,Eligibility for North Carolina trainee medical licensure,1 October 2026,https://anesthesiology.duke.edu/education/fellowships/hyperbaric,pending,
/programs/duke-university-complex-family-planning-fellowship,https://thefellowshipportal.com/programs/duke-university-complex-family-planning-fellowship,Complex Family Planning Fellowship,Duke University,Obstetrics & Gynaecology,Complex family planning,Not stated on official page,North Carolina,Clinical Fellowship,2 years,1 August 2027 for the published cycle,The published 2026 application cycle has closed; confirm the next ERAS and NRMP cycle,"Completed Obstetrics and Gynaecology residency; ERAS, NRMP and institution-specific requirements apply",Check with programme,ACGME-accredited Complex Family Planning pathway,ERAS and NRMP Match,Not stated on official page,Not stated on official page,Not stated on official page,Not stated on official page,1 October 2026,https://obgyn.duke.edu/education-training/fellowship-programs/complex-family-planning,pending,
/programs/duke-university-gynecologic-oncology-fellowship,https://thefellowshipportal.com/programs/duke-university-gynecologic-oncology-fellowship,Gynecologic Oncology Fellowship,Duke University,Obstetrics & Gynaecology,Gynaecologic oncology,Not stated on official page,North Carolina,Clinical Fellowship,3 years,Annual academic intake; confirm exact date with programme,Follow the current ERAS and NRMP Gynecologic Oncology fellowship timeline,"Completed Obstetrics and Gynaecology residency; ERAS, NRMP and institution-specific requirements apply",Check with programme,Listed by the Society of Gynecologic Oncology; confirm current ACGME status,ERAS and NRMP Match,Not stated on official page,Not stated on official page,Not stated on official page,Not stated on official page,1 October 2026,https://obgyn.duke.edu/education-training/fellowship-programs/gynecologic-oncology-fellowship-program,pending,
/programs/duke-university-hospital-urogynecology-reconstructive-pelvic-surgery-fellowship,https://thefellowshipportal.com/programs/duke-university-hospital-urogynecology-reconstructive-pelvic-surgery-fellowship,Urogynecology & Reconstructive Pelvic Surgery Fellowship,Duke University Hospital,Obstetrics & Gynaecology,Urogynecology & reconstructive pelvic surgery,Not stated on official page,North Carolina,Clinical Fellowship,3 years for OBGYN pathways; confirm urology-entry options,Early August 2027 for the published cycle; confirm with programme,Participated in the 2026 ERAS and NRMP cycle; confirm the next cycle,"Completed eligible Obstetrics and Gynaecology or Urology residency; ERAS, NRMP and institution-specific requirements apply",Check with programme,Listed in the American Urogynecologic Society 2026 programme guide; confirm current ACGME status,ERAS and NRMP Match,1 position in the published 2026 cycle,Not stated on official page,Not stated on official page,Not stated on official page,1 October 2026,https://obgyn.duke.edu/education-training/fellowship-programs/urogynecology-reconstructive-pelvic-surgery,pending,
/programs/emergency-medical-services-fellowship-stanford,https://thefellowshipportal.com/programs/emergency-medical-services-fellowship-stanford,Emergency Medical Services Fellowship,Stanford Medicine,Emergency Medicine,EMS,Not stated on official page,Not stated on official page,Clinical Fellowship,2 years,Annual academic intake,Follow the current NRMP timeline,Emergency medicine residency completion and eligibility for an unrestricted California medical licence,Check with programme,Not stated on official page,Not stated on official page,Not stated on official page,Not stated on official page,Not stated on official page,Not stated on official page,1 October 2026,https://med.stanford.edu/emed/education/fellowships/ems.html,pending,
/programs/emory-university-complex-family-planning-fellowship,https://thefellowshipportal.com/programs/emory-university-complex-family-planning-fellowship,Complex Family Planning Fellowship,Emory University,Obstetrics & Gynaecology,Complex family planning,Not stated on official page,Georgia,Clinical Fellowship,2 years,1 August 2027 for the published cycle,The published 2026 application cycle has closed; confirm the next ERAS and NRMP cycle,"Completed Obstetrics and Gynaecology residency; ERAS, NRMP and institution-specific requirements apply",Check with programme,ACGME-accredited Complex Family Planning pathway,ERAS and NRMP Match,Not stated on official page,Not stated on official page,Not stated on official page,Not stated on official page,1 October 2026,https://med.emory.edu/departments/gynecology-obstetrics/divisions/family-planning/index.html,pending,
/programs/emory-university-gynecologic-oncology-fellowship,https://thefellowshipportal.com/programs/emory-university-gynecologic-oncology-fellowship,Gynecologic Oncology Fellowship,Emory University,Obstetrics & Gynaecology,Gynaecologic oncology,Not stated on official page,Georgia,Clinical Fellowship,3 years,Annual academic intake; confirm exact date with programme,Follow the current ERAS and NRMP Gynecologic Oncology fellowship timeline,"Completed Obstetrics and Gynaecology residency; ERAS, NRMP and institution-specific requirements apply",Check with programme,Listed by the Society of Gynecologic Oncology; confirm current ACGME status,ERAS and NRMP Match,Not stated on official page,Not stated on official page,Not stated on official page,Not stated on official page,1 October 2026,https://med.emory.edu/departments/gynecology-obstetrics/education/fellowships/fellowship5/index.html,pending,
/programs/emory-university-urogynecology-reconstructive-pelvic-surgery-fellowship,https://thefellowshipportal.com/programs/emory-university-urogynecology-reconstructive-pelvic-surgery-fellowship,Urogynecology & Reconstructive Pelvic Surgery Fellowship,Emory University,Obstetrics & Gynaecology,Urogynecology & reconstructive pelvic surgery,Not stated on official page,Georgia,Clinical Fellowship,3 years for OBGYN pathways; confirm urology-entry options,Early August 2027 for the published cycle; confirm with programme,Participated in the 2026 ERAS and NRMP cycle; confirm the next cycle,"Completed eligible Obstetrics and Gynaecology or Urology residency; ERAS, NRMP and institution-specific requirements apply",Check with programme,Listed in the American Urogynecologic Society 2026 programme guide; confirm current ACGME status,ERAS and NRMP Match,1 position in the published 2026 cycle,Not stated on official page,Not stated on official page,Not stated on official page,1 October 2026,https://med.emory.edu/departments/gynecology-obstetrics/education/fellowships/fellowship1/index.html,pending,
/programs/endocrinology-diabetes-metabolism-fellowship-stanford,https://thefellowshipportal.com/programs/endocrinology-diabetes-metabolism-fellowship-stanford,"Endocrinology, Diabetes & Metabolism Fellowship",Stanford Medicine,Internal Medicine,Endocrinology,Not stated on official page,Not stated on official page,Clinical Fellowship,2–3+ years,July,Follow the current ERAS and NRMP timeline,"Completed internal medicine residency; ERAS, NRMP and Stanford GME requirements apply",Limited,Not stated on official page,Not stated on official page,Not stated on official page,Not stated on official page,Not stated on official page,Not stated on official page,1 October 2026,https://med.stanford.edu/endocrinology/fellowship.html,pending,
/programs/facial-plastic-reconstructive-surgery-instructorship-stanford,https://thefellowshipportal.com/programs/facial-plastic-reconstructive-surgery-instructorship-stanford,Facial Plastic & Reconstructive Surgery Clinical Instructorship,Stanford Medicine,ENT / Otolaryngology,Facial plastics,Not stated on official page,Not stated on official page,Clinical Fellowship,1 year,Annual academic intake,Follow the current SF Match timeline,Completed eligible surgical training; SF Match and licensing requirements apply,Check with programme,Not stated on official page,Not stated on official page,Not stated on official page,Not stated on official page,Not stated on official page,Not stated on official page,1 October 2026,https://med.stanford.edu/ohns/education/fellowship.html,pending,
/programs/fellowship-anesthesia-research-medicine-stanford,https://thefellowshipportal.com/programs/fellowship-anesthesia-research-medicine-stanford,Fellowship in Anesthesia Research & Medicine,Stanford Medicine,Anaesthesiology,Combined training pathways,"Department of Anesthesiology, Perioperative and Pain Medicine",California,Combined Fellowship,Residency research time plus 1–2 fellowship years,With residency intake,Confirm the current residency and FARM application cycle,Applicants pursuing Stanford anaesthesiology residency and a physician-scientist career,Limited,Not a stand-alone subspecialty accreditation,Direct FARM application alongside residency process,Not stated on the official page,Departmental and mentored research funding pathways,Check with programme,Stanford residency and California training requirements apply,1 October 2026,https://med.stanford.edu/anesthesia/education/residency/farm.html,pending,
/programs/fox-chase-cancer-center-gynecologic-oncology-fellowship,https://thefellowshipportal.com/programs/fox-chase-cancer-center-gynecologic-oncology-fellowship,Gynecologic Oncology Fellowship,Fox Chase Cancer Center,Obstetrics & Gynaecology,Gynaecologic oncology,Not stated on official page,Pennsylvania,Clinical Fellowship,3 years,Annual academic intake; confirm exact date with programme,Follow the current ERAS and NRMP Gynecologic Oncology fellowship timeline,"Completed Obstetrics and Gynaecology residency; ERAS, NRMP and institution-specific requirements apply",Check with programme,Listed by the Society of Gynecologic Oncology; confirm current ACGME status,ERAS and NRMP Match,Not stated on official page,Not stated on official page,Not stated on official page,Not stated on official page,1 October 2026,https://www.foxchase.org/research-training/education/clinical/gynecological-oncology-fellowship,pending,
/programs/gastroenterology-fellowship-stanford,https://thefellowshipportal.com/programs/gastroenterology-fellowship-stanford,Gastroenterology Fellowship,Stanford Medicine,Internal Medicine,Gastroenterology,Not stated on official page,Not stated on official page,Clinical Fellowship,3 years,Annual academic intake,Follow the current ERAS and NRMP timeline,"Completed internal medicine residency; ERAS, NRMP and institutional eligibility requirements apply",Limited,Not stated on official page,Not stated on official page,Not stated on official page,Not stated on official page,Not stated on official page,Not stated on official page,1 October 2026,https://med.stanford.edu/gastrohep/education-training/gastroenterology-fellowship,pending,
/programs/glaucoma-fellowship-wilmer,https://thefellowshipportal.com/programs/glaucoma-fellowship-wilmer,Glaucoma Fellowship,Johns Hopkins Medicine,Ophthalmology,Glaucoma,Not stated on official page,Not stated on official page,Clinical Fellowship,1 year,Annual academic intake,Follow the current SF Match timeline,Completed ophthalmology residency; SF Match and licensing requirements apply,Check with programme,Not stated on official page,Not stated on official page,Not stated on official page,Not stated on official page,Not stated on official page,Not stated on official page,1 October 2026,https://www.hopkinsmedicine.org/wilmer/education/clinical-training/fellowships/glaucoma,pending,
/programs/global-health-equity-clinical-instructor-ucsf,https://thefellowshipportal.com/programs/global-health-equity-clinical-instructor-ucsf,Global Health Equity Clinical Instructor Program,UCSF Health,Anaesthesiology,Global health equity,Department of Anesthesia and Perioperative Care,California,Clinical Instructorship,1 year,By arrangement,Rolling; apply at least 12 months before the desired start,Completed anaesthesiology residency and board eligibility for US applicants; foreign-equivalent board certification for international applicants,Yes,Not stated on official page,Direct application form and email,Not stated on the official page,Salary supported through clinical and call commitments,Check with programme,Institutional and California requirements apply,1 October 2026,https://anesthesia.ucsf.edu/opportunities/global-health-equity-clinical-instructor-program,pending,
/programs/global-ophthalmology-program-stanford,https://thefellowshipportal.com/programs/global-ophthalmology-program-stanford,Global Ophthalmology Program,Stanford Medicine,Ophthalmology,Global ophthalmology,Department of Ophthalmology,California,Clinical Fellowship,1 year,Annual academic intake,Follow the current SF Match timeline,Completed ophthalmology training; SF Match requirements apply,Check with programme,AUPO-certified advanced training,SF Match central application service,One clinical fellowship position stated,Not stated on the official page,Check with programme,Check with programme,1 October 2026,https://med.stanford.edu/ophthalmology/education/fellowships---advanced-training/global-ophthalmology-program.html,pending,
/programs/gosh-paediatric-anaesthesia-fellowship,https://thefellowshipportal.com/programs/gosh-paediatric-anaesthesia-fellowship,Paediatric Anaesthesia Fellowship,Great Ormond Street Hospital,Anaesthesiology,Paediatric anaesthesia,Not stated on official page,England,Clinical Fellowship,1 year,Confirm current intake with the programme,Confirm current intake with the programme,"Late-stage or recently completed anaesthesia training, with basic and intermediate paediatric blocks.",Check with programme,Not stated on official page,See official programme page,Not stated on official page,Not stated on official page,Not stated on official page,Not stated on official page,1 October 2026,https://www.gosh.nhs.uk/wards-and-departments/departments/clinical-specialties/anaesthesia-information-parents-and-visitors/learning-and-development-opportunities/,pending,
/programs/gosh-paediatric-cardiac-anaesthesia-fellowship,https://thefellowshipportal.com/programs/gosh-paediatric-cardiac-anaesthesia-fellowship,Paediatric Cardiac Anaesthesia Fellowship,Great Ormond Street Hospital,Anaesthesiology,Paediatric cardiac anaesthesia,Not stated on official page,England,Clinical Fellowship,18 months: 12 months anaesthesia plus six months cardiac ICU,Confirm current intake with the programme,Confirm current intake with the programme,"Late-stage or recently completed anaesthesia training, with basic and intermediate paediatric blocks.",Check with programme,Not stated on official page,See official programme page,Not stated on official page,Not stated on official page,Not stated on official page,Not stated on official page,1 October 2026,https://www.gosh.nhs.uk/wards-and-departments/departments/clinical-specialties/anaesthesia-information-parents-and-visitors/learning-and-development-opportunities/,pending,
/programs/gynecologic-oncology-fellowship-stanford,https://thefellowshipportal.com/programs/gynecologic-oncology-fellowship-stanford,Gynecologic Oncology Fellowship,Stanford Medicine,Obstetrics & Gynaecology,Gynaecologic oncology,Not stated on official page,Not stated on official page,Clinical Fellowship,3 years,1 August,Follow the current ERAS and NRMP timeline,"Completed Obstetrics and Gynaecology residency; ERAS, NRMP and institutional requirements apply",Limited,Not stated on official page,Not stated on official page,Not stated on official page,Not stated on official page,Not stated on official page,Not stated on official page,1 October 2026,https://med.stanford.edu/obgyn/divisions/gynonc/fellowship,not_researched,
/programs/harbor-ucla-medical-center-urogynecology-reconstructive-pelvic-surgery-fellowship,https://thefellowshipportal.com/programs/harbor-ucla-medical-center-urogynecology-reconstructive-pelvic-surgery-fellowship,Urogynecology & Reconstructive Pelvic Surgery Fellowship,Harbor-UCLA Medical Center,Obstetrics & Gynaecology,Urogynecology & reconstructive pelvic surgery,Not stated on official page,California,Clinical Fellowship,3 years for OBGYN pathways; confirm urology-entry options,Early August 2027 for the published cycle; confirm with programme,Participated in the 2026 ERAS and NRMP cycle; confirm the next cycle,"Completed eligible Obstetrics and Gynaecology or Urology residency; ERAS, NRMP and institution-specific requirements apply",Check with programme,Listed in the American Urogynecologic Society 2026 programme guide; confirm current ACGME status,ERAS and NRMP Match,1 position in the published 2026 cycle,Not stated on official page,Not stated on official page,Not stated on official page,1 October 2026,https://dhs.lacounty.gov/harbor-ucla-medical-center/gme/obgyn/education/urogyn/,not_researched,
/programs/hartford-hospital-urogynecology-reconstructive-pelvic-surgery-fellowship,https://thefellowshipportal.com/programs/hartford-hospital-urogynecology-reconstructive-pelvic-surgery-fellowship,Urogynecology & Reconstructive Pelvic Surgery Fellowship,Hartford Hospital,Obstetrics & Gynaecology,Urogynecology & reconstructive pelvic surgery,Not stated on official page,Connecticut,Clinical Fellowship,3 years for OBGYN pathways; confirm urology-entry options,Early August 2027 for the published cycle; confirm with programme,Participated in the 2026 ERAS and NRMP cycle; confirm the next cycle,"Completed eligible Obstetrics and Gynaecology or Urology residency; ERAS, NRMP and institution-specific requirements apply",Check with programme,Listed in the American Urogynecologic Society 2026 programme guide; confirm current ACGME status,ERAS and NRMP Match,1 position in the published 2026 cycle,Not stated on official page,Not stated on official page,Not stated on official page,1 October 2026,https://hartfordhospital.org/health-professionals/education/residencies-fellowships/female-pelvic-medicine-and-reconstructive-surgery-fellowship/how-to-apply,not_researched,
/programs/harvard-medical-school-complex-family-planning-fellowship,https://thefellowshipportal.com/programs/harvard-medical-school-complex-family-planning-fellowship,Complex Family Planning Fellowship,Harvard Medical School,Obstetrics & Gynaecology,Complex family planning,Not stated on official page,Massachusetts,Clinical Fellowship,2 years,1 August 2027 for the published cycle,The published 2026 application cycle has closed; confirm the next ERAS and NRMP cycle,"Completed Obstetrics and Gynaecology residency; ERAS, NRMP and institution-specific requirements apply",Check with programme,ACGME-accredited Complex Family Planning pathway,ERAS and NRMP Match,Not stated on official page,Not stated on official page,Not stated on official page,Not stated on official page,1 October 2026,https://www.brighamandwomens.org/obgyn/family-planning/bwh-harvard-complex-family-planning-fellowship,not_researched,
/programs/head-neck-advanced-airway-clinical-experience-stanford,https://thefellowshipportal.com/programs/head-neck-advanced-airway-clinical-experience-stanford,Head and Neck Anesthesia / Advanced Airway Management,Stanford Medicine,Anaesthesiology,Airway management,"Department of Anesthesiology, Perioperative and Pain Medicine",California,Clinical Instructorship,1 year,Confirm current intake with the programme,Confirm current intake with the programme,Confirm programme-specific prior training and clinical appointment requirements,Check with programme,Not stated on official page,Direct application,1–2 per year,Not stated on official page,Not stated on official page,Not stated on official page,1 October 2026,https://med.stanford.edu/anesthesia/education/advanced-clinical-experiences/head_neck.html,not_researched,
/programs/head-neck-surgical-oncology-fellowship-toronto,https://thefellowshipportal.com/programs/head-neck-surgical-oncology-fellowship-toronto,Head & Neck Surgical Oncology Fellowship,University of Toronto,ENT / Otolaryngology,Head & neck oncology,Not stated on official page,Not stated on official page,Clinical Fellowship,1 year; 2-year option,Annual intake,Match and pathway dependent,"Prior ENT, general surgery or plastic surgery residency; licensing requirements apply",Yes,Not stated on official page,Not stated on official page,Not stated on official page,Not stated on official page,Not stated on official page,Not stated on official page,1 October 2026,https://otolaryngology.utoronto.ca/head-neck-surgical-oncology-fellowship,not_researched,
/programs/hematology-medical-oncology-fellowship-stanford,https://thefellowshipportal.com/programs/hematology-medical-oncology-fellowship-stanford,Hematology & Medical Oncology Fellowship,Stanford Medicine,Internal Medicine,Hematology & oncology,Not stated on official page,Not stated on official page,Clinical Fellowship,3 years,Annual academic intake,Follow the current ERAS and NRMP timeline,"Completed internal medicine residency; ACGME, ERAS and NRMP requirements apply",Limited,Not stated on official page,Not stated on official page,Not stated on official page,Not stated on official page,Not stated on official page,Not stated on official page,1 October 2026,https://med.stanford.edu/hemeoncfellowship.html,not_researched,
/programs/henry-ford-health-urogynecology-reconstructive-pelvic-surgery-fellowship,https://thefellowshipportal.com/programs/henry-ford-health-urogynecology-reconstructive-pelvic-surgery-fellowship,Urogynecology & Reconstructive Pelvic Surgery Fellowship,Henry Ford Health,Obstetrics & Gynaecology,Urogynecology & reconstructive pelvic surgery,Not stated on official page,Michigan,Clinical Fellowship,3 years for OBGYN pathways; confirm urology-entry options,Early August 2027 for the published cycle; confirm with programme,Participated in the 2026 ERAS and NRMP cycle; confirm the next cycle,"Completed eligible Obstetrics and Gynaecology or Urology residency; ERAS, NRMP and institution-specific requirements apply",Check with programme,Listed in the American Urogynecologic Society 2026 programme guide; confirm current ACGME status,ERAS and NRMP Match,1 position in the published 2026 cycle,Not stated on official page,Not stated on official page,Not stated on official page,1 October 2026,https://www.henryford.com/hcp/med-ed/residencies-fellowships/hfh/ob-gyn/fellowship-programs/female-pelvic-medicine-fellowship,not_researched,
/programs/houston-methodist-hospital-urogynecology-reconstructive-pelvic-surgery-fellowship,https://thefellowshipportal.com/programs/houston-methodist-hospital-urogynecology-reconstructive-pelvic-surgery-fellowship,Urogynecology & Reconstructive Pelvic Surgery Fellowship,Houston Methodist Hospital,Obstetrics & Gynaecology,Urogynecology & reconstructive pelvic surgery,Not stated on official page,Texas,Clinical Fellowship,3 years for OBGYN pathways; confirm urology-entry options,Early August 2027 for the published cycle; confirm with programme,Participated in the 2026 ERAS and NRMP cycle; confirm the next cycle,"Completed eligible Obstetrics and Gynaecology or Urology residency; ERAS, NRMP and institution-specific requirements apply",Check with programme,Listed in the American Urogynecologic Society 2026 programme guide; confirm current ACGME status,ERAS and NRMP Match,1 position in the published 2026 cycle,Not stated on official page,Not stated on official page,Not stated on official page,1 October 2026,https://www.houstonmethodist.org/academic-institute/gme/urogynecology-reconstructive-pelvic-surgery-fellowship/,not_researched,
/programs/icahn-school-of-medicine-at-mount-sinai-complex-family-planning-fellowship,https://thefellowshipportal.com/programs/icahn-school-of-medicine-at-mount-sinai-complex-family-planning-fellowship,Complex Family Planning Fellowship,Icahn School of Medicine at Mount Sinai,Obstetrics & Gynaecology,Complex family planning,Not stated on official page,New York,Clinical Fellowship,2 years,1 August 2027 for the published cycle,The published 2026 application cycle has closed; confirm the next ERAS and NRMP cycle,"Completed Obstetrics and Gynaecology residency; ERAS, NRMP and institution-specific requirements apply",Check with programme,ACGME-accredited Complex Family Planning pathway,ERAS and NRMP Match,Not stated on official page,Not stated on official page,Not stated on official page,Not stated on official page,1 October 2026,https://icahn.mssm.edu/education/residencies-fellowships/list/fellowship-in-family-planning,not_researched,
/programs/icahn-school-of-medicine-at-mount-sinai-gynecologic-oncology-fellowship,https://thefellowshipportal.com/programs/icahn-school-of-medicine-at-mount-sinai-gynecologic-oncology-fellowship,Gynecologic Oncology Fellowship,Icahn School of Medicine at Mount Sinai,Obstetrics & Gynaecology,Gynaecologic oncology,Not stated on official page,New York,Clinical Fellowship,3 years,Annual academic intake; confirm exact date with programme,Follow the current ERAS and NRMP Gynecologic Oncology fellowship timeline,"Completed Obstetrics and Gynaecology residency; ERAS, NRMP and institution-specific requirements apply",Check with programme,Listed by the Society of Gynecologic Oncology; confirm current ACGME status,ERAS and NRMP Match,Not stated on official page,Not stated on official page,Not stated on official page,Not stated on official page,1 October 2026,https://icahn.mssm.edu/education/residencies-fellowships/list/gynecologic-oncology-fellowship,not_researched,
/programs/indiana-university-school-of-medicine-urogynecology-reconstructive-pelvic-surgery-fellowship,https://thefellowshipportal.com/programs/indiana-university-school-of-medicine-urogynecology-reconstructive-pelvic-surgery-fellowship,Urogynecology & Reconstructive Pelvic Surgery Fellowship,Indiana University School of Medicine,Obstetrics & Gynaecology,Urogynecology & reconstructive pelvic surgery,Not stated on official page,Indiana,Clinical Fellowship,3 years for OBGYN pathways; confirm urology-entry options,Early August 2027 for the published cycle; confirm with programme,Participated in the 2026 ERAS and NRMP cycle; confirm the next cycle,"Completed eligible Obstetrics and Gynaecology or Urology residency; ERAS, NRMP and institution-specific requirements apply",Check with programme,Listed in the American Urogynecologic Society 2026 programme guide; confirm current ACGME status,ERAS and NRMP Match,2 positions in the published 2026 cycle,Not stated on official page,Not stated on official page,Not stated on official page,1 October 2026,https://medicine.iu.edu/obgyn/specialties/urogynecology-reconstructive-pelvic-surgery/fellowship,not_researched,
/programs/infectious-diseases-fellowship-stanford,https://thefellowshipportal.com/programs/infectious-diseases-fellowship-stanford,Infectious Diseases Fellowship,Stanford Medicine,Internal Medicine,Infectious diseases,Not stated on official page,Not stated on official page,Clinical Fellowship,2–5 years by track,Annual academic intake,Follow the current ERAS and NRMP timeline,Completed accredited internal medicine residency; ERAS and NRMP requirements apply,Limited,Not stated on official page,Not stated on official page,Not stated on official page,Not stated on official page,Not stated on official page,Not stated on official page,1 October 2026,https://med.stanford.edu/id/programs,not_researched,
/programs/interventional-echocardiography-anesthesiology-university-washington,https://thefellowshipportal.com/programs/interventional-echocardiography-anesthesiology-university-washington,Interventional Echocardiography & Anesthesiology Fellowship,University of Washington,Anaesthesiology,Perioperative & interventional echocardiography,Department of Anesthesiology & Pain Medicine,Washington,Clinical Instructorship,1 year,Confirm current intake with the programme,Rolling applications; confirm available start dates,Approved anaesthesiology residency and cardiothoracic fellowship; Advanced PTEeXAM passed; Washington licence and US work authorisation required,Limited,Not stated on official page,Direct email application,Not stated on official page,Salaried faculty fellowship,Not stated on official page,Not stated on official page,1 October 2026,https://anesthesiology.uw.edu/education/fellowship-program/international-echocardiography/,not_researched,
/programs/johns-hopkins-medicine-complex-family-planning-fellowship,https://thefellowshipportal.com/programs/johns-hopkins-medicine-complex-family-planning-fellowship,Complex Family Planning Fellowship,Johns Hopkins Medicine,Obstetrics & Gynaecology,Complex family planning,Not stated on official page,Maryland,Clinical Fellowship,2 years,1 August 2027 for the published cycle,The published 2026 application cycle has closed; confirm the next ERAS and NRMP cycle,"Completed Obstetrics and Gynaecology residency; ERAS, NRMP and institution-specific requirements apply",Check with programme,ACGME-accredited Complex Family Planning pathway,ERAS and NRMP Match,Not stated on official page,Not stated on official page,Not stated on official page,Not stated on official page,1 October 2026,https://www.hopkinsmedicine.org/gynecology_obstetrics/education/fellowships/family_planning.html,not_researched,
/programs/johns-hopkins-medicine-gynecologic-oncology-fellowship,https://thefellowshipportal.com/programs/johns-hopkins-medicine-gynecologic-oncology-fellowship,Gynecologic Oncology Fellowship,Johns Hopkins Medicine,Obstetrics & Gynaecology,Gynaecologic oncology,Not stated on official page,Maryland,Clinical Fellowship,3 years,Annual academic intake; confirm exact date with programme,Follow the current ERAS and NRMP Gynecologic Oncology fellowship timeline,"Completed Obstetrics and Gynaecology residency; ERAS, NRMP and institution-specific requirements apply",Check with programme,Listed by the Society of Gynecologic Oncology; confirm current ACGME status,ERAS and NRMP Match,Not stated on official page,Not stated on official page,Not stated on official page,Not stated on official page,1 October 2026,https://www.hopkinsmedicine.org/gynecology_obstetrics/education/fellowships/gynecology_oncology_fellowship/index.html,not_researched,
/programs/johns-hopkins-medicine-urogynecology-reconstructive-pelvic-surgery-fellowship,https://thefellowshipportal.com/programs/johns-hopkins-medicine-urogynecology-reconstructive-pelvic-surgery-fellowship,Urogynecology & Reconstructive Pelvic Surgery Fellowship,Johns Hopkins Medicine,Obstetrics & Gynaecology,Urogynecology & reconstructive pelvic surgery,Not stated on official page,Maryland,Clinical Fellowship,3 years for OBGYN pathways; confirm urology-entry options,Early August 2027 for the published cycle; confirm with programme,Participated in the 2026 ERAS and NRMP cycle; confirm the next cycle,"Completed eligible Obstetrics and Gynaecology or Urology residency; ERAS, NRMP and institution-specific requirements apply",Check with programme,Listed in the American Urogynecologic Society 2026 programme guide; confirm current ACGME status,ERAS and NRMP Match,1 position in the published 2026 cycle,Not stated on official page,Not stated on official page,Not stated on official page,1 October 2026,https://www.hopkinsmedicine.org/gynecology-obstetrics/education/fellowships/fpmrs,not_researched,
/programs/kaiser-permanente-northern-california-urogynecology-reconstructive-pelvic-surgery-fellowship,https://thefellowshipportal.com/programs/kaiser-permanente-northern-california-urogynecology-reconstructive-pelvic-surgery-fellowship,Urogynecology & Reconstructive Pelvic Surgery Fellowship,Kaiser Permanente Northern California,Obstetrics & Gynaecology,Urogynecology & reconstructive pelvic surgery,Not stated on official page,California,Clinical Fellowship,3 years for OBGYN pathways; confirm urology-entry options,Early August 2027 for the published cycle; confirm with programme,Participated in the 2026 ERAS and NRMP cycle; confirm the next cycle,"Completed eligible Obstetrics and Gynaecology or Urology residency; ERAS, NRMP and institution-specific requirements apply",Check with programme,Listed in the American Urogynecologic Society 2026 programme guide; confirm current ACGME status,ERAS and NRMP Match,1 position in the published 2026 cycle,Not stated on official page,Not stated on official page,Not stated on official page,1 October 2026,https://residency-ncal.kaiserpermanente.org/fellowships/fpmrs/,not_researched,
/programs/laryngology-bronchoesophagology-instructorship-stanford,https://thefellowshipportal.com/programs/laryngology-bronchoesophagology-instructorship-stanford,Laryngology & Bronchoesophagology Clinical Instructorship,Stanford Medicine,ENT / Otolaryngology,Laryngology,Not stated on official page,Not stated on official page,Clinical Fellowship,1 year,Annual intake,1 December annually,Completed otolaryngology training and institutional appointment requirements,Check with programme,Not stated on official page,Not stated on official page,Not stated on official page,Not stated on official page,Not stated on official page,Not stated on official page,1 October 2026,https://med.stanford.edu/ohns/education/fellowship,not_researched,
/programs/leuven-cardiothoracic-vascular-anaesthesia-fellowship,https://thefellowshipportal.com/programs/leuven-cardiothoracic-vascular-anaesthesia-fellowship,Cardiothoracic and Vascular Anaesthesia Fellowship,University Hospitals Leuven,Anaesthesiology,Adult cardiothoracic anaesthesia,Not stated on official page,Flemish Brabant,Clinical Fellowship,12 consecutive months,Confirm current intake with the programme,Confirm current intake with the programme,"Board certification by commencement, Belgian registration and Dutch or B2 English; non-EU appointments are limited.",Check with programme,Not stated on official page,"Submit a cover letter, CV, degrees and three references to the programme directors.",Not stated on official page,Not stated on official page,Not stated on official page,Not stated on official page,1 October 2026,https://eactaic.org/public/uploads/pdf/EACTA_Application_Leuven_14.04.2023.pdf,not_researched,
/programs/liver-transplant-anesthesia-clinical-instructor-ucsf,https://thefellowshipportal.com/programs/liver-transplant-anesthesia-clinical-instructor-ucsf,Liver Transplant Anesthesia Clinical Instructor Program,UCSF Health,Anaesthesiology,Liver transplant anaesthesia,Not stated on official page,California,Clinical Instructorship,1 year,"July or August, with some flexibility",9 February 2026 for 2027–28 intake; confirm next cycle,Completed anaesthesiology training and board eligibility or international equivalent; permit requirements apply,Yes,Not stated on official page,Direct application,2–3 per year,Not stated on official page,Not stated on official page,International applicants must qualify for a California Medical Board 2113 Special Permit,1 October 2026,https://anesthesia.ucsf.edu/opportunities/liver-transplant-anesthesia-clinical-instructor-program,not_researched,
/programs/loma-linda-university-gynecologic-oncology-fellowship,https://thefellowshipportal.com/programs/loma-linda-university-gynecologic-oncology-fellowship,Gynecologic Oncology Fellowship,Loma Linda University,Obstetrics & Gynaecology,Gynaecologic oncology,Not stated on official page,California,Clinical Fellowship,3 years,Annual academic intake; confirm exact date with programme,Follow the current ERAS and NRMP Gynecologic Oncology fellowship timeline,"Completed Obstetrics and Gynaecology residency; ERAS, NRMP and institution-specific requirements apply",Check with programme,Listed by the Society of Gynecologic Oncology; confirm current ACGME status,ERAS and NRMP Match,Not stated on official page,Not stated on official page,Not stated on official page,Not stated on official page,1 October 2026,https://lluh.org/health-professionals/gme?rsource=lluh.org/gme,not_researched,
/programs/louisiana-state-university-health-sciences-center-urogynecology-reconstructive-pelvic-surgery-fellowship,https://thefellowshipportal.com/programs/louisiana-state-university-health-sciences-center-urogynecology-reconstructive-pelvic-surgery-fellowship,Urogynecology & Reconstructive Pelvic Surgery Fellowship,Louisiana State University Health Sciences Center,Obstetrics & Gynaecology,Urogynecology & reconstructive pelvic surgery,Not stated on official page,Louisiana,Clinical Fellowship,3 years for OBGYN pathways; confirm urology-entry options,Early August 2027 for the published cycle; confirm with programme,Participated in the 2026 ERAS and NRMP cycle; confirm the next cycle,"Completed eligible Obstetrics and Gynaecology or Urology residency; ERAS, NRMP and institution-specific requirements apply",Check with programme,Listed in the American Urogynecologic Society 2026 programme guide; confirm current ACGME status,ERAS and NRMP Match,1 position in the published 2026 cycle,Not stated on official page,Not stated on official page,Not stated on official page,1 October 2026,https://www.medschool.lsuhsc.edu/ob_gyn/fellowship/default.aspx,not_researched,
/programs/loyola-university-medical-center-urogynecology-reconstructive-pelvic-surgery-fellowship,https://thefellowshipportal.com/programs/loyola-university-medical-center-urogynecology-reconstructive-pelvic-surgery-fellowship,Urogynecology & Reconstructive Pelvic Surgery Fellowship,Loyola University Medical Center,Obstetrics & Gynaecology,Urogynecology & reconstructive pelvic surgery,Not stated on official page,Illinois,Clinical Fellowship,3 years for OBGYN pathways; confirm urology-entry options,Early August 2027 for the published cycle; confirm with programme,Participated in the 2026 ERAS and NRMP cycle; confirm the next cycle,"Completed eligible Obstetrics and Gynaecology or Urology residency; ERAS, NRMP and institution-specific requirements apply",Check with programme,Listed in the American Urogynecologic Society 2026 programme guide; confirm current ACGME status,ERAS and NRMP Match,1 position in the published 2026 cycle,Not stated on official page,Not stated on official page,Not stated on official page,1 October 2026,https://www.loyolamedicine.org/gme/fellowships/fpmrs,not_researched,
/programs/management-perioperative-services-program-stanford,https://thefellowshipportal.com/programs/management-perioperative-services-program-stanford,Management of Perioperative Services Program,Stanford Medicine,Anaesthesiology,Perioperative medicine,"Department of Anesthesiology, Perioperative and Pain Medicine",California,Advanced Training Programme,See official programme page,By arrangement,Contact programme,"Clinicians seeking advanced management, quality and leadership training",Check with programme,Not applicable — faculty ACE appointment,Direct application by email,Not stated on the official page,Not stated on the official page,Check with programme,Check with programme,1 October 2026,https://med.stanford.edu/anesthesia/education/advanced-clinical-experiences/management-of-perioperative-services.html,not_researched,
/programs/manchester-paediatric-anaesthetics-supernumerary-fellowship,https://thefellowshipportal.com/programs/manchester-paediatric-anaesthetics-supernumerary-fellowship,Paediatric Anaesthetics Supernumerary Fellowship,Royal Manchester Children's Hospital,Anaesthesiology,Paediatric anaesthesia,Not stated on official page,England,Visiting Fellowship,Confirm with the academy,Confirm current intake with the programme,Confirm current intake with the programme,Postgraduate anaesthesia qualification and at least five years of postgraduate anaesthesia experience.,Check with programme,Not stated on official page,See official programme page,Not stated on official page,Not stated on official page,Not stated on official page,Not stated on official page,1 October 2026,https://www.manchesterspecialisthealthacademy.co.uk/global-talent/anaesthetics/,not_researched,
/programs/massachusetts-general-hospital-gynecologic-oncology-fellowship,https://thefellowshipportal.com/programs/massachusetts-general-hospital-gynecologic-oncology-fellowship,Gynecologic Oncology Fellowship,Massachusetts General Hospital,Obstetrics & Gynaecology,Gynaecologic oncology,Not stated on official page,Massachusetts,Clinical Fellowship,3 years,Annual academic intake; confirm exact date with programme,Follow the current ERAS and NRMP Gynecologic Oncology fellowship timeline,"Completed Obstetrics and Gynaecology residency; ERAS, NRMP and institution-specific requirements apply",Check with programme,Listed by the Society of Gynecologic Oncology; confirm current ACGME status,ERAS and NRMP Match,Not stated on official page,Not stated on official page,Not stated on official page,Not stated on official page,1 October 2026,https://www.massgeneral.org/obgyn/education-and-training/gynecologic-oncology-fellowship,not_researched,
/programs/massachusetts-general-hospital-urogynecology-reconstructive-pelvic-surgery-fellowship,https://thefellowshipportal.com/programs/massachusetts-general-hospital-urogynecology-reconstructive-pelvic-surgery-fellowship,Urogynecology & Reconstructive Pelvic Surgery Fellowship,Massachusetts General Hospital,Obstetrics & Gynaecology,Urogynecology & reconstructive pelvic surgery,Not stated on official page,Massachusetts,Clinical Fellowship,3 years for OBGYN pathways; confirm urology-entry options,Early August 2027 for the published cycle; confirm with programme,Participated in the 2026 ERAS and NRMP cycle; confirm the next cycle,"Completed eligible Obstetrics and Gynaecology or Urology residency; ERAS, NRMP and institution-specific requirements apply",Check with programme,Listed in the American Urogynecologic Society 2026 programme guide; confirm current ACGME status,ERAS and NRMP Match,1 position in the published 2026 cycle,Not stated on official page,Not stated on official page,Not stated on official page,1 October 2026,https://www.massgeneral.org/obgyn/education-and-training/female-pelvic-medicine-and-reconstructive-surgery-fellowship,not_researched,
/programs/maternal-fetal-medicine-fellowship-stanford,https://thefellowshipportal.com/programs/maternal-fetal-medicine-fellowship-stanford,Maternal-Fetal Medicine Fellowship,Stanford Medicine,Obstetrics & Gynaecology,Maternal-fetal medicine,Not stated on official page,Not stated on official page,Clinical Fellowship,3 years,Annual academic intake,Follow the current annual application cycle,Completed accredited Obstetrics and Gynaecology residency; ERAS and NRMP requirements apply,Limited,Not stated on official page,Not stated on official page,Not stated on official page,Not stated on official page,Not stated on official page,Not stated on official page,1 October 2026,https://med.stanford.edu/obgyn/divisions/mfm/fellowship.html,not_researched,
/programs/mayo-arizona-anesthesia-critical-care,https://thefellowshipportal.com/programs/mayo-arizona-anesthesia-critical-care,Anesthesiology Critical Care Medicine Fellowship (Arizona),Mayo Clinic — Arizona,Anaesthesiology,Critical care anaesthesia,Not stated on official page,Arizona,Clinical Fellowship,1 year,Confirm current intake with the programme,Confirm current intake with the programme,"Enrolled in or completed a four-year ACGME anesthesiology residency, or an ACGME general surgery or surgical subspecialty residency.",Check with programme,ACGME,Common Application Service with supporting documents,2 per year,Not stated on official page,Not stated on official page,Not stated on official page,1 October 2026,https://college.mayo.edu/academics/residencies-and-fellowships/anesthesiology-critical-care-medicine-fellowship-arizona/ | https://college.mayo.edu/academics/residencies-and-fellowships/anesthesiology/,not_researched,
/programs/mayo-arizona-pain-medicine,https://thefellowshipportal.com/programs/mayo-arizona-pain-medicine,Pain Medicine Fellowship (Arizona),Mayo Clinic — Arizona,Anaesthesiology,Chronic pain medicine,Not stated on official page,Arizona,Clinical Fellowship,1 year,Confirm current intake with the programme,Confirm current intake with the programme,Not stated on official page,Check with programme,ACGME,See official programme page,2 trainees annually,Not stated on official page,Not stated on official page,Not stated on official page,1 October 2026,https://college.mayo.edu/academics/residencies-and-fellowships/anesthesiology/ | https://college.mayo.edu/academics/residencies-and-fellowships/pain-medicine-fellowship-arizona/,not_researched,
/programs/mayo-clinic-gynecologic-oncology-fellowship,https://thefellowshipportal.com/programs/mayo-clinic-gynecologic-oncology-fellowship,Gynecologic Oncology Fellowship,Mayo Clinic,Obstetrics & Gynaecology,Gynaecologic oncology,Not stated on official page,Minnesota,Clinical Fellowship,3 years,Annual academic intake; confirm exact date with programme,Follow the current ERAS and NRMP Gynecologic Oncology fellowship timeline,"Completed Obstetrics and Gynaecology residency; ERAS, NRMP and institution-specific requirements apply",Check with programme,Listed by the Society of Gynecologic Oncology; confirm current ACGME status,ERAS and NRMP Match,Not stated on official page,Not stated on official page,Not stated on official page,Not stated on official page,1 October 2026,https://college.mayo.edu/academics/residencies-and-fellowships/gynecologic-oncology-fellowship-minnesota/,not_researched,
/programs/mayo-clinic-urogynecology-reconstructive-pelvic-surgery-fellowship,https://thefellowshipportal.com/programs/mayo-clinic-urogynecology-reconstructive-pelvic-surgery-fellowship,Urogynecology & Reconstructive Pelvic Surgery Fellowship,Mayo Clinic,Obstetrics & Gynaecology,Urogynecology & reconstructive pelvic surgery,Not stated on official page,Minnesota,Clinical Fellowship,3 years for OBGYN pathways; confirm urology-entry options,Early August 2027 for the published cycle; confirm with programme,Participated in the 2026 ERAS and NRMP cycle; confirm the next cycle,"Completed eligible Obstetrics and Gynaecology or Urology residency; ERAS, NRMP and institution-specific requirements apply",Check with programme,Listed in the American Urogynecologic Society 2026 programme guide; confirm current ACGME status,ERAS and NRMP Match,1 position in the published 2026 cycle,Not stated on official page,Not stated on official page,Not stated on official page,1 October 2026,https://college.mayo.edu/academics/residencies-and-fellowships/urogynecology-and-reconstructive-pelvic-surgery-fellowship-minnesota/,not_researched,
/programs/mayo-florida-anesthesia-critical-care,https://thefellowshipportal.com/programs/mayo-florida-anesthesia-critical-care,Anesthesiology Critical Care Medicine Fellowship (Florida),Mayo Clinic — Florida,Anaesthesiology,Critical care anaesthesia,Not stated on official page,Florida,Clinical Fellowship,1 year,Confirm current intake with the programme,Confirm current intake with the programme,Completed ACGME anesthesiology or general surgery residency. Exceptional ECFMG-certified international graduates with home-country anesthesiology residency may be considered case by case.,Check with programme,ACGME,SF Match,2 per year,Not stated on official page,Not stated on official page,Not stated on official page,1 October 2026,https://college.mayo.edu/academics/residencies-and-fellowships/anesthesiology-critical-care-medicine-fellowship-florida/ | https://college.mayo.edu/academics/residencies-and-fellowships/anesthesiology/,not_researched,
/programs/mayo-florida-pain-medicine,https://thefellowshipportal.com/programs/mayo-florida-pain-medicine,Pain Medicine Fellowship (Florida),Mayo Clinic — Florida,Anaesthesiology,Chronic pain medicine,Not stated on official page,Florida,Clinical Fellowship,1 year,Confirm current intake with the programme,Confirm current intake with the programme,Not stated on official page,Check with programme,ACGME,See official programme page,Not stated on official page,Not stated on official page,Not stated on official page,Not stated on official page,1 October 2026,https://college.mayo.edu/academics/residencies-and-fellowships/pain-medicine-fellowship-florida/,not_researched,
/programs/mayo-florida-pediatric-anesthesiology,https://thefellowshipportal.com/programs/mayo-florida-pediatric-anesthesiology,Pediatric Anesthesiology Fellowship (Florida),Mayo Clinic — Florida,Anaesthesiology,Paediatric anaesthesia,Not stated on official page,Florida,Clinical Fellowship,1 year,Confirm current intake with the programme,Confirm current intake with the programme,Not stated on official page,Check with programme,Not stated on official page,See official programme page,Not stated on official page,Not stated on official page,Not stated on official page,Not stated on official page,1 October 2026,https://college.mayo.edu/academics/residencies-and-fellowships/pediatric-anesthesiology-fellowship-florida/,not_researched,
/programs/mayo-florida-regional-acute-pain,https://thefellowshipportal.com/programs/mayo-florida-regional-acute-pain,Regional Anesthesiology and Acute Pain Medicine Fellowship (Florida),Mayo Clinic — Florida,Anaesthesiology,Regional anaesthesia & acute pain,Not stated on official page,Florida,Clinical Fellowship,1 year,Confirm current intake with the programme,Confirm current intake with the programme,Completed an accredited anesthesiology residency.,Check with programme,ACGME,See official programme page,Not stated on official page,Not stated on official page,Not stated on official page,Not stated on official page,1 October 2026,https://college.mayo.edu/academics/residencies-and-fellowships/regional-anesthesiology-and-acute-pain-medicine-fellowship-florida/,not_researched,
/programs/mayo-minnesota-adult-cardiothoracic,https://thefellowshipportal.com/programs/mayo-minnesota-adult-cardiothoracic,Adult Cardiothoracic Anesthesiology Fellowship (Minnesota),Mayo Clinic — Minnesota,Anaesthesiology,Adult cardiothoracic anaesthesia,Not stated on official page,Minnesota,Clinical Fellowship,1 year,Confirm current intake with the programme,Confirm current intake with the programme,Not stated on official page,Check with programme,ACGME,See official programme page,3 trainees annually,Not stated on official page,Not stated on official page,Not stated on official page,1 October 2026,https://college.mayo.edu/academics/residencies-and-fellowships/adult-cardiothoracic-anesthesiology-fellowship-minnesota/ | https://college.mayo.edu/academics/residencies-and-fellowships/anesthesiology/,not_researched,
/programs/mayo-minnesota-anesthesia-critical-care,https://thefellowshipportal.com/programs/mayo-minnesota-anesthesia-critical-care,Anesthesiology Critical Care Medicine Fellowship (Minnesota),Mayo Clinic — Minnesota,Anaesthesiology,Critical care anaesthesia,Not stated on official page,Minnesota,Clinical Fellowship,1 year,Confirm current intake with the programme,Confirm current intake with the programme,Not stated on official page,Check with programme,ACGME,See official programme page,5 trainees annually,Conference attendance support is described,Not stated on official page,Not stated on official page,1 October 2026,https://college.mayo.edu/academics/residencies-and-fellowships/critical-care-anesthesiology-fellowship-minnesota/,not_researched,
/programs/mayo-minnesota-neuroanesthesiology,https://thefellowshipportal.com/programs/mayo-minnesota-neuroanesthesiology,Neuroanesthesiology Fellowship (Minnesota),Mayo Clinic — Minnesota,Anaesthesiology,Neuroanaesthesia,Not stated on official page,Minnesota,Clinical Fellowship,1 year,Confirm current intake with the programme,Confirm current intake with the programme,Completed an accredited anesthesiology residency.,Check with programme,ICPNT,See official programme page,1 per year,Not stated on official page,Not stated on official page,Not stated on official page,1 October 2026,https://college.mayo.edu/academics/residencies-and-fellowships/neuroanesthesiology-fellowship-minnesota/,not_researched,
/programs/mayo-minnesota-obstetric-anesthesiology,https://thefellowshipportal.com/programs/mayo-minnesota-obstetric-anesthesiology,Obstetric Anesthesiology Fellowship (Minnesota),Mayo Clinic — Minnesota,Anaesthesiology,Obstetric anaesthesia,Not stated on official page,Minnesota,Clinical Fellowship,1 year,Confirm current intake with the programme,Confirm current intake with the programme,Not stated on official page,Check with programme,ACGME,See official programme page,1 trainee annually,Not stated on official page,Not stated on official page,Not stated on official page,1 October 2026,https://college.mayo.edu/academics/residencies-and-fellowships/obstetric-anesthesiology-fellowship-minnesota/,not_researched,
/programs/mayo-minnesota-pain-medicine,https://thefellowshipportal.com/programs/mayo-minnesota-pain-medicine,Pain Medicine Fellowship (Minnesota),Mayo Clinic — Minnesota,Anaesthesiology,Chronic pain medicine,Not stated on official page,Minnesota,Clinical Fellowship,1 year,Confirm current intake with the programme,Confirm current intake with the programme,Not stated on official page,Check with programme,ACGME,See official programme page,Not stated on official page,Not stated on official page,Not stated on official page,Not stated on official page,1 October 2026,https://college.mayo.edu/academics/residencies-and-fellowships/anesthesiology/ | https://college.mayo.edu/academics/residencies-and-fellowships/pain-medicine-fellowship-minnesota/,not_researched,
/programs/mayo-minnesota-pediatric-anesthesiology,https://thefellowshipportal.com/programs/mayo-minnesota-pediatric-anesthesiology,Pediatric Anesthesiology Fellowship (Minnesota),Mayo Clinic — Minnesota,Anaesthesiology,Paediatric anaesthesia,Not stated on official page,Minnesota,Clinical Fellowship,12 months; an additional research year is available,Confirm current intake with the programme,Confirm current intake with the programme,Not stated on official page,Check with programme,ACGME,See official programme page,Not stated on official page,Not stated on official page,Not stated on official page,Not stated on official page,1 October 2026,https://college.mayo.edu/academics/residencies-and-fellowships/pediatric-anesthesiology-fellowship-minnesota/,not_researched,
/programs/mayo-minnesota-regional-acute-pain,https://thefellowshipportal.com/programs/mayo-minnesota-regional-acute-pain,Regional Anesthesiology and Acute Pain Medicine Fellowship (Minnesota),Mayo Clinic — Minnesota,Anaesthesiology,Regional anaesthesia & acute pain,Not stated on official page,Minnesota,Clinical Fellowship,1 year,Confirm current intake with the programme,Confirm current intake with the programme,Completed an accredited anesthesiology residency.,Check with programme,ACGME,See official programme page,Not stated on official page,Not stated on official page,Not stated on official page,Not stated on official page,1 October 2026,https://college.mayo.edu/academics/residencies-and-fellowships/regional-anesthesiology-and-acute-pain-medicine-fellowship-minnesota/,not_researched,
/programs/medical-college-of-georgia-gynecologic-oncology-fellowship,https://thefellowshipportal.com/programs/medical-college-of-georgia-gynecologic-oncology-fellowship,Gynecologic Oncology Fellowship,Medical College of Georgia,Obstetrics & Gynaecology,Gynaecologic oncology,Not stated on official page,Georgia,Clinical Fellowship,3 years,Annual academic intake; confirm exact date with programme,Follow the current ERAS and NRMP Gynecologic Oncology fellowship timeline,"Completed Obstetrics and Gynaecology residency; ERAS, NRMP and institution-specific requirements apply",Check with programme,Listed by the Society of Gynecologic Oncology; confirm current ACGME status,ERAS and NRMP Match,Not stated on official page,Not stated on official page,Not stated on official page,Not stated on official page,1 October 2026,https://web1.augusta.edu/mcg/obgyn/fellowship-program.php,not_researched,
/programs/medical-college-of-wisconsin-gynecologic-oncology-fellowship,https://thefellowshipportal.com/programs/medical-college-of-wisconsin-gynecologic-oncology-fellowship,Gynecologic Oncology Fellowship,Medical College of Wisconsin,Obstetrics & Gynaecology,Gynaecologic oncology,Not stated on official page,Wisconsin,Clinical Fellowship,3 years,Annual academic intake; confirm exact date with programme,Follow the current ERAS and NRMP Gynecologic Oncology fellowship timeline,"Completed Obstetrics and Gynaecology residency; ERAS, NRMP and institution-specific requirements apply",Check with programme,Listed by the Society of Gynecologic Oncology; confirm current ACGME status,ERAS and NRMP Match,Not stated on official page,Not stated on official page,Not stated on official page,Not stated on official page,1 October 2026,https://obgyn.mcw.edu/education/gynonc-fellowship-program/,not_researched,
/programs/medical-disorders-pregnancy-fellowship-toronto,https://thefellowshipportal.com/programs/medical-disorders-pregnancy-fellowship-toronto,Medical Disorders of Pregnancy Fellowship,Mount Sinai Hospital,Obstetrics & Gynaecology,Maternal-fetal medicine,Not stated on official page,Not stated on official page,Clinical Fellowship,1 year,1 July,30 November annually,Certified OBGYN specialist with completed maternal-fetal medicine fellowship training,Limited,Not stated on official page,Not stated on official page,Not stated on official page,Not stated on official page,Not stated on official page,Not stated on official page,1 October 2026,https://obgyn.utoronto.ca/medical-disorders-pregnancy-fellowship,not_researched,
/programs/medical-surgical-retina-fellowship-wilmer,https://thefellowshipportal.com/programs/medical-surgical-retina-fellowship-wilmer,Medical and Surgical Retina Fellowship,Johns Hopkins Medicine,Ophthalmology,Vitreoretinal surgery,Not stated on official page,Maryland,Clinical Fellowship,2 years,Annual academic intake,Follow the current SF Match timeline,"Completed ophthalmology residency; SF Match, ECFMG and licensing requirements apply",Yes,Not stated on official page,Not stated on official page,Not stated on official page,Not stated on official page,Not stated on official page,Not stated on official page,1 October 2026,https://www.hopkinsmedicine.org/wilmer/education/clinical-training/fellowships/retina,not_researched,
/programs/medical-university-of-south-carolina-gynecologic-oncology-fellowship,https://thefellowshipportal.com/programs/medical-university-of-south-carolina-gynecologic-oncology-fellowship,Gynecologic Oncology Fellowship,Medical University of South Carolina,Obstetrics & Gynaecology,Gynaecologic oncology,Not stated on official page,South Carolina,Clinical Fellowship,3 years,Annual academic intake; confirm exact date with programme,Follow the current ERAS and NRMP Gynecologic Oncology fellowship timeline,"Completed Obstetrics and Gynaecology residency; ERAS, NRMP and institution-specific requirements apply",Check with programme,Listed by the Society of Gynecologic Oncology; confirm current ACGME status,ERAS and NRMP Match,Not stated on official page,Not stated on official page,Not stated on official page,Not stated on official page,1 October 2026,https://medicine.musc.edu/departments/obstetrics-gynecology/education/fellowship/gynecologic-oncology,not_researched,
/programs/medstar-washington-hospital-center-urogynecology-reconstructive-pelvic-surgery-fellowship,https://thefellowshipportal.com/programs/medstar-washington-hospital-center-urogynecology-reconstructive-pelvic-surgery-fellowship,Urogynecology & Reconstructive Pelvic Surgery Fellowship,MedStar Washington Hospital Center,Obstetrics & Gynaecology,Urogynecology & reconstructive pelvic surgery,Not stated on official page,District of Columbia,Clinical Fellowship,3 years for OBGYN pathways; confirm urology-entry options,Early August 2027 for the published cycle; confirm with programme,Participated in the 2026 ERAS and NRMP cycle; confirm the next cycle,"Completed eligible Obstetrics and Gynaecology or Urology residency; ERAS, NRMP and institution-specific requirements apply",Check with programme,Listed in the American Urogynecologic Society 2026 programme guide; confirm current ACGME status,ERAS and NRMP Match,1 position in the published 2026 cycle,Not stated on official page,Not stated on official page,Not stated on official page,1 October 2026,https://www.medstarhealth.org/education/fellowship-programs/female-pelvic-medicine-and-reconstructive-surgery,not_researched,
/programs/memorial-sloan-kettering-gynecologic-oncology-fellowship,https://thefellowshipportal.com/programs/memorial-sloan-kettering-gynecologic-oncology-fellowship,Gynecologic Oncology Fellowship,Memorial Sloan-Kettering,Obstetrics & Gynaecology,Gynaecologic oncology,Not stated on official page,New York,Clinical Fellowship,3 years,Annual academic intake; confirm exact date with programme,Follow the current ERAS and NRMP Gynecologic Oncology fellowship timeline,"Completed Obstetrics and Gynaecology residency; ERAS, NRMP and institution-specific requirements apply",Check with programme,Listed by the Society of Gynecologic Oncology; confirm current ACGME status,ERAS and NRMP Match,Not stated on official page,Not stated on official page,Not stated on official page,Not stated on official page,1 October 2026,https://www.mskcc.org/hcp-education-training/fellowships/gynecologic-oncology,not_researched,
/programs/mgb-joint-neuroanesthesia,https://thefellowshipportal.com/programs/mgb-joint-neuroanesthesia,Joint Mass General Brigham Neuroanesthesia Fellowship,Mass General Brigham,Anaesthesiology,Neuroanaesthesia,Not stated on official page,Massachusetts,Clinical Fellowship,12 or 18 months according to educational and academic goals,Confirm current intake with the programme,Confirm current intake with the programme,Not stated on official page,Check with programme,ICPNT,Program application and supporting documents emailed to the fellowship administrator,Not stated on official page,Not stated on official page,The official fellowship page states institutional sponsorship of H-1B and J-1 visas.,Not stated on official page,1 October 2026,https://research.massgeneralbrigham.org/en/education-and-training/graduate-medical-education/anesthesia/joint-mgb-neuroanesthia-fellowship,not_researched,
/programs/mgb-thoracic-anesthesia,https://thefellowshipportal.com/programs/mgb-thoracic-anesthesia,Thoracic Anesthesia Fellowship,Mass General Brigham,Anaesthesiology,Thoracic anaesthesia,Not stated on official page,Massachusetts,Clinical Fellowship,"12 months, individualized to experience and goals",Confirm current intake with the programme,Confirm current intake with the programme,Anesthesiologists seeking advanced thoracic training; admission depends on prior experience.,Check with programme,Non-ACGME,Contact form on the official fellowship page,Not stated on official page,Not stated on official page,The official page states institutional sponsorship of H-1B and J-1 visas.,Not stated on official page,1 October 2026,https://mgbanesthesiology.org/fellowships,not_researched,
/programs/mgh-adult-cardiothoracic-anesthesia,https://thefellowshipportal.com/programs/mgh-adult-cardiothoracic-anesthesia,Adult Cardiothoracic Anesthesia Fellowship,Massachusetts General Hospital,Anaesthesiology,Adult cardiothoracic anaesthesia,Not stated on official page,Massachusetts,Clinical Fellowship,1 year,Confirm current intake with the programme,Confirm current intake with the programme,Completed ACGME or specified Canadian-accredited anesthesiology residency. International medical-school graduates require the credentials described on the official page.,Check with programme,ACGME,"SF Match, with medical-school transcript submitted to the fellowship office",7 in the published MGH program,Not stated on official page,Not stated on official page,Not stated on official page,1 October 2026,https://research.massgeneralbrigham.org/en/education-and-training/graduate-medical-education/anesthesia/mgh-adult-cardiothoracic-anesthesia-fellowship,not_researched,
/programs/mgh-critical-care-anesthesia,https://thefellowshipportal.com/programs/mgh-critical-care-anesthesia,Critical Care Anesthesia Fellowship,Massachusetts General Hospital,Anaesthesiology,Critical care anaesthesia,Not stated on official page,Massachusetts,Clinical Fellowship,1 year,Confirm current intake with the programme,Confirm current intake with the programme,Acceptable anesthesiology residency or the specified clinical training in listed surgical and other specialties; consult the program and relevant specialty board.,Check with programme,ACGME,SF Match with supplementary documents,10 in the published MGH program,Not stated on official page,Not stated on official page,Not stated on official page,1 October 2026,https://research.massgeneralbrigham.org/en/education-and-training/graduate-medical-education/anesthesia/mgh-critical-care-anesthesia-fellowship,not_researched,
/programs/mgh-obstetric-anesthesia,https://thefellowshipportal.com/programs/mgh-obstetric-anesthesia,Obstetric Anesthesia Fellowship,Massachusetts General Hospital,Anaesthesiology,Obstetric anaesthesia,Not stated on official page,Massachusetts,Clinical Fellowship,1 year,Confirm current intake with the programme,Confirm current intake with the programme,"Completed ACGME-accredited anesthesiology residency; additional medical-school, examination and licensure requirements apply.",Check with programme,"ACGME, as listed by the department",SF Match,Not stated on official page,Not stated on official page,Not stated on official page,Not stated on official page,1 October 2026,https://research.massgeneralbrigham.org/en/education-and-training/graduate-medical-education/anesthesia/mgh-obstetric-anesthesia-fellowship,not_researched,
/programs/mgh-regional-acute-pain,https://thefellowshipportal.com/programs/mgh-regional-acute-pain,Regional Anesthesiology and Acute Pain Medicine Fellowship,Massachusetts General Hospital,Anaesthesiology,Regional anaesthesia & acute pain,Not stated on official page,Massachusetts,Clinical Fellowship,1 year,Confirm current intake with the programme,Confirm current intake with the programme,Completed ACGME or RCPSC-accredited anesthesiology residency; institutional selection requirements also apply.,Check with programme,ACGME,SF Match,2 per year in the published MGH program,Not stated on official page,Not stated on official page,Not stated on official page,1 October 2026,https://research.massgeneralbrigham.org/en/education-and-training/graduate-medical-education/anesthesia/mgh-regional-anesthesiology-and-acute-pain-medicine-fellowship,not_researched,
/programs/michigan-anesthesia-critical-care,https://thefellowshipportal.com/programs/michigan-anesthesia-critical-care,Critical Care Medicine Fellowship,University of Michigan,Anaesthesiology,Critical care anaesthesia,Not stated on official page,Michigan,Clinical Fellowship,12 months for anesthesiologists; 24 months for the approved emergency medicine position,Confirm current intake with the programme,Confirm current intake with the programme,Anesthesiologists and emergency medicine physicians are considered through the program's respective training pathways.,Check with programme,ACGME,"SF Match, plus supplementary documents to the program administrator",7: six one-year anesthesiology positions and one two-year emergency medicine position,Not stated on official page,Not stated on official page,Not stated on official page,1 October 2026,https://medschool.umich.edu/departments/anesthesiology/education/fellowships/critical-care-medicine,not_researched,
/programs/michigan-head-neck-airway,https://thefellowshipportal.com/programs/michigan-head-neck-airway,Head & Neck – Advanced Airway Management Anesthesiology Fellowship,University of Michigan,Anaesthesiology,Airway management,Not stated on official page,Michigan,Clinical Instructorship,1 year,Confirm current intake with the programme,Confirm current intake with the programme,Completed ACGME-approved anesthesiology residency; appointment and work-authorization requirements apply.,Check with programme,"Non-ACGME, as listed in the university's fellowship directory",Send a current CV to the fellowship director and coordinator,Not stated on official page,Not stated on official page,Not stated on official page,Michigan medical and controlled-substance licences and DEA certification,1 October 2026,https://medschool.umich.edu/departments/anesthesiology/education/fellowships/head-neck,not_researched,
/programs/michigan-liver-transplant-vascular,https://thefellowshipportal.com/programs/michigan-liver-transplant-vascular,"Liver Transplant, Vascular & High Risk Adult Anesthesia Fellowship",University of Michigan,Anaesthesiology,Liver transplant anaesthesia,Not stated on official page,Michigan,Clinical Instructorship,12 months; an optional combined two-year critical care pathway is described,Confirm current intake with the programme,Confirm current intake with the programme,Completed or anticipated completion of a US ACGME anesthesiology residency and ABA certification or anticipated eligibility.,Check with programme,Non-ACGME,See official programme page,Up to 2 per year,Not stated on official page,Not stated on official page,Not stated on official page,1 October 2026,https://medschool.umich.edu/departments/anesthesiology/education/fellowships/liver-transplant-vascular-high-risk-adult-anesthesia,not_researched,
/programs/michigan-neuroanesthesiology,https://thefellowshipportal.com/programs/michigan-neuroanesthesiology,Neuroanesthesiology Fellowship,University of Michigan,Anaesthesiology,Neuroanaesthesia,Not stated on official page,Michigan,Clinical Fellowship,1 year,Confirm current intake with the programme,Confirm current intake with the programme,"US citizen or permanent resident, enrolled in or graduated from an accredited anesthesiology residency; graduating residents and board-eligible/certified anesthesiologists may apply.",Limited,ICPNT,"Email personal statement, CV and three recommendations to the fellowship director",Not stated on official page,Not stated on official page,Not stated on official page,Not stated on official page,1 October 2026,https://medschool.umich.edu/departments/anesthesiology/education/fellowships/neuroanesthesiology,not_researched,
/programs/michigan-obstetric-anesthesiology,https://thefellowshipportal.com/programs/michigan-obstetric-anesthesiology,Obstetric Anesthesiology Fellowship,University of Michigan,Anaesthesiology,Obstetric anaesthesia,Not stated on official page,Michigan,Clinical Fellowship,1 year,Confirm current intake with the programme,Confirm current intake with the programme,Not stated on official page,Check with programme,"ACGME, as listed in the university's accredited fellowship directory",SF Match Central Application Service,Not stated on official page,Not stated on official page,Not stated on official page,Not stated on official page,1 October 2026,https://medschool.umich.edu/departments/anesthesiology/education/fellowships/obstetric-anesthesiology,not_researched,
/programs/michigan-pain-medicine,https://thefellowshipportal.com/programs/michigan-pain-medicine,Pain Medicine Fellowship,University of Michigan,Anaesthesiology,Chronic pain medicine,Not stated on official page,Michigan,Clinical Fellowship,1 year,Confirm current intake with the programme,Confirm current intake with the programme,Completed ACGME residency in anesthesiology or physical medicine and rehabilitation; other ACGME specialties considered by request. The page also specifies recognized medical-school requirements.,Check with programme,ACGME,ERAS,Up to 8 per year,Not stated on official page,Not stated on official page,Not stated on official page,1 October 2026,https://medschool.umich.edu/departments/anesthesiology/education/fellowships/pain,not_researched,
/programs/michigan-pediatric-cardiac-anesthesia,https://thefellowshipportal.com/programs/michigan-pediatric-cardiac-anesthesia,Pediatric Cardiac Anesthesia Fellowship,University of Michigan,Anaesthesiology,Paediatric cardiac anaesthesia,Not stated on official page,Michigan,Clinical Fellowship,12 months; combined two-year pediatric and pediatric cardiac training may be available,Confirm current intake with the programme,Confirm current intake with the programme,Completed accredited pediatric anesthesia or adult cardiothoracic fellowship; ABA board certification or eligibility. Exceptional international candidates may be considered.,Check with programme,Non-ACGME,Email application materials to the program director and coordinator; ECFMG certificate requested where applicable,1 per year,Not stated on official page,Not stated on official page,Not stated on official page,1 October 2026,https://medschool.umich.edu/departments/anesthesiology/education/fellowships/pediatric-cardiac-anesthesia,not_researched,
/programs/michigan-regional-ambulatory,https://thefellowshipportal.com/programs/michigan-regional-ambulatory,Regional & Ambulatory Fellowship,University of Michigan,Anaesthesiology,Regional anaesthesia & acute pain,Not stated on official page,Michigan,Clinical Instructorship,1 year,Confirm current intake with the programme,Confirm current intake with the programme,Not stated on official page,Check with programme,Non-accredited,Complete and return the application form linked on the official page,Not stated on official page,Not stated on official page,Not stated on official page,Not stated on official page,1 October 2026,https://medschool.umich.edu/departments/anesthesiology/education/fellowships/regional-ambulatory,not_researched,
/programs/montefiore-einstein-complex-family-planning-fellowship,https://thefellowshipportal.com/programs/montefiore-einstein-complex-family-planning-fellowship,Complex Family Planning Fellowship,Montefiore Einstein,Obstetrics & Gynaecology,Complex family planning,Not stated on official page,New York,Clinical Fellowship,2 years,1 August 2027 for the published cycle,The published 2026 application cycle has closed; confirm the next ERAS and NRMP cycle,"Completed Obstetrics and Gynaecology residency; ERAS, NRMP and institution-specific requirements apply",Check with programme,ACGME-accredited Complex Family Planning pathway,ERAS and NRMP Match,Not stated on official page,Not stated on official page,Not stated on official page,Not stated on official page,1 October 2026,https://virtualtour.montefioreeinstein.org/complex-family-planning-fellowship,not_researched,
/programs/montefiore-einstein-gynecologic-oncology-fellowship,https://thefellowshipportal.com/programs/montefiore-einstein-gynecologic-oncology-fellowship,Gynecologic Oncology Fellowship,Montefiore Einstein,Obstetrics & Gynaecology,Gynaecologic oncology,Not stated on official page,New York,Clinical Fellowship,3 years,Annual academic intake; confirm exact date with programme,Follow the current ERAS and NRMP Gynecologic Oncology fellowship timeline,"Completed Obstetrics and Gynaecology residency; ERAS, NRMP and institution-specific requirements apply",Check with programme,Listed by the Society of Gynecologic Oncology; confirm current ACGME status,ERAS and NRMP Match,Not stated on official page,Not stated on official page,Not stated on official page,Not stated on official page,1 October 2026,https://virtualtour.montefioreeinstein.org/gynecologic-oncology-fellowship,not_researched,
/programs/musculoskeletal-imaging-fellowship-toronto,https://thefellowshipportal.com/programs/musculoskeletal-imaging-fellowship-toronto,Musculoskeletal Imaging Fellowship,University of Toronto,Radiology,Musculoskeletal imaging,Not stated on official page,Not stated on official page,Clinical Fellowship,1 year,Annual intake,See official programme page,Post-residency diagnostic radiology training,Yes,Not stated on official page,Not stated on official page,Not stated on official page,Not stated on official page,Not stated on official page,Not stated on official page,1 October 2026,https://medical-imaging.utoronto.ca/fellowship-offered,not_researched,
/programs/national-capital-consortium-gynecologic-oncology-fellowship,https://thefellowshipportal.com/programs/national-capital-consortium-gynecologic-oncology-fellowship,Gynecologic Oncology Fellowship,National Capital Consortium,Obstetrics & Gynaecology,Gynaecologic oncology,Not stated on official page,Maryland,Clinical Fellowship,3 years,Annual academic intake; confirm exact date with programme,Follow the current ERAS and NRMP Gynecologic Oncology fellowship timeline,"Completed Obstetrics and Gynaecology residency; ERAS, NRMP and institution-specific requirements apply",Check with programme,Listed by the Society of Gynecologic Oncology; confirm current ACGME status,ERAS and NRMP Match,Not stated on official page,Not stated on official page,Not stated on official page,Not stated on official page,1 October 2026,https://health.mil/Education-and-Training/DHA-GME/Institutions/NCC/Programs/gynonc,not_researched,
/programs/national-capital-consortium-urogynecology-reconstructive-pelvic-surgery-fellowship,https://thefellowshipportal.com/programs/national-capital-consortium-urogynecology-reconstructive-pelvic-surgery-fellowship,Urogynecology & Reconstructive Pelvic Surgery Fellowship,National Capital Consortium,Obstetrics & Gynaecology,Urogynecology & reconstructive pelvic surgery,Not stated on official page,Maryland,Clinical Fellowship,3 years for OBGYN pathways; confirm urology-entry options,Early August 2027 for the published cycle; confirm with programme,Not participating in the 2026 ERAS and NRMP cycle; contact the programme,"Completed eligible Obstetrics and Gynaecology or Urology residency; ERAS, NRMP and institution-specific requirements apply",Check with programme,Listed in the American Urogynecologic Society 2026 programme guide; confirm current ACGME status,Contact programme; not in the 2026 ERAS/NRMP cycle,Not stated in the 2026 AUGS guide,Not stated on official page,Not stated on official page,Not stated on official page,1 October 2026,https://www.health.mil/Education-and-Training/DHA-GME/Institutions/NCC/Programs/urps,not_researched,
/programs/neonatal-perinatal-medicine-fellowship-chop,https://thefellowshipportal.com/programs/neonatal-perinatal-medicine-fellowship-chop,Neonatal-Perinatal Medicine Fellowship,Children’s Hospital of Philadelphia,Paediatrics,Neonatology,Not stated on official page,Not stated on official page,Clinical Fellowship,3 years,Annual academic intake,Follow the current ERAS and NRMP timeline,Two to three years of ACGME-approved paediatric residency training and board eligibility,Limited,Not stated on official page,Not stated on official page,Not stated on official page,Not stated on official page,Not stated on official page,Not stated on official page,1 October 2026,https://www.chop.edu/pediatric-fellowships/neonatal-perinatal-fellowship,not_researched,
/programs/nephrology-fellowship-stanford,https://thefellowshipportal.com/programs/nephrology-fellowship-stanford,Nephrology Fellowship,Stanford Medicine,Internal Medicine,Nephrology,Not stated on official page,Not stated on official page,Clinical Fellowship,2 years,Annual academic intake,Follow the current ERAS timeline,ABIM eligible after an ACGME-accredited US internal medicine residency,Limited,Not stated on official page,Not stated on official page,Not stated on official page,Not stated on official page,Not stated on official page,Not stated on official page,1 October 2026,https://med.stanford.edu/nephrology/education/fellowship.html,not_researched,
/programs/neuro-ophthalmology-fellowship-wilmer,https://thefellowshipportal.com/programs/neuro-ophthalmology-fellowship-wilmer,Neuro-Ophthalmology Fellowship,Johns Hopkins Medicine,Ophthalmology,Neuro-ophthalmology,Not stated on official page,Not stated on official page,Clinical Fellowship,1 year,July,Follow the current SF Match timeline,Completed ophthalmology or neurology residency; international candidates must meet ECFMG and USMLE requirements,Yes,Not stated on official page,Not stated on official page,Not stated on official page,Not stated on official page,Not stated on official page,Not stated on official page,1 October 2026,https://www.hopkinsmedicine.org/wilmer/education/clinical-training/fellowships/neuro-ophthalmology,not_researched,
/programs/neuroanesthesia-clinical-instructor-ucsf,https://thefellowshipportal.com/programs/neuroanesthesia-clinical-instructor-ucsf,Neuroanesthesia Clinical Instructor Program,UCSF Health,Anaesthesiology,Neuroanaesthesia,Not stated on official page,California,Clinical Instructorship,1 year,Flexible,Applications accepted on a rolling basis,"Anaesthesiology residency completion and board eligibility, or international board-equivalent training",Yes,Not stated on official page,Direct application,Not stated on official page,Salary supported by attending clinical duties,Not stated on official page,Not stated on official page,1 October 2026,https://anesthesia.ucsf.edu/opportunities/neuroanesthesia-clinical-instructor-program,not_researched,
/programs/neuroradiology-fellowship-ucsf,https://thefellowshipportal.com/programs/neuroradiology-fellowship-ucsf,Neuroradiology Fellowship,UCSF Health,Radiology,Neuroradiology,Not stated on official page,Not stated on official page,Clinical Fellowship,1 year,Annual academic intake,Follow the current ERAS and NRMP timeline,Completed ACGME-accredited diagnostic radiology residency; licensing requirements apply,Limited,Not stated on official page,Not stated on official page,Not stated on official page,Not stated on official page,Not stated on official page,Not stated on official page,1 October 2026,https://radiology.ucsf.edu/education/fellowships/neuroradiology-fellowship,not_researched,
/programs/neurorhinology-advanced-sinus-skull-base-stanford,https://thefellowshipportal.com/programs/neurorhinology-advanced-sinus-skull-base-stanford,Neurorhinology – Advanced Sinus & Skull Base Surgery,Stanford Medicine,ENT / Otolaryngology,Rhinology & skull base,Not stated on official page,Not stated on official page,Clinical Fellowship,1 year,"August or January, depending on track",See current track availability on the official page,Completed otolaryngology training; track-specific and licensing requirements apply,Yes,Not stated on official page,Not stated on official page,Not stated on official page,Not stated on official page,Not stated on official page,Not stated on official page,1 October 2026,https://med.stanford.edu/ohns/education/fellowship,not_researched,
/programs/neurosurgical-anesthesia-advanced-clinical-experience-stanford,https://thefellowshipportal.com/programs/neurosurgical-anesthesia-advanced-clinical-experience-stanford,Neurosurgical Anesthesia Advanced Clinical Experience,Stanford Medicine,Anaesthesiology,Neuroanaesthesia,"Department of Anesthesiology, Perioperative and Pain Medicine",California,Advanced Training Programme,1–2 years,Confirm current intake with the programme,Confirm current intake with the programme,Confirm programme-specific prior training and clinical appointment requirements,Check with programme,Not stated on official page,Direct inquiry,Not stated on official page,Not stated on official page,Not stated on official page,Not stated on official page,1 October 2026,https://med.stanford.edu/anesthesia/education/advanced-clinical-experiences/neurosurgical_anesthesia.html,not_researched,
/programs/neurotology-skull-base-surgery-fellowship-stanford,https://thefellowshipportal.com/programs/neurotology-skull-base-surgery-fellowship-stanford,Neurotology & Skull Base Surgery Fellowship,Stanford Medicine,ENT / Otolaryngology,Otology & neurotology,Not stated on official page,Not stated on official page,Clinical Fellowship,2 or 3 years,July,Follow the current SF Match timeline,Completed otolaryngology residency and eligibility for a California medical licence,Limited,Not stated on official page,Not stated on official page,Not stated on official page,Not stated on official page,Not stated on official page,Not stated on official page,1 October 2026,https://med.stanford.edu/ohns/education/fellowship,not_researched,
/programs/nih-t32-postdoctoral-research-fellowship-ucsf,https://thefellowshipportal.com/programs/nih-t32-postdoctoral-research-fellowship-ucsf,NIH T32 Postdoctoral Research Fellowship,UCSF Health,Anaesthesiology,Clinical research,Department of Anesthesia and Perioperative Care,California,Postdoctoral Fellowship,See official programme page,By arrangement,Contact programme,"MD, PhD or comparable doctorate plus US citizenship, non-citizen national status or permanent residence",Limited,Not applicable — research training grant,Direct request for application,Not stated on the official page,NIH-supported training with an annual research allowance,"US citizenship, non-citizen national status or permanent residence required; not a visa sponsorship offer",Clinical work requires applicable appointment and licensing eligibility,1 October 2026,https://anesthesia.ucsf.edu/research/training-programs/nih-t32-postdoctoral-research-fellowship,not_researched,
/programs/northwestern-university-complex-family-planning-fellowship,https://thefellowshipportal.com/programs/northwestern-university-complex-family-planning-fellowship,Complex Family Planning Fellowship,Northwestern University,Obstetrics & Gynaecology,Complex family planning,Not stated on official page,Illinois,Clinical Fellowship,2 years,1 August 2027 for the published cycle,The published 2026 application cycle has closed; confirm the next ERAS and NRMP cycle,"Completed Obstetrics and Gynaecology residency; ERAS, NRMP and institution-specific requirements apply",Check with programme,ACGME-accredited Complex Family Planning pathway,ERAS and NRMP Match,Not stated on official page,Not stated on official page,Not stated on official page,Not stated on official page,1 October 2026,https://www.feinberg.northwestern.edu/sites/obgyn/education/fellowships/family-planning/index.html,not_researched,
/programs/northwestern-university-feinberg-school-of-medicine-gynecologic-oncology-fellowship,https://thefellowshipportal.com/programs/northwestern-university-feinberg-school-of-medicine-gynecologic-oncology-fellowship,Gynecologic Oncology Fellowship,Northwestern University Feinberg School of Medicine,Obstetrics & Gynaecology,Gynaecologic oncology,Not stated on official page,Illinois,Clinical Fellowship,3 years,Annual academic intake; confirm exact date with programme,Follow the current ERAS and NRMP Gynecologic Oncology fellowship timeline,"Completed Obstetrics and Gynaecology residency; ERAS, NRMP and institution-specific requirements apply",Check with programme,Listed by the Society of Gynecologic Oncology; confirm current ACGME status,ERAS and NRMP Match,Not stated on official page,Not stated on official page,Not stated on official page,Not stated on official page,1 October 2026,https://www.feinberg.northwestern.edu/sites/obgyn/education/fellowships/oncology/index.html,not_researched,
/programs/northwestern-university-urogynecology-reconstructive-pelvic-surgery-fellowship,https://thefellowshipportal.com/programs/northwestern-university-urogynecology-reconstructive-pelvic-surgery-fellowship,Urogynecology & Reconstructive Pelvic Surgery Fellowship,Northwestern University,Obstetrics & Gynaecology,Urogynecology & reconstructive pelvic surgery,Not stated on official page,Illinois,Clinical Fellowship,3 years for OBGYN pathways; confirm urology-entry options,Early August 2027 for the published cycle; confirm with programme,Participated in the 2026 ERAS and NRMP cycle; confirm the next cycle,"Completed eligible Obstetrics and Gynaecology or Urology residency; ERAS, NRMP and institution-specific requirements apply",Check with programme,Listed in the American Urogynecologic Society 2026 programme guide; confirm current ACGME status,ERAS and NRMP Match,1 position in the published 2026 cycle,Not stated on official page,Not stated on official page,Not stated on official page,1 October 2026,https://www.feinberg.northwestern.edu/sites/obgyn/education/fellowships/fpmrs/index.html,not_researched,
/programs/nyu-grossman-school-of-medicine-urogynecology-reconstructive-pelvic-surgery-fellowship,https://thefellowshipportal.com/programs/nyu-grossman-school-of-medicine-urogynecology-reconstructive-pelvic-surgery-fellowship,Urogynecology & Reconstructive Pelvic Surgery Fellowship,NYU Grossman School of Medicine,Obstetrics & Gynaecology,Urogynecology & reconstructive pelvic surgery,Not stated on official page,New York,Clinical Fellowship,3 years for OBGYN pathways; confirm urology-entry options,Early August 2027 for the published cycle; confirm with programme,Participated in the 2026 ERAS and NRMP cycle; confirm the next cycle,"Completed eligible Obstetrics and Gynaecology or Urology residency; ERAS, NRMP and institution-specific requirements apply",Check with programme,Listed in the American Urogynecologic Society 2026 programme guide; confirm current ACGME status,ERAS and NRMP Match,Not stated in the 2026 AUGS guide,Not stated on official page,Not stated on official page,Not stated on official page,1 October 2026,https://med.nyu.edu/departments-institutes/urology/education/urogynecology-reconstructive-pelvic-surgery-fellowship,not_researched,
/programs/nyu-langone-health-complex-family-planning-fellowship,https://thefellowshipportal.com/programs/nyu-langone-health-complex-family-planning-fellowship,Complex Family Planning Fellowship,NYU Langone Health,Obstetrics & Gynaecology,Complex family planning,Not stated on official page,New York,Clinical Fellowship,2 years,1 August 2027 for the published cycle,The published 2026 application cycle has closed; confirm the next ERAS and NRMP cycle,"Completed Obstetrics and Gynaecology residency; ERAS, NRMP and institution-specific requirements apply",Check with programme,ACGME-accredited Complex Family Planning pathway,ERAS and NRMP Match,Not stated on official page,Not stated on official page,Not stated on official page,Not stated on official page,1 October 2026,https://med.nyu.edu/departments-institutes/obstetrics-gynecology/divisions/family-planning,not_researched,
/programs/nyu-langone-health-gynecologic-oncology-fellowship,https://thefellowshipportal.com/programs/nyu-langone-health-gynecologic-oncology-fellowship,Gynecologic Oncology Fellowship,NYU Langone Health,Obstetrics & Gynaecology,Gynaecologic oncology,Not stated on official page,New York,Clinical Fellowship,3 years,Annual academic intake; confirm exact date with programme,Follow the current ERAS and NRMP Gynecologic Oncology fellowship timeline,"Completed Obstetrics and Gynaecology residency; ERAS, NRMP and institution-specific requirements apply",Check with programme,Listed by the Society of Gynecologic Oncology; confirm current ACGME status,ERAS and NRMP Match,Not stated on official page,Not stated on official page,Not stated on official page,Not stated on official page,1 October 2026,https://med.nyu.edu/obgyn/educational-programs/fellowship-training-programs/gynecologic-oncology-fellowship,not_researched,
/programs/obstetric-anesthesia-fellowship-ucsf,https://thefellowshipportal.com/programs/obstetric-anesthesia-fellowship-ucsf,Obstetric Anesthesia Fellowship,UCSF Health,Anaesthesiology,Obstetric anaesthesia,Not stated on official page,California,Clinical Fellowship,1 year,Annual academic intake,Follow the current SF Match timeline,Completed anaesthesiology residency; SF Match and institutional requirements apply,Check with programme,ACGME,SF Match,2 per year,Not stated on official page,Not stated on official page,Not stated on official page,1 October 2026,https://anesthesia.ucsf.edu/opportunities/obstetric-anesthesia,not_researched,
/programs/obstetric-anesthesiology-fellowship-stanford,https://thefellowshipportal.com/programs/obstetric-anesthesiology-fellowship-stanford,Obstetric Anesthesiology Fellowship,Stanford Medicine,Anaesthesiology,Obstetric anaesthesia,"Department of Anesthesiology, Perioperative and Pain Medicine",California,Clinical Fellowship,1 year,Confirm current intake with the programme,Confirm current intake with the programme,Confirm programme-specific prior training and clinical appointment requirements,Check with programme,ACGME,See official programme page,4 per year on the division's detailed page,Not stated on official page,Not stated on official page,Not stated on official page,1 October 2026,https://med.stanford.edu/obanes/fellowship.html,not_researched,
/programs/obstetric-medicine-fellowship-toronto,https://thefellowshipportal.com/programs/obstetric-medicine-fellowship-toronto,Obstetric Medicine Fellowship,University of Toronto,Internal Medicine,Obstetric medicine,Not stated on official page,Not stated on official page,Clinical Fellowship,See official programme page,By arrangement,Contact programme,General internal medicine or relevant medical subspecialty background,Check with programme,Not stated on official page,Not stated on official page,Not stated on official page,Not stated on official page,Not stated on official page,Not stated on official page,1 October 2026,https://deptmedicine.utoronto.ca/obstetric-medicine,not_researched,
/programs/ocular-immunology-uveitis-fellowship-wilmer,https://thefellowshipportal.com/programs/ocular-immunology-uveitis-fellowship-wilmer,Ocular Immunology & Uveitis Fellowship,Johns Hopkins Medicine,Ophthalmology,Ocular immunology & uveitis,Not stated on official page,Not stated on official page,Clinical Fellowship,1 year; optional research year,Annual academic intake,Follow the current ophthalmology fellowship match timeline,Completed ophthalmology training; fellowship match requirements apply,Check with programme,Not stated on official page,Not stated on official page,Not stated on official page,Not stated on official page,Not stated on official page,Not stated on official page,1 October 2026,https://www.hopkinsmedicine.org/wilmer/education/clinical-training/fellowships/uveitis,not_researched,
/programs/oculoplastics-fellowship-wilmer,https://thefellowshipportal.com/programs/oculoplastics-fellowship-wilmer,Oculoplastics Fellowship,Johns Hopkins Medicine,Ophthalmology,Oculoplastics,Not stated on official page,Maryland,Clinical Fellowship,See official programme page,July in the matched intake year,Follow the current ASOPRS match timeline,Completed ACGME or Royal College ophthalmology residency; ASOPRS match requirements apply,Limited,Not stated on official page,Not stated on official page,Not stated on official page,Not stated on official page,Not stated on official page,Not stated on official page,1 October 2026,https://www.hopkinsmedicine.org/wilmer/education/clinical-training/fellowships/oculoplastics,not_researched,
/programs/ohio-state-university-urogynecology-reconstructive-pelvic-surgery-fellowship,https://thefellowshipportal.com/programs/ohio-state-university-urogynecology-reconstructive-pelvic-surgery-fellowship,Urogynecology & Reconstructive Pelvic Surgery Fellowship,Ohio State University,Obstetrics & Gynaecology,Urogynecology & reconstructive pelvic surgery,Not stated on official page,Ohio,Clinical Fellowship,3 years for OBGYN pathways; confirm urology-entry options,Early August 2027 for the published cycle; confirm with programme,Participated in the 2026 ERAS and NRMP cycle; confirm the next cycle,"Completed eligible Obstetrics and Gynaecology or Urology residency; ERAS, NRMP and institution-specific requirements apply",Check with programme,Listed in the American Urogynecologic Society 2026 programme guide; confirm current ACGME status,ERAS and NRMP Match,1 position in the published 2026 cycle,Not stated on official page,Not stated on official page,Not stated on official page,1 October 2026,https://medicine.osu.edu/departments/obstetrics-gynecology/education/urogynecology-and-reconstructive-pelvic-surgery-fellowship,not_researched,
/programs/ophthalmic-informatics-fellowship-stanford,https://thefellowshipportal.com/programs/ophthalmic-informatics-fellowship-stanford,Ophthalmic Informatics Fellowship,Stanford Medicine,Ophthalmology,Ophthalmic imaging & informatics,Department of Ophthalmology,California,Clinical Research Fellowship,1 year; optional second year,7 July 2027 for the stated cycle,Contact programme,Completed ACGME-accredited ophthalmology residency in the United States,Limited,Stanford fellowship,Direct email application,Not stated on the official page,Not stated on the official page,Eligibility limited to US-trained ophthalmologists,California clinical appointment requirements apply,1 October 2026,https://med.stanford.edu/ophthalmology/education/fellowships---advanced-training/ophthalmic-informatics-fellowship.html,not_researched,
/programs/ophthalmic-innovation-fellowship-stanford,https://thefellowshipportal.com/programs/ophthalmic-innovation-fellowship-stanford,Ophthalmic Innovation Fellowship,Stanford Medicine,Ophthalmology,Ophthalmic innovation,Department of Ophthalmology,California,Research Fellowship,1 year,1 July,See the current official application cycle,Applicants interested in translating ophthalmic technologies; limited clinical work is available to residency-trained ophthalmologists,Check with programme,Stanford Byers Family fellowship,Direct application with CV and personal statement,One named fellowship position,Byers Family fellowship support,Check with programme,Clinical work requires applicable California eligibility,1 October 2026,https://med.stanford.edu/ophthalmology/education/fellowships---advanced-training/ophthalmic_innovation_program.html,not_researched,
/programs/ophthalmic-pathology-fellowship-wilmer,https://thefellowshipportal.com/programs/ophthalmic-pathology-fellowship-wilmer,Ophthalmic Pathology Fellowship,Johns Hopkins Medicine,Ophthalmology,Ophthalmic pathology,Wilmer Eye Institute and Department of Pathology,Maryland,Clinical Research Fellowship,1–2 years,By arrangement,Contact programme,Medical degree and USMLE requirements; ECFMG certification required for international graduates,Yes,Non-standard fellowship,Direct application to programme director,Not stated on the official page,Not stated on the official page,Check with programme,USMLE and ECFMG requirements apply,1 October 2026,https://www.hopkinsmedicine.org/wilmer/education/clinical-training/fellowships/eye-pathology,not_researched,
/programs/oregon-health-and-science-university-complex-family-planning-fellowship,https://thefellowshipportal.com/programs/oregon-health-and-science-university-complex-family-planning-fellowship,Complex Family Planning Fellowship,Oregon Health & Science University,Obstetrics & Gynaecology,Complex family planning,Not stated on official page,Oregon,Clinical Fellowship,2 years,1 August 2027 for the published cycle,The published 2026 application cycle has closed; confirm the next ERAS and NRMP cycle,"Completed Obstetrics and Gynaecology residency; ERAS, NRMP and institution-specific requirements apply",Check with programme,ACGME-accredited Complex Family Planning pathway,ERAS and NRMP Match,Not stated on official page,Not stated on official page,Not stated on official page,Not stated on official page,1 October 2026,https://www.ohsu.edu/school-of-medicine/ob-gyn/complex-family-planning-fellowship,not_researched,
/programs/oregon-health-and-science-university-urogynecology-reconstructive-pelvic-surgery-fellowship,https://thefellowshipportal.com/programs/oregon-health-and-science-university-urogynecology-reconstructive-pelvic-surgery-fellowship,Urogynecology & Reconstructive Pelvic Surgery Fellowship,Oregon Health & Science University,Obstetrics & Gynaecology,Urogynecology & reconstructive pelvic surgery,Not stated on official page,Oregon,Clinical Fellowship,3 years for OBGYN pathways; confirm urology-entry options,Early August 2027 for the published cycle; confirm with programme,Participated in the 2026 ERAS and NRMP cycle; confirm the next cycle,"Completed eligible Obstetrics and Gynaecology or Urology residency; ERAS, NRMP and institution-specific requirements apply",Check with programme,Listed in the American Urogynecologic Society 2026 programme guide; confirm current ACGME status,ERAS and NRMP Match,1 position in the published 2026 cycle,Not stated on official page,Not stated on official page,Not stated on official page,1 October 2026,https://www.ohsu.edu/school-of-medicine/ob-gyn/urogynecology-and-reconstructive-pelvic-surgery-fellowship-program,not_researched,
/programs/oxford-global-health-anaesthesia-fellowship,https://thefellowshipportal.com/programs/oxford-global-health-anaesthesia-fellowship,Global Health and Anaesthesia Fellowship,Oxford University Hospitals NHS Foundation Trust,Anaesthesiology,Global health equity,Not stated on official page,England,Clinical Fellowship,Confirm the length of this specific post,Confirm current intake with the programme,Confirm current intake with the programme,Anaesthesia certification examinations and demonstrated interest in anaesthesia for underserved populations; confirm experience threshold.,Check with programme,Not stated on official page,See official programme page,Not stated on official page,Not stated on official page,Not stated on official page,Not stated on official page,1 October 2026,https://www.ouh.nhs.uk/anaesthetic-fellowships/fellowships/global-health-anaesthesia/,not_researched,
/programs/oxford-macintosh-airway-fellowship,https://thefellowshipportal.com/programs/oxford-macintosh-airway-fellowship,Sir Robert Macintosh Airway Fellowship,Oxford University Hospitals NHS Foundation Trust,Anaesthesiology,Airway management,Not stated on official page,England,Clinical Fellowship,1 year,Confirm current intake with the programme,Confirm current intake with the programme,Completed anaesthesia certification examinations; confirm experience requirements with the fellowship lead.,Check with programme,Not stated on official page,See official programme page,Not stated on official page,Not stated on official page,Not stated on official page,Not stated on official page,1 October 2026,https://www.ouh.nhs.uk/anaesthetic-fellowships/fellowships/sir-robert-macintosh-airway-fellowship/,not_researched,
/programs/oxford-neuroanaesthesia-neurointensive-care-fellowship,https://thefellowshipportal.com/programs/oxford-neuroanaesthesia-neurointensive-care-fellowship,Neuroanaesthesia and Neurointensive Care Fellowship,Oxford University Hospitals NHS Foundation Trust,Anaesthesiology,Neuroanaesthesia,Not stated on official page,England,Clinical Fellowship,Confirm the length of this specific post,Confirm current intake with the programme,Confirm current intake with the programme,Completed anaesthesia certification examinations; confirm experience requirements with the fellowship lead.,Check with programme,Not stated on official page,See official programme page,Not stated on official page,Not stated on official page,Not stated on official page,Not stated on official page,1 October 2026,https://www.ouh.nhs.uk/anaesthetic-fellowships/fellowships/neurointensive-care/,not_researched,
/programs/oxford-obstetric-anaesthesia-fellowship,https://thefellowshipportal.com/programs/oxford-obstetric-anaesthesia-fellowship,Obstetric Anaesthesia Fellowship,Oxford University Hospitals NHS Foundation Trust,Anaesthesiology,Obstetric anaesthesia,Not stated on official page,England,Clinical Fellowship,Confirm the length of this specific post,Confirm current intake with the programme,Confirm current intake with the programme,Completed anaesthesia certification examinations; confirm experience requirements with the fellowship lead.,Check with programme,Not stated on official page,See official programme page,Not stated on official page,Not stated on official page,Not stated on official page,Not stated on official page,1 October 2026,https://www.ouh.nhs.uk/anaesthetic-fellowships/fellowships/obstetric-anaesthesia/,not_researched,
/programs/oxford-paediatric-anaesthesia-fellowship,https://thefellowshipportal.com/programs/oxford-paediatric-anaesthesia-fellowship,Paediatric Anaesthesia Fellowship,Oxford University Hospitals NHS Foundation Trust,Anaesthesiology,Paediatric anaesthesia,Not stated on official page,England,Clinical Fellowship,6 months for a district-hospital paediatric interest; 12 months for tertiary paediatric practice,Confirm current intake with the programme,Confirm current intake with the programme,Completed anaesthesia certification examinations; confirm experience requirements with the fellowship lead.,Check with programme,Not stated on official page,See official programme page,Not stated on official page,Not stated on official page,Not stated on official page,Not stated on official page,1 October 2026,https://www.ouh.nhs.uk/anaesthetic-fellowships/fellowships/paediatric-anaesthesia/,not_researched,
/programs/oxford-perioperative-anaesthesia-fellowship,https://thefellowshipportal.com/programs/oxford-perioperative-anaesthesia-fellowship,Perioperative Anaesthesia Fellowship,Oxford University Hospitals NHS Foundation Trust,Anaesthesiology,Perioperative medicine,Not stated on official page,England,Clinical Fellowship,Confirm the length of this specific post,Confirm current intake with the programme,Confirm current intake with the programme,Completed anaesthesia certification examinations; confirm experience requirements with the fellowship lead.,Check with programme,Not stated on official page,See official programme page,Not stated on official page,Not stated on official page,Not stated on official page,Not stated on official page,1 October 2026,https://www.ouh.nhs.uk/anaesthetic-fellowships/fellowships/perioperative-anaesthesia/,not_researched,
/programs/oxford-regional-anaesthesia-fellowship,https://thefellowshipportal.com/programs/oxford-regional-anaesthesia-fellowship,Regional Anaesthesia Fellowship,Oxford University Hospitals NHS Foundation Trust,Anaesthesiology,Regional anaesthesia & acute pain,Not stated on official page,England,Clinical Fellowship,1 year,Confirm current intake with the programme,Confirm current intake with the programme,Completed anaesthesia certification examinations; confirm experience requirements with the fellowship lead.,Check with programme,Not stated on official page,See official programme page,Not stated on official page,Not stated on official page,Not stated on official page,Not stated on official page,1 October 2026,https://www.ouh.nhs.uk/anaesthetic-fellowships/fellowships/regional-anaesthesia/,not_researched,
/programs/pain-medicine-fellowship-stanford,https://thefellowshipportal.com/programs/pain-medicine-fellowship-stanford,Pain Medicine Fellowship,Stanford Medicine,Anaesthesiology,Chronic pain medicine,"Department of Anesthesiology, Perioperative and Pain Medicine",California,Clinical Fellowship,1 year,Confirm current intake with the programme,Confirm current intake with the programme,Confirm programme-specific prior training and clinical appointment requirements,Check with programme,ACGME,See official programme page,Not stated on official page,Not stated on official page,Not stated on official page,Not stated on official page,1 October 2026,https://med.stanford.edu/anesthesia/education/fellowships/clinical-fellows/pain_management.html,not_researched,
/programs/pain-medicine-fellowship-ucla,https://thefellowshipportal.com/programs/pain-medicine-fellowship-ucla,Pain Medicine Fellowship,UCLA Health,Anaesthesiology,Chronic pain medicine,Department of Anesthesiology and Perioperative Medicine,California,Clinical Fellowship,Not stated on official page,Confirm current intake with the programme,Confirm current intake with the programme,Completed ACGME-accredited residency and California medical-licence eligibility; confirm accepted specialties,Check with programme,ACGME,ERAS / NRMP,6 per year,Not stated on official page,Not stated on official page,California medical licence required,1 October 2026,https://www.uclahealth.org/departments/anes/education/fellowship-programs/pain-medicine-fellowship,not_researched,
/programs/pain-medicine-fellowship-ucsf,https://thefellowshipportal.com/programs/pain-medicine-fellowship-ucsf,Pain Medicine Fellowship,UCSF Health,Anaesthesiology,Chronic pain medicine,Not stated on official page,California,Clinical Fellowship,1 year,Annual academic intake,Follow the current ERAS and NRMP timeline,Completed eligible core residency and must qualify for an unrestricted California medical licence,Limited,ACGME,ERAS / NRMP,Not stated on official page,Not stated on official page,Not stated on official page,"Full, unrestricted California medical licence required",1 October 2026,https://anesthesia.ucsf.edu/opportunities/pain-medicine,not_researched,
/programs/pain-medicine-fellowship-university-washington,https://thefellowshipportal.com/programs/pain-medicine-fellowship-university-washington,Pain Medicine Fellowship,University of Washington,Anaesthesiology,Chronic pain medicine,Department of Anesthesiology & Pain Medicine,Washington,Clinical Fellowship,1 year,Confirm current intake with the programme,Confirm current intake with the programme,Confirm programme-specific prior training and clinical appointment requirements,Check with programme,ACGME,See official programme page,Not stated on official page,Not stated on official page,Not stated on official page,Not stated on official page,1 October 2026,https://anesthesiology.uw.edu/education/fellowship-program/pain-medicine-fellowship/,not_researched,
/programs/pediatric-adolescent-gynecology-fellowship-stanford,https://thefellowshipportal.com/programs/pediatric-adolescent-gynecology-fellowship-stanford,Pediatric & Adolescent Gynecology Fellowship,Stanford Medicine,Obstetrics & Gynaecology,Paediatric & adolescent gynaecology,Not stated on official page,Not stated on official page,Clinical Fellowship,2 years,August,See the current official application cycle,Completed Obstetrics and Gynaecology residency; FellowshipCAS and institutional requirements apply,Check with programme,Not stated on official page,Not stated on official page,Not stated on official page,Not stated on official page,Not stated on official page,Not stated on official page,1 October 2026,https://med.stanford.edu/obgyn/divisions/gyn/fellowships.html,not_researched,
/programs/pediatric-anesthesia-fellowship-stanford,https://thefellowshipportal.com/programs/pediatric-anesthesia-fellowship-stanford,Pediatric Anesthesia Fellowship,Stanford Medicine,Anaesthesiology,Paediatric anaesthesia,"Department of Anesthesiology, Perioperative and Pain Medicine",California,Clinical Fellowship,1 year,Confirm current intake with the programme,Confirm current intake with the programme,Completed accredited anaesthesiology residency and board eligibility or certification,Check with programme,ACGME,See official programme page,Not stated on official page,Not stated on official page,Not stated on official page,Not stated on official page,1 October 2026,https://med.stanford.edu/anesthesia/education/fellowships/clinical-fellows/pediatric_anesthesia.html,not_researched,
/programs/pediatric-anesthesia-fellowship-ucsf,https://thefellowshipportal.com/programs/pediatric-anesthesia-fellowship-ucsf,Pediatric Anesthesia Fellowship,UCSF Health,Anaesthesiology,Paediatric anaesthesia,Not stated on official page,California,Clinical Fellowship,1 year,Annual academic intake,Follow the current SF Match timeline,Completed ACGME-accredited anaesthesiology residency or equivalent and eligible for an unrestricted California medical licence,Limited,ACGME,SF Match,Not stated on official page,Not stated on official page,Not stated on official page,"Full, unrestricted California medical licence required",1 October 2026,https://anesthesia.ucsf.edu/opportunities/pediatric-anesthesia,not_researched,
/programs/pediatric-anesthesia-medical-education-ace-stanford,https://thefellowshipportal.com/programs/pediatric-anesthesia-medical-education-ace-stanford,Pediatric Anesthesiology Medical Education Advanced Clinical Experience,Stanford Medicine,Anaesthesiology,Simulation & medical education,"Department of Anesthesiology, Perioperative and Pain Medicine",California,Advanced Training Programme,1 year,Annual intake,Contact programme,Clinical-instructor applicants with paediatric anaesthesiology experience,Check with programme,Not applicable — faculty ACE appointment,Direct application by email,Not stated on the official page,Clinical-instructor compensation and benefits,Check with programme,California clinical appointment requirements apply,1 October 2026,https://med.stanford.edu/anesthesia/education/advanced-clinical-experiences/advanced-training-pediatric-ace.html,not_researched,
/programs/pediatric-anesthesiology-fellowship-university-washington,https://thefellowshipportal.com/programs/pediatric-anesthesiology-fellowship-university-washington,Pediatric Anesthesiology Fellowship,University of Washington,Anaesthesiology,Paediatric anaesthesia,Department of Anesthesiology & Pain Medicine,Washington,Clinical Fellowship,1 year,Confirm current intake with the programme,"4 May on the official page; cycle year unspecified, confirm before applying",Applicants must meet ACGME fellowship eligibility requirements,Check with programme,Not stated on official page,SF Match,Not stated on official page,UW GME stipend and allowances; confirm current amounts,Not stated on official page,Not stated on official page,1 October 2026,https://anesthesiology.uw.edu/education/fellowship-program/pediatric-anesthesiology-fellowship/,not_researched,
/programs/pediatric-cardiac-anesthesiology-fellowship-ucla,https://thefellowshipportal.com/programs/pediatric-cardiac-anesthesiology-fellowship-ucla,Pediatric Cardiac Anesthesiology Fellowship,UCLA Health,Anaesthesiology,Paediatric cardiac anaesthesia,Department of Anesthesiology and Perioperative Medicine,California,Clinical Instructorship,1 year,Confirm current intake with the programme,Confirm current intake with the programme,"MD, completed ACGME anaesthesiology residency and California licence eligibility; prior ACGME paediatric fellowship preferred",Check with programme,Not stated on official page,See official programme page,Not stated on official page,Not stated on official page,Not stated on official page,California medical licence required,1 October 2026,https://www.uclahealth.org/departments/anes/education/fellowship-programs/pediatric-cardiac-anesthesiology-fellowship,not_researched,
/programs/pediatric-cardiac-anesthesiology-fellowship-university-washington,https://thefellowshipportal.com/programs/pediatric-cardiac-anesthesiology-fellowship-university-washington,Pediatric Cardiac Anesthesiology Fellowship,University of Washington,Anaesthesiology,Paediatric cardiac anaesthesia,Department of Anesthesiology & Pain Medicine,Washington,Clinical Fellowship,1 year,Confirm current intake with the programme,1 December stated on official page; confirm intake year,Prior paediatric anaesthesiology fellowship; residency accreditation and exceptional international graduate requirements are specified on the official page,Limited,ACGME,See official programme page,Not stated on official page,Not stated on official page,"ECFMG-sponsored J-1; H-1B considered only for applicants already in the US on H-1B, subject to programme requirements",Not stated on official page,1 October 2026,https://anesthesiology.uw.edu/education/fellowship-program/pediatric-cardiac-anesthesiology-fellowship/,not_researched,
/programs/pediatric-cardiology-fellowship-stanford,https://thefellowshipportal.com/programs/pediatric-cardiology-fellowship-stanford,Pediatric Cardiology Fellowship,Stanford Medicine,Paediatrics,Cardiology,Not stated on official page,Not stated on official page,Clinical Fellowship,3 years,July,Follow the current ERAS and NRMP timeline,Completed ACGME-accredited paediatric residency and board eligibility in paediatrics,Limited,Not stated on official page,Not stated on official page,Not stated on official page,Not stated on official page,Not stated on official page,Not stated on official page,1 October 2026,https://med.stanford.edu/pedcard/education/fellowship.html,not_researched,
/programs/pediatric-critical-care-fellowship-stanford,https://thefellowshipportal.com/programs/pediatric-critical-care-fellowship-stanford,Pediatric Critical Care Medicine Fellowship,Stanford Medicine,Paediatrics,Critical care,Not stated on official page,Not stated on official page,Clinical Fellowship,3 years,July,Follow the current ERAS and NRMP timeline,Completed ACGME-accredited paediatric residency; ERAS and NRMP requirements apply,Limited,Not stated on official page,Not stated on official page,Not stated on official page,Not stated on official page,Not stated on official page,Not stated on official page,1 October 2026,https://med.stanford.edu/content/sm/pedcriticalcare/education/fellowship_overview.html,not_researched,
/programs/pediatric-emergency-medicine-fellowship-stanford,https://thefellowshipportal.com/programs/pediatric-emergency-medicine-fellowship-stanford,Pediatric Emergency Medicine Fellowship,Stanford Medicine,Paediatrics,Emergency medicine,Not stated on official page,Not stated on official page,Clinical Fellowship,2–3 years by residency pathway,Annual academic intake,31 August annually,Completed North American paediatric or emergency-medicine residency and board eligibility,Limited,Not stated on official page,Not stated on official page,Not stated on official page,Not stated on official page,Not stated on official page,Not stated on official page,1 October 2026,https://med.stanford.edu/emed/education/fellowships/pem.html,not_researched,
/programs/pediatric-gastroenterology-fellowship-stanford,https://thefellowshipportal.com/programs/pediatric-gastroenterology-fellowship-stanford,Pediatric Gastroenterology Fellowship,Stanford Medicine,Paediatrics,Gastroenterology,Not stated on official page,Not stated on official page,Clinical Fellowship,3 years,Annual academic intake,Five weeks after the annual ERAS opening,Completed paediatric residency and eligible for a California medical licence,Limited,Not stated on official page,Not stated on official page,Not stated on official page,Not stated on official page,Not stated on official page,Not stated on official page,1 October 2026,https://med.stanford.edu/gastroenterology/education/fellowship,not_researched,
/programs/pediatric-hematology-oncology-fellowship-stanford,https://thefellowshipportal.com/programs/pediatric-hematology-oncology-fellowship-stanford,Pediatric Hematology/Oncology Fellowship,Stanford Medicine,Paediatrics,Hematology & oncology,Not stated on official page,Not stated on official page,Clinical Fellowship,3 years,Annual academic intake,Submit through the current ERAS cycle,Completed ACGME-approved paediatric residency; ERAS and NRMP requirements apply,Limited,Not stated on official page,Not stated on official page,Not stated on official page,Not stated on official page,Not stated on official page,Not stated on official page,1 October 2026,https://www.med.stanford.edu/phosctrm/education/fellowship.html,not_researched,
/programs/pediatric-ophthalmology-strabismus-fellowship-wilmer,https://thefellowshipportal.com/programs/pediatric-ophthalmology-strabismus-fellowship-wilmer,Pediatric Ophthalmology & Adult Strabismus Fellowship,Johns Hopkins Medicine,Ophthalmology,Paediatric ophthalmology,Not stated on official page,Not stated on official page,Clinical Fellowship,1 year,1 July,Follow the current SF Match timeline,Completed ophthalmology residency; match and Maryland licensing requirements apply,Yes,Not stated on official page,Not stated on official page,Not stated on official page,Not stated on official page,Not stated on official page,Not stated on official page,1 October 2026,https://www.hopkinsmedicine.org/wilmer/education/clinical-training/fellowships/pediatric,not_researched,
/programs/pediatric-otolaryngology-fellowship-stanford,https://thefellowshipportal.com/programs/pediatric-otolaryngology-fellowship-stanford,Pediatric Otolaryngology Fellowship,Stanford Medicine,ENT / Otolaryngology,Paediatric ENT,Not stated on official page,Not stated on official page,Clinical Fellowship,1 year,Annual academic intake,1 February annually,Completed otolaryngology training; match and institutional requirements apply,Yes,Not stated on official page,Not stated on official page,Not stated on official page,Not stated on official page,Not stated on official page,Not stated on official page,1 October 2026,https://med.stanford.edu/ohns/education/fellowship,not_researched,
/programs/pulmonary-critical-care-medicine-fellowship-stanford,https://thefellowshipportal.com/programs/pulmonary-critical-care-medicine-fellowship-stanford,Pulmonary & Critical Care Medicine Fellowship,Stanford Medicine,Internal Medicine,Pulmonary & critical care,Not stated on official page,Not stated on official page,Clinical Fellowship,3 years,Annual academic intake,Follow the current ERAS and NRMP timeline,"Completed internal medicine residency; ERAS, NRMP and institutional requirements apply",Limited,Not stated on official page,Not stated on official page,Not stated on official page,Not stated on official page,Not stated on official page,Not stated on official page,1 October 2026,https://www.med.stanford.edu/pulmonary/fellowship,not_researched,
/programs/rch-melbourne-paediatric-anaesthesia-fellowship,https://thefellowshipportal.com/programs/rch-melbourne-paediatric-anaesthesia-fellowship,Paediatric Anaesthesia Fellowship,The Royal Children's Hospital Melbourne,Anaesthesiology,Paediatric anaesthesia,Not stated on official page,Victoria,Clinical Fellowship,6 or 12 months,Confirm current intake with the programme,Confirm current intake with the programme,Prior paediatric anaesthesia training; international applicants are accepted.,Yes,Not stated on official page,Use the department's expression-of-interest form.,Not stated on official page,Not stated on official page,Not stated on official page,Not stated on official page,1 October 2026,https://www.rch.org.au/anaes/teaching_training_employment/Teaching_Training_Employment_%E2%80%93_Anaesthesia_and_Pain_Management/,not_researched,
/programs/rch-melbourne-paediatric-pain-medicine-fellowship,https://thefellowshipportal.com/programs/rch-melbourne-paediatric-pain-medicine-fellowship,Paediatric Pain Medicine Fellowship,The Royal Children's Hospital Melbourne,Anaesthesiology,Chronic pain medicine,Not stated on official page,Victoria,Clinical Fellowship,Confirm with the programme,Confirm current intake with the programme,Confirm current intake with the programme,Advanced trainees nearing specialty completion or fellows in relevant medical specialties.,Check with programme,The hospital states FPM ANZCA accreditation.,See official programme page,Not stated on official page,Not stated on official page,Not stated on official page,Not stated on official page,1 October 2026,https://www.rch.org.au/anaes/teaching_training_employment/Teaching_Training_Employment_%E2%80%93_Anaesthesia_and_Pain_Management/,not_researched,
/programs/regional-anaesthesia-pain-management-mount-sinai,https://thefellowshipportal.com/programs/regional-anaesthesia-pain-management-mount-sinai,Regional Anaesthesia & Pain Management Fellowship,Mount Sinai Hospital,Anaesthesiology,Regional anaesthesia & acute pain,Not stated on official page,Ontario,Clinical Fellowship,1 year,February or August,1 February 2027 for August 2027 intake; confirm availability,At least 30 months of clinical anaesthesia training and home-country specialty examinations; postgraduate registration and licence eligibility required,Yes,Not stated on official page,Institutional online application,4 per year; February and August starts,Salaried,Not stated on official page,Not stated on official page,1 October 2026,https://anesthesia.utoronto.ca/regional-anesthesia-and-pain-management-msh,not_researched,
/programs/regional-anesthesia-acute-pain-fellowship-stanford,https://thefellowshipportal.com/programs/regional-anesthesia-acute-pain-fellowship-stanford,Regional Anesthesiology and Acute Pain Medicine Fellowship,Stanford Medicine,Anaesthesiology,Regional anaesthesia & acute pain,"Department of Anesthesiology, Perioperative and Pain Medicine",California,Clinical Fellowship,1 year,Confirm current intake with the programme,Confirm current intake with the programme,Confirm programme-specific prior training and clinical appointment requirements,Check with programme,ACGME,See official programme page,Not stated on official page,Not stated on official page,Not stated on official page,Not stated on official page,1 October 2026,https://med.stanford.edu/anesthesia/education/fellowships/clinical-fellows/regional.html,not_researched,
/programs/regional-anesthesia-acute-pain-fellowship-ucsf,https://thefellowshipportal.com/programs/regional-anesthesia-acute-pain-fellowship-ucsf,Regional Anesthesiology and Acute Pain Medicine Fellowship,UCSF Health,Anaesthesiology,Regional anaesthesia & acute pain,Department of Anesthesia and Perioperative Care,California,Clinical Fellowship,1 year,Not stated on official page,Not stated on official page,Not stated on official page,Not stated on official page,ACGME,SF Match (Regional Anesthesiology and Acute Pain Medicine match); virtual interviews February–April,Not stated on official page,Not stated on official page,Not stated on official page,Not stated on official page,3 October 2026,https://anesthesia.ucsf.edu/opportunities/regional-anesthesia,updated,Direct curl/WebFetch returned 403; page content read via Exa page fetch of the official URL. Page confirms one-year ACGME-accredited programme via SF Match; dates deferred to SF Match calendar.
/programs/regional-anesthesiology-acute-pain-fellowship-ucla,https://thefellowshipportal.com/programs/regional-anesthesiology-acute-pain-fellowship-ucla,Regional Anesthesiology and Acute Pain Medicine Fellowship,UCLA Health,Anaesthesiology,Regional anaesthesia & acute pain,Department of Anesthesiology and Perioperative Medicine,California,Clinical Fellowship,Not stated on official page,1 August 2027 (expected start date 1 August),2027–28 cycle: applications opened 5 January 2026; deadline 4 March 2026 (closed). 2028–29 dates not yet posted,Successful completion of an ACGME-accredited anesthesiology residency and a valid California medical licence before appointment,IMGs may apply; valid ECFMG certificate and notarized English translations of diploma/transcripts required (ACGME-accredited anesthesiology residency still required),ACGME — departmental fellowship listing,SF Match (CAS application) plus supplemental documents emailed to the department,4 per year,Salary not stated; fellows may work as attending staff 1–2 days/week for additional income,Not stated on official page,Valid California medical licence before appointment,3 October 2026,https://www.uclahealth.org/departments/anes/education/fellowship-programs/regional-anesthesiology-and-acute-pain-medicine-fellowship,updated,Details from the programme's Application Process subpage.
/programs/regional-anesthesiology-fellowship-university-washington,https://thefellowshipportal.com/programs/regional-anesthesiology-fellowship-university-washington,Regional Anesthesiology Fellowship,University of Washington,Anaesthesiology,Regional anaesthesia & acute pain,Department of Anesthesiology & Pain Medicine,Washington,Clinical Instructorship,1 year,Fall of each year,Rolling – applications accepted on an ongoing basis,Completed US-accredited anaesthesiology residency or equivalent international training; appointment requirements also apply,Yes – ECFMG documentation and citizenship-status documentation (if applicable) required,Not stated on official page,"Direct application to the department (Application for Faculty Fellowship, CV, personal statement, 3 references, etc.) via the fellowship administrator",Not stated on official page,Paid per UW GME salary schedule; academic allowance; internal moonlighting may be approved. Fellows work 40% as Acting Instructor,Not stated on official page,Current medical licence required with application,3 October 2026,https://anesthesiology.uw.edu/education/fellowship-program/regional-anesthesiology/,updated,Page notes preference for two-year positions.
/programs/reproductive-endocrinology-infertility-stanford,https://thefellowshipportal.com/programs/reproductive-endocrinology-infertility-stanford,Reproductive Endocrinology & Infertility Fellowship,Stanford Medicine,Obstetrics & Gynaecology,Reproductive endocrinology,"Department of Obstetrics & Gynecology, Division of Reproductive Endocrinology & Infertility",California,Clinical Fellowship,3 years,1 August 2027,1 May 2026,Completed accredited residency in Obstetrics and Gynaecology,Not stated on official page,Not stated on official page,ERAS application; NRMP Match,Not stated on official page,Not stated on official page,Not stated on official page,Not stated on official page,3 October 2026,https://med.stanford.edu/obgyn/divisions/rei/fellowship.html,updated,Start 1 Aug 2027 and deadline 1 May 2026 confirmed; interviews 18 & 20 Aug 2026 (virtual).
/programs/roswell-park-cancer-institute-gynecologic-oncology-fellowship,https://thefellowshipportal.com/programs/roswell-park-cancer-institute-gynecologic-oncology-fellowship,Gynecologic Oncology Fellowship,Roswell Park Cancer Institute,Obstetrics & Gynaecology,Gynaecologic oncology,Not stated on official page,New York,Clinical Fellowship,3 years,1 August 2027,6 April 2026 for the academic year beginning 1 August 2027,Completion of an ACGME OB/GYN residency or equivalent; passage of USMLE Steps 1–3 (or NBME I–III); able to obtain a New York State medical licence; eligible for ABOG certification,Yes – foreign medical graduates with equivalent qualifications may apply; must have completed all three USMLE steps,Aligned with ABOG and ACGME objectives (page does not explicitly state ACGME accreditation),ERAS,Not stated on official page,Paid; salary and benefits per University at Buffalo Jacobs School of Medicine GME schedule,Not stated on official page,Ability to obtain a New York State medical licence,3 October 2026,https://www.roswellpark.org/education/clinical-fellowships/gynecologic-oncology,updated,
/programs/rush-university-complex-family-planning-fellowship,https://thefellowshipportal.com/programs/rush-university-complex-family-planning-fellowship,Complex Family Planning Fellowship,Rush University,Obstetrics & Gynaecology,Complex family planning,Not stated on official page,Illinois,Clinical Fellowship,2 years,1 August 2027,2026 cycle (Aug 2027 start): applications opened 12 Nov 2025; SFP-recommended close 4 May 2026; rank lists due 9 Sep 2026; match results 23 Sep 2026 (cycle closed). Next cycle dates not yet posted,"Completed Obstetrics and Gynaecology residency; ERAS, NRMP and institution-specific requirements apply",Not stated on official page,ACGME-accredited Complex Family Planning pathway,ERAS and NRMP Match,Not stated on official page,"Paid – annual salary, health insurance, CME funding and Master's programme tuition (amount not stated)",Not stated on official page,Not stated on official page,3 October 2026,https://www.rushu.rush.edu/education-and-training/graduate-medical-education/fellowship-programs/complex-family-planning-fellowship,updated,
/programs/rutgers-cancer-institute-of-new-jersey-gynecologic-oncology-fellowship,https://thefellowshipportal.com/programs/rutgers-cancer-institute-of-new-jersey-gynecologic-oncology-fellowship,Gynecologic Oncology Fellowship,Rutgers Cancer Institute of New Jersey,Obstetrics & Gynaecology,Gynaecologic oncology,Not stated on official page,New Jersey,Clinical Fellowship,3 years (36 months),Not stated on official page,By the deadline established by the Society of Gynecologic Oncology (date not stated on page),Satisfactory completion of an accredited OB/GYN residency; board eligible or board certified; able to secure a New Jersey medical licence,Not stated on official page,ACGME,ERAS (by SGO-set deadline) and NRMP Match,1 per year,Not stated on official page,Not stated on official page,Able to secure a New Jersey medical licence,3 October 2026,https://cinj.org/education/gynecologic-oncology-fellowship,updated,
/programs/st-luke-s-university-health-network-gynecologic-oncology-fellowship,https://thefellowshipportal.com/programs/st-luke-s-university-health-network-gynecologic-oncology-fellowship,Gynecologic Oncology Fellowship,St. Luke’s University Health Network,Obstetrics & Gynaecology,Gynaecologic oncology,Not stated on official page,Pennsylvania,Clinical Fellowship,3 years,Not stated on official page,Not stated on official page,"Completed Obstetrics and Gynaecology residency; ERAS, NRMP and institution-specific requirements apply",Not stated on official page,ACGME (new three-year programme),ERAS and NRMP Match,Not stated on official page,"Paid; St. Luke's GME scale effective 1 July 2026: $73,095 (PGY1) to $92,253 (PGY7) plus $2,500 annual stipend and benefits; fellow PGY level not stated",Not stated on official page,Not stated on official page,3 October 2026,https://www.slhn.org/graduate-medical-education/residencies-and-fellowships/gynecologic-oncology-fellowship,updated,
/programs/suny-downstate-medical-center-gynecologic-oncology-fellowship,https://thefellowshipportal.com/programs/suny-downstate-medical-center-gynecologic-oncology-fellowship,Gynecologic Oncology Fellowship,SUNY/Downstate Medical Center,Obstetrics & Gynaecology,Gynaecologic oncology,Not stated on official page,New York,Clinical Fellowship,3 years,1 July (per last posted cycle),Current cycle not posted; page still shows only an outdated deadline (apply by 1 May 2023 for 1 July 2024 start),"Completed Obstetrics and Gynaecology residency; ERAS, NRMP and institution-specific requirements apply",Not stated on official page,Listed by the Society of Gynecologic Oncology; confirm current ACGME status,ERAS and NRMP Match,Not stated on official page,Not stated on official page,Not stated on official page,Not stated on official page,3 October 2026,https://www.downstate.edu/education-training/fellowship-residency-programs/obstetrics-gynecology/oncology/fellowship.html,updated,Official page appears outdated (last posted cycle July 2024 start).
/programs/the-ohio-state-university-gynecologic-oncology-fellowship,https://thefellowshipportal.com/programs/the-ohio-state-university-gynecologic-oncology-fellowship,Gynecologic Oncology Fellowship,The Ohio State University,Obstetrics & Gynaecology,Gynaecologic oncology,Not stated on official page,Ohio,Clinical Fellowship,3 years,Annual academic intake; confirm exact date with programme,Follow the current ERAS and NRMP Gynecologic Oncology fellowship timeline,"Completed Obstetrics and Gynaecology residency; ERAS, NRMP and institution-specific requirements apply",Check with programme,Listed by the Society of Gynecologic Oncology; confirm current ACGME status,ERAS and NRMP Match,Not stated on official page,Not stated on official page,Not stated on official page,Not stated on official page,1 October 2026,https://cancer.osu.edu/for-cancer-researchers/education-and-training/for-postdoc-residents-and-fellows/clinical-programs/gynecologic-oncology-fellowship,source_unreachable,"Original URL redirects to cancer.osu.edu/for-cancer-researchers/.../gynecologic-oncology-fellowship, which renders client-side; no programme content retrievable via curl, WebFetch or Exa. Existing values kept."
/programs/uc-irvine-complex-family-planning-fellowship,https://thefellowshipportal.com/programs/uc-irvine-complex-family-planning-fellowship,Complex Family Planning Fellowship,UC Irvine,Obstetrics & Gynaecology,Complex family planning,Not stated on official page,California,Clinical Fellowship,2 years,1 August 2027 for the published cycle,The published 2026 application cycle has closed; confirm the next ERAS and NRMP cycle,"Completed Obstetrics and Gynaecology residency; ERAS, NRMP and institution-specific requirements apply",Check with programme,ACGME-accredited Complex Family Planning pathway,ERAS and NRMP Match,Not stated on official page,Not stated on official page,Not stated on official page,Not stated on official page,1 October 2026,https://medschool.uci.edu/research/clinical-departments/obgyn/education-training/fellowship-programs/cfp-fellowship,not_researched,
/programs/uc-irvine-gynecologic-oncology-fellowship,https://thefellowshipportal.com/programs/uc-irvine-gynecologic-oncology-fellowship,Gynecologic Oncology Fellowship,UC Irvine,Obstetrics & Gynaecology,Gynaecologic oncology,Not stated on official page,California,Clinical Fellowship,3 years,Annual academic intake; confirm exact date with programme,Follow the current ERAS and NRMP Gynecologic Oncology fellowship timeline,"Completed Obstetrics and Gynaecology residency; ERAS, NRMP and institution-specific requirements apply",Check with programme,Listed by the Society of Gynecologic Oncology; confirm current ACGME status,ERAS and NRMP Match,Not stated on official page,Not stated on official page,Not stated on official page,Not stated on official page,1 October 2026,https://www.obgyn.uci.edu/gynonc-academics.asp,not_researched,
/programs/uc-irvine-urogynecology-reconstructive-pelvic-surgery-fellowship,https://thefellowshipportal.com/programs/uc-irvine-urogynecology-reconstructive-pelvic-surgery-fellowship,Urogynecology & Reconstructive Pelvic Surgery Fellowship,UC Irvine,Obstetrics & Gynaecology,Urogynecology & reconstructive pelvic surgery,Not stated on official page,California,Clinical Fellowship,3 years for OBGYN pathways; confirm urology-entry options,Early August 2027 for the published cycle; confirm with programme,Participated in the 2026 ERAS and NRMP cycle; confirm the next cycle,"Completed eligible Obstetrics and Gynaecology or Urology residency; ERAS, NRMP and institution-specific requirements apply",Check with programme,Listed in the American Urogynecologic Society 2026 programme guide; confirm current ACGME status,ERAS and NRMP Match,1 position in the published 2026 cycle,Not stated on official page,Not stated on official page,Not stated on official page,1 October 2026,https://medschool.uci.edu/research/clinical-departments/obgyn/education-training/fellowship-programs/urps-fellowship,not_researched,
/programs/uc-san-diego-health-complex-family-planning-fellowship,https://thefellowshipportal.com/programs/uc-san-diego-health-complex-family-planning-fellowship,Complex Family Planning Fellowship,UC San Diego Health,Obstetrics & Gynaecology,Complex family planning,Not stated on official page,California,Clinical Fellowship,2 years,1 August 2027 for the published cycle,The published 2026 application cycle has closed; confirm the next ERAS and NRMP cycle,"Completed Obstetrics and Gynaecology residency; ERAS, NRMP and institution-specific requirements apply",Check with programme,ACGME-accredited Complex Family Planning pathway,ERAS and NRMP Match,Not stated on official page,Not stated on official page,Not stated on official page,Not stated on official page,1 October 2026,https://obgyn.ucsd.edu/education-training/fellowships/family-planning/index.html,not_researched,
/programs/uc-san-diego-health-gynecologic-oncology-fellowship,https://thefellowshipportal.com/programs/uc-san-diego-health-gynecologic-oncology-fellowship,Gynecologic Oncology Fellowship,UC San Diego Health,Obstetrics & Gynaecology,Gynaecologic oncology,Not stated on official page,California,Clinical Fellowship,3 years,Annual academic intake; confirm exact date with programme,Follow the current ERAS and NRMP Gynecologic Oncology fellowship timeline,"Completed Obstetrics and Gynaecology residency; ERAS, NRMP and institution-specific requirements apply",Check with programme,Listed by the Society of Gynecologic Oncology; confirm current ACGME status,ERAS and NRMP Match,Not stated on official page,Not stated on official page,Not stated on official page,Not stated on official page,1 October 2026,https://obgyn.ucsd.edu/education-training/fellowships/gynecologic-oncology/index.html,not_researched,
/programs/uc-san-diego-health-urogynecology-reconstructive-pelvic-surgery-fellowship,https://thefellowshipportal.com/programs/uc-san-diego-health-urogynecology-reconstructive-pelvic-surgery-fellowship,Urogynecology & Reconstructive Pelvic Surgery Fellowship,UC San Diego Health,Obstetrics & Gynaecology,Urogynecology & reconstructive pelvic surgery,Not stated on official page,California,Clinical Fellowship,3 years for OBGYN pathways; confirm urology-entry options,Early August 2027 for the published cycle; confirm with programme,Participated in the 2026 ERAS and NRMP cycle; confirm the next cycle,"Completed eligible Obstetrics and Gynaecology or Urology residency; ERAS, NRMP and institution-specific requirements apply",Check with programme,Listed in the American Urogynecologic Society 2026 programme guide; confirm current ACGME status,ERAS and NRMP Match,2 positions in the published 2026 cycle,Not stated on official page,Not stated on official page,Not stated on official page,1 October 2026,https://obgyn.ucsd.edu/education-training/fellowships/urogynecology/index.html,not_researched,
/programs/ucla-health-complex-family-planning-fellowship,https://thefellowshipportal.com/programs/ucla-health-complex-family-planning-fellowship,Complex Family Planning Fellowship,UCLA Health,Obstetrics & Gynaecology,Complex family planning,Not stated on official page,California,Clinical Fellowship,2 years,1 August 2027 for the published cycle,The published 2026 application cycle has closed; confirm the next ERAS and NRMP cycle,"Completed Obstetrics and Gynaecology residency; ERAS, NRMP and institution-specific requirements apply",Check with programme,ACGME-accredited Complex Family Planning pathway,ERAS and NRMP Match,Not stated on official page,Not stated on official page,Not stated on official page,Not stated on official page,1 October 2026,https://www.uclahealth.org/departments/obgyn/education/fellowship-programs/complex-family-planning-fellowship,not_researched,
/programs/ucla-health-gynecologic-oncology-fellowship,https://thefellowshipportal.com/programs/ucla-health-gynecologic-oncology-fellowship,Gynecologic Oncology Fellowship,UCLA Health,Obstetrics & Gynaecology,Gynaecologic oncology,Not stated on official page,California,Clinical Fellowship,3 years,Annual academic intake; confirm exact date with programme,Follow the current ERAS and NRMP Gynecologic Oncology fellowship timeline,"Completed Obstetrics and Gynaecology residency; ERAS, NRMP and institution-specific requirements apply",Check with programme,Listed by the Society of Gynecologic Oncology; confirm current ACGME status,ERAS and NRMP Match,Not stated on official page,Not stated on official page,Not stated on official page,Not stated on official page,1 October 2026,https://www.uclahealth.org/departments/obgyn/education/fellowship-programs/gynecologic-oncology-fellowship-program/applicant-information,not_researched,
/programs/ucla-liver-transplantation-anesthesiology,https://thefellowshipportal.com/programs/ucla-liver-transplantation-anesthesiology,Liver Transplantation Anesthesiology Fellowship,UCLA Health,Anaesthesiology,Liver transplant anaesthesia,Not stated on official page,California,Clinical Instructorship,1 year,Confirm current intake with the programme,Confirm current intake with the programme,Not stated on official page,Check with programme,Non-ACGME,Contact the fellowship director to submit an application.,Not stated on official page,Salary combines fellowship and staff-anesthesiologist work; the page also describes moonlighting.,Not stated on official page,Not stated on official page,1 October 2026,https://www.uclahealth.org/departments/anes/education/fellowship-programs/liver-transplantation-anesthesiology-fellowship,not_researched,
/programs/ucla-neuroanesthesiology,https://thefellowshipportal.com/programs/ucla-neuroanesthesiology,Neuroanesthesiology Fellowship,UCLA Health,Anaesthesiology,Neuroanaesthesia,Not stated on official page,California,Clinical Instructorship,1 year,Confirm current intake with the programme,Confirm current intake with the programme,Graduating anesthesiology residents and board-eligible or board-certified anesthesiologists; California medical licence required before starting.,Check with programme,ICPNT; non-ACGME,See official programme page,Not stated on official page,Not stated on official page,Not stated on official page,California medical licence before starting.,1 October 2026,https://www.uclahealth.org/departments/anes/education/fellowship-programs/neuroanesthesiology-fellowship,not_researched,
/programs/ucla-obstetric-anesthesiology,https://thefellowshipportal.com/programs/ucla-obstetric-anesthesiology,Obstetric Anesthesiology Fellowship,UCLA Health,Anaesthesiology,Obstetric anaesthesia,Not stated on official page,California,Clinical Fellowship,1 year,Confirm current intake with the programme,Confirm current intake with the programme,Graduating anesthesiology residents and board-eligible or board-certified anesthesiologists; California medical licence required before starting.,Check with programme,"ACGME, effective July 1, 2024",See official programme page,Not stated on official page,Not stated on official page,Not stated on official page,California medical licence before starting.,1 October 2026,https://www.uclahealth.org/departments/anes/education/fellowship-programs/obstetric-anesthesiology-fellowship,not_researched,
/programs/ucla-pediatric-anesthesiology,https://thefellowshipportal.com/programs/ucla-pediatric-anesthesiology,Pediatric Anesthesiology Fellowship,UCLA Health,Anaesthesiology,Paediatric anaesthesia,Not stated on official page,California,Clinical Fellowship,1 year,Confirm current intake with the programme,Confirm current intake with the programme,Not stated on official page,Check with programme,ACGME,See official programme page,Not stated on official page,Not stated on official page,Not stated on official page,Not stated on official page,1 October 2026,https://www.uclahealth.org/departments/anes/education/fellowship-programs/pediatric-anesthesiology-fellowship,not_researched,
/programs/ucla-perioperative-medicine,https://thefellowshipportal.com/programs/ucla-perioperative-medicine,Perioperative Medicine Fellowship,UCLA Health,Anaesthesiology,Perioperative medicine,Not stated on official page,California,Clinical Fellowship,12 months; modifications may be agreed with the programme director,Confirm current intake with the programme,Confirm current intake with the programme,"Board-certified or board-eligible anesthesiologists, or residents in their CA-3 year.",Check with programme,Non-ACGME,See official programme page,Not stated on official page,Not stated on official page,Not stated on official page,Not stated on official page,1 October 2026,https://www.uclahealth.org/departments/anes/education/fellowship-programs/perioperative-medicine-fellowship,not_researched,
/programs/ucla-thoracic-anesthesiology,https://thefellowshipportal.com/programs/ucla-thoracic-anesthesiology,Thoracic Anesthesiology Fellowship,UCLA Health,Anaesthesiology,Thoracic anaesthesia,Not stated on official page,California,Clinical Fellowship,1 year,Confirm current intake with the programme,Confirm current intake with the programme,Not stated on official page,Check with programme,Not stated on official page,See official programme page,Not stated on official page,Not stated on official page,Not stated on official page,Not stated on official page,1 October 2026,https://www.uclahealth.org/departments/anes/education/fellowship-programs/thoracic-anesthesiology-fellowship,not_researched,
/programs/uclh-neuroanaesthesia-neurocritical-care-fellowship,https://thefellowshipportal.com/programs/uclh-neuroanaesthesia-neurocritical-care-fellowship,Neuroanaesthesia and Neurocritical Care Fellowship,"National Hospital for Neurology and Neurosurgery, UCLH",Anaesthesiology,Neuroanaesthesia,Not stated on official page,England,Clinical Fellowship,12 months: nine months neuroanaesthesia and three months neurocritical care,Confirm current intake with the programme,Confirm current intake with the programme,Anaesthetic registrars who have completed intermediate neuroanaesthesia training.,Check with programme,The hospital states that it is an ICPNT neuroscience fellowship centre.,Posts are normally advertised through NHS Jobs and BMJ Careers.,Not stated on official page,Not stated on official page,Not stated on official page,Not stated on official page,1 October 2026,https://www.uclh.nhs.uk/our-services/find-service/neurology-and-neurosurgery/neuroanaesthesia/join-our-team,not_researched,
/programs/uconn-health-complex-family-planning-fellowship,https://thefellowshipportal.com/programs/uconn-health-complex-family-planning-fellowship,Complex Family Planning Fellowship,UConn Health,Obstetrics & Gynaecology,Complex family planning,Not stated on official page,Connecticut,Clinical Fellowship,2 years,1 August 2027 for the published cycle,The published 2026 application cycle has closed; confirm the next ERAS and NRMP cycle,"Completed Obstetrics and Gynaecology residency; ERAS, NRMP and institution-specific requirements apply",Check with programme,ACGME-accredited Complex Family Planning pathway,ERAS and NRMP Match,Not stated on official page,Not stated on official page,Not stated on official page,Not stated on official page,1 October 2026,https://health.uconn.edu/graduate-medical-education/complex-family-planning-fellowship/,not_researched,
/programs/ucsf-health-complex-family-planning-fellowship,https://thefellowshipportal.com/programs/ucsf-health-complex-family-planning-fellowship,Complex Family Planning Fellowship,UCSF Health,Obstetrics & Gynaecology,Complex family planning,Not stated on official page,California,Clinical Fellowship,2 years,1 August 2027 for the published cycle,The published 2026 application cycle has closed; confirm the next ERAS and NRMP cycle,"Completed Obstetrics and Gynaecology residency; ERAS, NRMP and institution-specific requirements apply",Check with programme,ACGME-accredited Complex Family Planning pathway,ERAS and NRMP Match,Not stated on official page,Not stated on official page,Not stated on official page,Not stated on official page,1 October 2026,https://obgyn.ucsf.edu/fellowship-training-programs/complex-family-planning-fellowship-program,not_researched,
/programs/ucsf-health-gynecologic-oncology-fellowship,https://thefellowshipportal.com/programs/ucsf-health-gynecologic-oncology-fellowship,Gynecologic Oncology Fellowship,UCSF Health,Obstetrics & Gynaecology,Gynaecologic oncology,Not stated on official page,California,Clinical Fellowship,3 years,Annual academic intake; confirm exact date with programme,Follow the current ERAS and NRMP Gynecologic Oncology fellowship timeline,"Completed Obstetrics and Gynaecology residency; ERAS, NRMP and institution-specific requirements apply",Check with programme,Listed by the Society of Gynecologic Oncology; confirm current ACGME status,ERAS and NRMP Match,Not stated on official page,Not stated on official page,Not stated on official page,Not stated on official page,1 October 2026,https://obgyn.ucsf.edu/fellowship-training-programs/ucsf-kpsf-gynecologic-oncology-fellowship-program,not_researched,
/programs/umass-chan-medical-school-urogynecology-reconstructive-pelvic-surgery-fellowship,https://thefellowshipportal.com/programs/umass-chan-medical-school-urogynecology-reconstructive-pelvic-surgery-fellowship,Urogynecology & Reconstructive Pelvic Surgery Fellowship,UMass Chan Medical School,Obstetrics & Gynaecology,Urogynecology & reconstructive pelvic surgery,Not stated on official page,Massachusetts,Clinical Fellowship,3 years for OBGYN pathways; confirm urology-entry options,Early August 2027 for the published cycle; confirm with programme,Participated in the 2026 ERAS and NRMP cycle; confirm the next cycle,"Completed eligible Obstetrics and Gynaecology or Urology residency; ERAS, NRMP and institution-specific requirements apply",Check with programme,Listed in the American Urogynecologic Society 2026 programme guide; confirm current ACGME status,ERAS and NRMP Match,1 position in the published 2026 cycle,Not stated on official page,Not stated on official page,Not stated on official page,1 October 2026,https://www.umassmed.edu/obgyn/education/urogynecology-fellowship-program/,not_researched,
/programs/university-hospitals-cleveland-medical-center-gynecologic-oncology-fellowship,https://thefellowshipportal.com/programs/university-hospitals-cleveland-medical-center-gynecologic-oncology-fellowship,Gynecologic Oncology Fellowship,University Hospitals Cleveland Medical Center,Obstetrics & Gynaecology,Gynaecologic oncology,Not stated on official page,Ohio,Clinical Fellowship,3 years,Annual academic intake; confirm exact date with programme,Follow the current ERAS and NRMP Gynecologic Oncology fellowship timeline,"Completed Obstetrics and Gynaecology residency; ERAS, NRMP and institution-specific requirements apply",Check with programme,Listed by the Society of Gynecologic Oncology; confirm current ACGME status,ERAS and NRMP Match,Not stated on official page,Not stated on official page,Not stated on official page,Not stated on official page,1 October 2026,https://www.uhhospitals.org/seidman/services/gynecological-cancer-care-team/gynecologic-oncology-fellowship,not_researched,
/programs/university-of-alabama-at-birmingham-gynecologic-oncology-fellowship,https://thefellowshipportal.com/programs/university-of-alabama-at-birmingham-gynecologic-oncology-fellowship,Gynecologic Oncology Fellowship,University of Alabama at Birmingham,Obstetrics & Gynaecology,Gynaecologic oncology,Not stated on official page,Alabama,Clinical Fellowship,3 years,Annual academic intake; confirm exact date with programme,Follow the current ERAS and NRMP Gynecologic Oncology fellowship timeline,"Completed Obstetrics and Gynaecology residency; ERAS, NRMP and institution-specific requirements apply",Check with programme,Listed by the Society of Gynecologic Oncology; confirm current ACGME status,ERAS and NRMP Match,Not stated on official page,Not stated on official page,Not stated on official page,Not stated on official page,1 October 2026,https://www.uab.edu/medicine/obgyn/?catid=22&id=326&view=article,not_researched,
/programs/university-of-alabama-at-birmingham-urogynecology-reconstructive-pelvic-surgery-fellowship,https://thefellowshipportal.com/programs/university-of-alabama-at-birmingham-urogynecology-reconstructive-pelvic-surgery-fellowship,Urogynecology & Reconstructive Pelvic Surgery Fellowship,University of Alabama at Birmingham,Obstetrics & Gynaecology,Urogynecology & reconstructive pelvic surgery,Not stated on official page,Alabama,Clinical Fellowship,3 years for OBGYN pathways; confirm urology-entry options,Early August 2027 for the published cycle; confirm with programme,Participated in the 2026 ERAS and NRMP cycle; confirm the next cycle,"Completed eligible Obstetrics and Gynaecology or Urology residency; ERAS, NRMP and institution-specific requirements apply",Check with programme,Listed in the American Urogynecologic Society 2026 programme guide; confirm current ACGME status,ERAS and NRMP Match,1 position in the published 2026 cycle,Not stated on official page,Not stated on official page,Not stated on official page,1 October 2026,https://www.uab.edu/medicine/obgyn/education/fellowships/urogynecology-and-pelvic-reconstructive-surgery-fellowship,not_researched,
/programs/university-of-california-davis-complex-family-planning-fellowship,https://thefellowshipportal.com/programs/university-of-california-davis-complex-family-planning-fellowship,Complex Family Planning Fellowship,University of California Davis,Obstetrics & Gynaecology,Complex family planning,Not stated on official page,California,Clinical Fellowship,2 years,1 August 2027 for the published cycle,The published 2026 application cycle has closed; confirm the next ERAS and NRMP cycle,"Completed Obstetrics and Gynaecology residency; ERAS, NRMP and institution-specific requirements apply",Check with programme,ACGME-accredited Complex Family Planning pathway,ERAS and NRMP Match,Not stated on official page,Not stated on official page,Not stated on official page,Not stated on official page,1 October 2026,https://health.ucdavis.edu/obgyn/education/fellowships/fellowship_familyplanning.html,not_researched,
/programs/university-of-california-davis-gynecologic-oncology-fellowship,https://thefellowshipportal.com/programs/university-of-california-davis-gynecologic-oncology-fellowship,Gynecologic Oncology Fellowship,University of California Davis,Obstetrics & Gynaecology,Gynaecologic oncology,Not stated on official page,California,Clinical Fellowship,3 years,Annual academic intake; confirm exact date with programme,Follow the current ERAS and NRMP Gynecologic Oncology fellowship timeline,"Completed Obstetrics and Gynaecology residency; ERAS, NRMP and institution-specific requirements apply",Check with programme,Listed by the Society of Gynecologic Oncology; confirm current ACGME status,ERAS and NRMP Match,Not stated on official page,Not stated on official page,Not stated on official page,Not stated on official page,1 October 2026,https://health.ucdavis.edu/obgyn/education/fellowships/fellowship_gynonc.html,not_researched,
/programs/university-of-chicago-complex-family-planning-fellowship,https://thefellowshipportal.com/programs/university-of-chicago-complex-family-planning-fellowship,Complex Family Planning Fellowship,University of Chicago,Obstetrics & Gynaecology,Complex family planning,Not stated on official page,Illinois,Clinical Fellowship,2 years,1 August 2027 for the published cycle,The published 2026 application cycle has closed; confirm the next ERAS and NRMP cycle,"Completed Obstetrics and Gynaecology residency; ERAS, NRMP and institution-specific requirements apply",Check with programme,ACGME-accredited Complex Family Planning pathway,ERAS and NRMP Match,Not stated on official page,Not stated on official page,Not stated on official page,Not stated on official page,1 October 2026,https://obgyn.uchicago.edu/education/fellowship-complex-family-planning,not_researched,
/programs/university-of-chicago-gynecologic-oncology-fellowship,https://thefellowshipportal.com/programs/university-of-chicago-gynecologic-oncology-fellowship,Gynecologic Oncology Fellowship,University of Chicago,Obstetrics & Gynaecology,Gynaecologic oncology,Not stated on official page,Illinois,Clinical Fellowship,3 years,Annual academic intake; confirm exact date with programme,Follow the current ERAS and NRMP Gynecologic Oncology fellowship timeline,"Completed Obstetrics and Gynaecology residency; ERAS, NRMP and institution-specific requirements apply",Check with programme,Listed by the Society of Gynecologic Oncology; confirm current ACGME status,ERAS and NRMP Match,Not stated on official page,Not stated on official page,Not stated on official page,Not stated on official page,1 October 2026,https://obg.bsd.uchicago.edu/GOfellowship.html,not_researched,
/programs/university-of-chicago-urogynecology-reconstructive-pelvic-surgery-fellowship,https://thefellowshipportal.com/programs/university-of-chicago-urogynecology-reconstructive-pelvic-surgery-fellowship,Urogynecology & Reconstructive Pelvic Surgery Fellowship,University of Chicago,Obstetrics & Gynaecology,Urogynecology & reconstructive pelvic surgery,Not stated on official page,Illinois,Clinical Fellowship,3 years for OBGYN pathways; confirm urology-entry options,Early August 2027 for the published cycle; confirm with programme,Participated in the 2026 ERAS and NRMP cycle; confirm the next cycle,"Completed eligible Obstetrics and Gynaecology or Urology residency; ERAS, NRMP and institution-specific requirements apply",Check with programme,Listed in the American Urogynecologic Society 2026 programme guide; confirm current ACGME status,ERAS and NRMP Match,1 position in the published 2026 cycle,Not stated on official page,Not stated on official page,Not stated on official page,1 October 2026,https://obgyn.uchicago.edu/education/urogynecology-reconstructive-pelvic-surgery-fellowship,not_researched,
/programs/university-of-colorado-anschutz-medical-campus-urogynecology-reconstructive-pelvic-surgery-fellowship,https://thefellowshipportal.com/programs/university-of-colorado-anschutz-medical-campus-urogynecology-reconstructive-pelvic-surgery-fellowship,Urogynecology & Reconstructive Pelvic Surgery Fellowship,University of Colorado Anschutz Medical Campus,Obstetrics & Gynaecology,Urogynecology & reconstructive pelvic surgery,Not stated on official page,Colorado,Clinical Fellowship,3 years for OBGYN pathways; confirm urology-entry options,Early August 2027 for the published cycle; confirm with programme,Participated in the 2026 ERAS and NRMP cycle; confirm the next cycle,"Completed eligible Obstetrics and Gynaecology or Urology residency; ERAS, NRMP and institution-specific requirements apply",Check with programme,Listed in the American Urogynecologic Society 2026 programme guide; confirm current ACGME status,ERAS and NRMP Match,1 position in the published 2026 cycle,Not stated on official page,Not stated on official page,Not stated on official page,1 October 2026,https://medschool.cuanschutz.edu/ob-gyn/fellowships/urps-fellowship,not_researched,
/programs/university-of-colorado-complex-family-planning-fellowship,https://thefellowshipportal.com/programs/university-of-colorado-complex-family-planning-fellowship,Complex Family Planning Fellowship,University of Colorado,Obstetrics & Gynaecology,Complex family planning,Not stated on official page,Colorado,Clinical Fellowship,2 years,1 August 2027 for the published cycle,The published 2026 application cycle has closed; confirm the next ERAS and NRMP cycle,"Completed Obstetrics and Gynaecology residency; ERAS, NRMP and institution-specific requirements apply",Check with programme,ACGME-accredited Complex Family Planning pathway,ERAS and NRMP Match,Not stated on official page,Not stated on official page,Not stated on official page,Not stated on official page,1 October 2026,https://cufamilyplanning.com/doctors/fellowships/index.html,not_researched,
/programs/university-of-colorado-gynecologic-oncology-fellowship,https://thefellowshipportal.com/programs/university-of-colorado-gynecologic-oncology-fellowship,Gynecologic Oncology Fellowship,University of Colorado,Obstetrics & Gynaecology,Gynaecologic oncology,Not stated on official page,Colorado,Clinical Fellowship,3 years,Annual academic intake; confirm exact date with programme,Follow the current ERAS and NRMP Gynecologic Oncology fellowship timeline,"Completed Obstetrics and Gynaecology residency; ERAS, NRMP and institution-specific requirements apply",Check with programme,Listed by the Society of Gynecologic Oncology; confirm current ACGME status,ERAS and NRMP Match,Not stated on official page,Not stated on official page,Not stated on official page,Not stated on official page,1 October 2026,https://medschool.cuanschutz.edu/ob-gyn/fellowships/gynecologic-oncology-fellowship,not_researched,
/programs/university-of-hawaii-complex-family-planning-fellowship,https://thefellowshipportal.com/programs/university-of-hawaii-complex-family-planning-fellowship,Complex Family Planning Fellowship,University of Hawaii,Obstetrics & Gynaecology,Complex family planning,Not stated on official page,Hawaii,Clinical Fellowship,2 years,1 August 2027 for the published cycle,The published 2026 application cycle has closed; confirm the next ERAS and NRMP cycle,"Completed Obstetrics and Gynaecology residency; ERAS, NRMP and institution-specific requirements apply",Check with programme,ACGME-accredited Complex Family Planning pathway,ERAS and NRMP Match,Not stated on official page,Not stated on official page,Not stated on official page,Not stated on official page,1 October 2026,https://fpfellowshiphawaii.org/education/fellowship/,not_researched,
/programs/university-of-illinois-at-chicago-complex-family-planning-fellowship,https://thefellowshipportal.com/programs/university-of-illinois-at-chicago-complex-family-planning-fellowship,Complex Family Planning Fellowship,University of Illinois at Chicago,Obstetrics & Gynaecology,Complex family planning,Not stated on official page,Illinois,Clinical Fellowship,2 years,1 August 2027 for the published cycle,The published 2026 application cycle has closed; confirm the next ERAS and NRMP cycle,"Completed Obstetrics and Gynaecology residency; ERAS, NRMP and institution-specific requirements apply",Check with programme,ACGME-accredited Complex Family Planning pathway,ERAS and NRMP Match,Not stated on official page,Not stated on official page,Not stated on official page,Not stated on official page,1 October 2026,https://chicago.medicine.uic.edu/departments/academic-departments/obstetrics-and-gynecology/divisions/family-planning/complex-family-planning-fellowship/,not_researched,
/programs/university-of-iowa-hospitals-and-clinics-gynecologic-oncology-fellowship,https://thefellowshipportal.com/programs/university-of-iowa-hospitals-and-clinics-gynecologic-oncology-fellowship,Gynecologic Oncology Fellowship,University of Iowa Hospitals and Clinics,Obstetrics & Gynaecology,Gynaecologic oncology,"Department of Obstetrics and Gynecology, Carver College of Medicine",Iowa,Clinical Fellowship,3 years,July 2027 for the 2026 recruitment cycle (July start),"2026 cycle (July 2027 start): ERAS deadline 6 April 2026; next cycle follows SGO key dates, not yet posted on programme page",Completed medical school and an Obstetrics and Gynecology residency at an accredited institution; CREOG scores emailed to coordinator,Accepted via ERAS; international residents directed to apply through ECFMG/ERAS,ACGME-accredited (three-year fellowship),ERAS and NRMP Match (NRMP programme no. 1203225F0),1 position (starting July 2027),Paid GME position; competitive stipends and health coverage per UI Health Care GME,Not stated on official page,Not stated on official page,3 October 2026,https://obgyn.medicine.uiowa.edu/education/fellowships/gynecologic-oncology | https://obgyn.medicine.uiowa.edu/education/fellowships/gynecologic-oncology/how-apply,updated,Original gme.medicine.uiowa.edu URL redirects to the department fellowship page (new URL used). Next-cycle (July 2028 start) dates not yet posted; page refers to SGO common dates.
/programs/university-of-iowa-hospitals-and-clinics-urogynecology-reconstructive-pelvic-surgery-fellowship,https://thefellowshipportal.com/programs/university-of-iowa-hospitals-and-clinics-urogynecology-reconstructive-pelvic-surgery-fellowship,Urogynecology & Reconstructive Pelvic Surgery Fellowship,University of Iowa Hospitals and Clinics,Obstetrics & Gynaecology,Urogynecology & reconstructive pelvic surgery,"Department of Obstetrics and Gynecology, Carver College of Medicine",Iowa,Clinical Fellowship,3 years (OBGYN track); 2 years (Urology track),July 2028 for the current recruitment cycle (July 2027 for the 2026 cycle),2026 cycle deadline was 26 January 2026; next cycle follows AUGS fellowship key dates (not yet posted on programme page),Completed medical school and an Obstetrics and Gynecology residency (OBGYN track) or Urology residency (Urology track) at an accredited institution; 3 letters incl. 2 SLOEs; CREOG scores,Accepted via ERAS; international residents directed to apply through ECFMG/ERAS,ACGME-accredited (both tracks),ERAS and NRMP Match (NRMP programme no. 1203221F0),"2 positions starting July 2028 (1 OBGYN-trained, 1 urology-trained); 1 position in the 2026 cycle",Paid GME position; competitive stipends and health coverage per UI Health Care GME,Not stated on official page,Not stated on official page,3 October 2026,https://obgyn.medicine.uiowa.edu/education/fellowships/urogynecology-and-reconstructive-pelvic-surgery | https://obgyn.medicine.uiowa.edu/education/fellowships/urogynecology-and-reconstructive-pelvic-surgery/how-apply,updated,Original gme.medicine.uiowa.edu URL redirects to the department fellowship page (new URL used). Page states July start (existing value said early August).
/programs/university-of-kansas-gynecologic-oncology-fellowship,https://thefellowshipportal.com/programs/university-of-kansas-gynecologic-oncology-fellowship,Gynecologic Oncology Fellowship,University of Kansas,Obstetrics & Gynaecology,Gynaecologic oncology,"Department of Obstetrics and Gynecology, KU School of Medicine",Kansas,Clinical Fellowship,3 years,1 July (academic year July 1 - June 30),ERAS interview season opens 16 November 2026; SGO deadline for upload to ERAS 5 April 2027; interview invitations 10 May 2027; virtual interviews 2 and 4 June 2027,"Medical degree and completion of OB/GYN residency; USMLE/COMLEX transcripts, CREOG scores, 3 letters (SLOE)",Accepted; valid ECFMG certificate required for graduates of medical schools outside the US or Canada,Listed by the Society of Gynecologic Oncology; confirm current ACGME status,ERAS and NRMP Match,Not stated on official page,"Salaried: PGY-5 $83,587; PGY-6 $86,914; PGY-7 $90,628 (2026-27), plus health/dental/vision insurance, 20 days vacation",Not stated on official page,Not stated on official page,3 October 2026,https://www.kumc.edu/school-of-medicine/academics/departments/ob-gyn/academics/gynecologic-oncology-fellowship.html | https://www.kumc.edu/school-of-medicine/academics/departments/ob-gyn/academics/gynecologic-oncology-fellowship/application-information.html | https://www.kumc.edu/school-of-medicine/academics/departments/ob-gyn/academics/gynecologic-oncology-fellowship/salary-and-benefits.html,updated,Original URL redirects to new KUMC path.
/programs/university-of-kentucky-gynecologic-oncology-fellowship,https://thefellowshipportal.com/programs/university-of-kentucky-gynecologic-oncology-fellowship,Gynecologic Oncology Fellowship,University of Kentucky,Obstetrics & Gynaecology,Gynaecologic oncology,"Department of Obstetrics and Gynecology, Division of Gynecologic Oncology",Kentucky,Clinical Fellowship,"3 years (12 months research + 24 months clinical) or 4-year track (24 months research + 24 months clinical, offered every other year)",Not stated on official page,6 April 2027 (via ERAS),"Completed Obstetrics and Gynaecology residency; standard ERAS application incl. MSPE, three letters (two SLOEs) and CREOG scores",Not stated on official page,Fully accredited by the ACGME,ERAS and NRMP Match,"Complement of five fellows, accepted in a 2-1-2 alternating schema",Not stated on official page,Not stated on official page,Not stated on official page,3 October 2026,https://medicine.uky.edu/departments/obgyn/uk-gynecologic-oncology-fellowship,updated,
/programs/university-of-louisville-urogynecology-reconstructive-pelvic-surgery-fellowship,https://thefellowshipportal.com/programs/university-of-louisville-urogynecology-reconstructive-pelvic-surgery-fellowship,Urogynecology & Reconstructive Pelvic Surgery Fellowship,University of Louisville,Obstetrics & Gynaecology,Urogynecology & reconstructive pelvic surgery,"Department of Obstetrics, Gynecology & Women's Health, URPS Division",Kentucky,Clinical Fellowship,3 years (PGY5-PGY7),Early August 2027 for the published cycle; confirm with programme,"2026 cycle (2027 start): ERAS opened 12 Nov 2025, deadline 26 Jan 2026, Match Day 5 Aug 2026; next cycle not yet posted",Completed OBGYN residency; USMLE Step 1 PASS and Step 2 CK 225 or above to be competitive; medical school graduation within past five years,Not stated on official page,ACGME-accredited (three-year),ERAS (AUGS application) and NRMP Match,1 position in the published 2026 cycle,"Stipend 2026/27: PGY5 $74,779; PGY6 $78,154; PGY7 $81,406 plus insurance benefits",Not stated on official page,Kentucky state law requires all PGY-2 and above trainees to be licensed to practise medicine in Kentucky,3 October 2026,https://medicine.louisville.edu/academics-programs/academic-departments/obgyn-homepage/obgyn-academics-and-programs/obgyn-training/obgyn-urogynecology-and-reconstructive-pelvic-surgery-urps-fellowship-program,updated,Original louisville.edu URL now redirects to the department homepage; current programme page found on medicine.louisville.edu.
/programs/university-of-miami-gynecologic-oncology-fellowship,https://thefellowshipportal.com/programs/university-of-miami-gynecologic-oncology-fellowship,Gynecologic Oncology Fellowship,University of Miami,Obstetrics & Gynaecology,Gynaecologic oncology,"Tamer Family Department of Obstetrics, Gynecology & Reproductive Sciences, Miller School of Medicine",Florida,Clinical Fellowship,4 years (2 years research + 2 years clinical training),Not stated on official page,Follow the current ERAS and NRMP Gynecologic Oncology fellowship timeline,"Completed Obstetrics and Gynaecology residency; ERAS, NRMP and institution-specific requirements apply",Not stated on official page,Listed by the Society of Gynecologic Oncology; confirm current ACGME status,ERAS and NRMP Match,Not stated on official page,Not stated on official page,Not stated on official page,Not stated on official page,3 October 2026,https://umiamihealth.org/en/sylvester-comprehensive-cancer-center/research/education-and-training/clinical-fellowship/gynecologic-oncology-fellowship-program | https://med.miami.edu/departments/obgyn/education/gynecologic-oncology-fellowship,updated,"Official pages describe a four-year programme (2 research + 2 clinical), contradicting the existing 3-year value."
/programs/university-of-michigan-complex-family-planning-fellowship,https://thefellowshipportal.com/programs/university-of-michigan-complex-family-planning-fellowship,Complex Family Planning Fellowship,University of Michigan,Obstetrics & Gynaecology,Complex family planning,Not stated on official page,Michigan,Clinical Fellowship,2 years,1 August 2027 for the published cycle,The published 2026 application cycle has closed; confirm the next ERAS and NRMP cycle,"Completed Obstetrics and Gynaecology residency; ERAS, NRMP and institution-specific requirements apply",Check with programme,ACGME-accredited Complex Family Planning pathway,ERAS and NRMP Match,Not stated on official page,Not stated on official page,Not stated on official page,Not stated on official page,1 October 2026,https://medschool.umich.edu/departments/obstetrics-gynecology/education/fellowships-advanced-training-programs/complex-family-planning,pending,
/programs/university-of-michigan-gynecologic-oncology-fellowship,https://thefellowshipportal.com/programs/university-of-michigan-gynecologic-oncology-fellowship,Gynecologic Oncology Fellowship,University of Michigan,Obstetrics & Gynaecology,Gynaecologic oncology,Not stated on official page,Michigan,Clinical Fellowship,3 years,Annual academic intake; confirm exact date with programme,Follow the current ERAS and NRMP Gynecologic Oncology fellowship timeline,"Completed Obstetrics and Gynaecology residency; ERAS, NRMP and institution-specific requirements apply",Check with programme,Listed by the Society of Gynecologic Oncology; confirm current ACGME status,ERAS and NRMP Match,Not stated on official page,Not stated on official page,Not stated on official page,Not stated on official page,1 October 2026,https://medschool.umich.edu/departments/obstetrics-gynecology/education/fellowships-advanced-training-programs/gynecologic-oncology,pending,
/programs/university-of-michigan-urogynecology-reconstructive-pelvic-surgery-fellowship,https://thefellowshipportal.com/programs/university-of-michigan-urogynecology-reconstructive-pelvic-surgery-fellowship,Urogynecology & Reconstructive Pelvic Surgery Fellowship,University of Michigan,Obstetrics & Gynaecology,Urogynecology & reconstructive pelvic surgery,Not stated on official page,Michigan,Clinical Fellowship,3 years for OBGYN pathways; confirm urology-entry options,Early August 2027 for the published cycle; confirm with programme,Participated in the 2026 ERAS and NRMP cycle; confirm the next cycle,"Completed eligible Obstetrics and Gynaecology or Urology residency; ERAS, NRMP and institution-specific requirements apply",Check with programme,Listed in the American Urogynecologic Society 2026 programme guide; confirm current ACGME status,ERAS and NRMP Match,1 position in the published 2026 cycle,Not stated on official page,Not stated on official page,Not stated on official page,1 October 2026,https://medschool.umich.edu/departments/obstetrics-gynecology/education/fellowships-advanced-training-programs/urogynecology-reconstructive-pelvic-surgery,pending,
/programs/university-of-minnesota-complex-family-planning-fellowship,https://thefellowshipportal.com/programs/university-of-minnesota-complex-family-planning-fellowship,Complex Family Planning Fellowship,University of Minnesota,Obstetrics & Gynaecology,Complex family planning,"Department of Obstetrics, Gynecology and Women's Health, Division of Complex Family Planning",Minnesota,Clinical Fellowship,2 years,1 August (typical academic year start),"2026 cycle: ERAS opened 1 Dec 2025, deadline 4 May 2026 (SFP common deadline); next cycle not yet posted","Completed ACGME- or RCPSC-accredited OBGYN residency and eligible for ABOG written exam; 3 letters, CREOG scores",Accepted if able to obtain J-1 visa or have resident alien status; valid ECFMG certificate required,ACGME,ERAS and NRMP Match,1 per year,Not stated on official page,J-1 (ECFMG); department does not sponsor H-1B,Not stated on official page,3 October 2026,https://med.umn.edu/obgyn/education-training/complex-family-planning-fellowship | https://med.umn.edu/obgyn/education-training/complex-family-planning-fellowship/apply,updated,
/programs/university-of-minnesota-gynecologic-oncology-fellowship,https://thefellowshipportal.com/programs/university-of-minnesota-gynecologic-oncology-fellowship,Gynecologic Oncology Fellowship,University of Minnesota,Obstetrics & Gynaecology,Gynaecologic oncology,"Department of Obstetrics, Gynecology and Women's Health",Minnesota,Clinical Fellowship,3 years,1 August (typical academic year start),"2026 cycle: ERAS opened 1 Dec 2025, deadline 6 April 2026 (SGO common deadline); next cycle not yet posted","Completed ACGME- or RCPSC-accredited OBGYN residency and eligible for ABOG written exam; 3 letters (one SLOE), CREOG scores",Accepted if able to obtain J-1 visa or have resident alien status; valid ECFMG certificate required,ACGME,ERAS and NRMP Match,1 per year,"Paid fellowship; plus $1,200/yr administrative stipend and $7,500 research stipend when funds available",J-1 (ECFMG); department does not sponsor H-1B,Not stated on official page,3 October 2026,https://med.umn.edu/obgyn/education-training/gyn-fellowship | https://med.umn.edu/obgyn/education-training/gyn-fellowship/apply,updated,
/programs/university-of-new-mexico-complex-family-planning-fellowship,https://thefellowshipportal.com/programs/university-of-new-mexico-complex-family-planning-fellowship,Complex Family Planning Fellowship,University of New Mexico,Obstetrics & Gynaecology,Complex family planning,Not stated on official page,New Mexico,Clinical Fellowship,2 years,1 August 2027 for the published cycle,The published 2026 application cycle has closed; confirm the next ERAS and NRMP cycle,"Completed Obstetrics and Gynaecology residency; ERAS, NRMP and institution-specific requirements apply",Check with programme,ACGME-accredited Complex Family Planning pathway,ERAS and NRMP Match,Not stated on official page,Not stated on official page,Not stated on official page,Not stated on official page,1 October 2026,https://hsc.unm.edu/medicine/departments/obgyn/fellowships/cfp-fellow.html,pending,
/programs/university-of-new-mexico-gynecologic-oncology-fellowship,https://thefellowshipportal.com/programs/university-of-new-mexico-gynecologic-oncology-fellowship,Gynecologic Oncology Fellowship,University of New Mexico,Obstetrics & Gynaecology,Gynaecologic oncology,Not stated on official page,New Mexico,Clinical Fellowship,3 years,Annual academic intake; confirm exact date with programme,Follow the current ERAS and NRMP Gynecologic Oncology fellowship timeline,"Completed Obstetrics and Gynaecology residency; ERAS, NRMP and institution-specific requirements apply",Check with programme,Listed by the Society of Gynecologic Oncology; confirm current ACGME status,ERAS and NRMP Match,Not stated on official page,Not stated on official page,Not stated on official page,Not stated on official page,1 October 2026,https://hsc.unm.edu/school-of-medicine/obgyn/divisions/gynecologic-oncology/fellowship.html,pending,
/programs/university-of-new-mexico-urogynecology-reconstructive-pelvic-surgery-fellowship,https://thefellowshipportal.com/programs/university-of-new-mexico-urogynecology-reconstructive-pelvic-surgery-fellowship,Urogynecology & Reconstructive Pelvic Surgery Fellowship,University of New Mexico,Obstetrics & Gynaecology,Urogynecology & reconstructive pelvic surgery,Not stated on official page,New Mexico,Clinical Fellowship,3 years for OBGYN pathways; confirm urology-entry options,Early August 2027 for the published cycle; confirm with programme,Participated in the 2026 ERAS and NRMP cycle; confirm the next cycle,"Completed eligible Obstetrics and Gynaecology or Urology residency; ERAS, NRMP and institution-specific requirements apply",Check with programme,Listed in the American Urogynecologic Society 2026 programme guide; confirm current ACGME status,ERAS and NRMP Match,1 position in the published 2026 cycle,Not stated on official page,Not stated on official page,Not stated on official page,1 October 2026,https://hsc.unm.edu/medicine/departments/obgyn/fellowships/urogyn-fellow.html,pending,
/programs/university-of-north-carolina-complex-family-planning-fellowship,https://thefellowshipportal.com/programs/university-of-north-carolina-complex-family-planning-fellowship,Complex Family Planning Fellowship,University of North Carolina,Obstetrics & Gynaecology,Complex family planning,Not stated on official page,North Carolina,Clinical Fellowship,2 years,1 August 2027 for the published cycle,The published 2026 application cycle has closed; confirm the next ERAS and NRMP cycle,"Completed Obstetrics and Gynaecology residency; ERAS, NRMP and institution-specific requirements apply",Check with programme,ACGME-accredited Complex Family Planning pathway,ERAS and NRMP Match,Not stated on official page,Not stated on official page,Not stated on official page,Not stated on official page,1 October 2026,https://www.med.unc.edu/obgyn/education/fellowship/complex-family-planning-fellowship/,pending,
/programs/university-of-north-carolina-gynecologic-oncology-fellowship,https://thefellowshipportal.com/programs/university-of-north-carolina-gynecologic-oncology-fellowship,Gynecologic Oncology Fellowship,University of North Carolina,Obstetrics & Gynaecology,Gynaecologic oncology,Not stated on official page,North Carolina,Clinical Fellowship,3 years,Annual academic intake; confirm exact date with programme,Follow the current ERAS and NRMP Gynecologic Oncology fellowship timeline,"Completed Obstetrics and Gynaecology residency; ERAS, NRMP and institution-specific requirements apply",Check with programme,Listed by the Society of Gynecologic Oncology; confirm current ACGME status,ERAS and NRMP Match,Not stated on official page,Not stated on official page,Not stated on official page,Not stated on official page,1 October 2026,https://www.med.unc.edu/obgyn/gyn-onc/fellowship/,pending,
/programs/university-of-north-carolina-hospitals-urogynecology-reconstructive-pelvic-surgery-fellowship,https://thefellowshipportal.com/programs/university-of-north-carolina-hospitals-urogynecology-reconstructive-pelvic-surgery-fellowship,Urogynecology & Reconstructive Pelvic Surgery Fellowship,University of North Carolina Hospitals,Obstetrics & Gynaecology,Urogynecology & reconstructive pelvic surgery,Not stated on official page,North Carolina,Clinical Fellowship,3 years for OBGYN pathways; confirm urology-entry options,Early August 2027 for the published cycle; confirm with programme,Participated in the 2026 ERAS and NRMP cycle; confirm the next cycle,"Completed eligible Obstetrics and Gynaecology or Urology residency; ERAS, NRMP and institution-specific requirements apply",Check with programme,Listed in the American Urogynecologic Society 2026 programme guide; confirm current ACGME status,ERAS and NRMP Match,1 position in the published 2026 cycle,Not stated on official page,Not stated on official page,Not stated on official page,1 October 2026,https://www.med.unc.edu/obgyn/education/fellowship/urogynecology-and-reproductive-pelvic-surgery-fellowship/,pending,
/programs/university-of-oklahoma-gynecologic-oncology-fellowship,https://thefellowshipportal.com/programs/university-of-oklahoma-gynecologic-oncology-fellowship,Gynecologic Oncology Fellowship,University of Oklahoma,Obstetrics & Gynaecology,Gynaecologic oncology,Not stated on official page,Oklahoma,Clinical Fellowship,3 years,Annual academic intake; confirm exact date with programme,Follow the current ERAS and NRMP Gynecologic Oncology fellowship timeline,"Completed Obstetrics and Gynaecology residency; ERAS, NRMP and institution-specific requirements apply",Check with programme,Listed by the Society of Gynecologic Oncology; confirm current ACGME status,ERAS and NRMP Match,Not stated on official page,Not stated on official page,Not stated on official page,Not stated on official page,1 October 2026,https://medicine.ouhsc.edu/academic-departments/obstetrics-and-gynecology/fellowships/gynecologic-oncology-fellowship,pending,
/programs/university-of-oklahoma-health-sciences-center-urogynecology-reconstructive-pelvic-surgery-fellowship,https://thefellowshipportal.com/programs/university-of-oklahoma-health-sciences-center-urogynecology-reconstructive-pelvic-surgery-fellowship,Urogynecology & Reconstructive Pelvic Surgery Fellowship,University of Oklahoma Health Sciences Center,Obstetrics & Gynaecology,Urogynecology & reconstructive pelvic surgery,Not stated on official page,Oklahoma,Clinical Fellowship,3 years for OBGYN pathways; confirm urology-entry options,Early August 2027 for the published cycle; confirm with programme,Participated in the 2026 ERAS and NRMP cycle; confirm the next cycle,"Completed eligible Obstetrics and Gynaecology or Urology residency; ERAS, NRMP and institution-specific requirements apply",Check with programme,Listed in the American Urogynecologic Society 2026 programme guide; confirm current ACGME status,ERAS and NRMP Match,Not stated in the 2026 AUGS guide,Not stated on official page,Not stated on official page,Not stated on official page,1 October 2026,https://medicine.ouhsc.edu/academic-departments/obstetrics-and-gynecology/fellowships/urogynecology-and-reconstructive-pelvic-surgery-fellowship,pending,
/programs/university-of-pennsylvania-complex-family-planning-fellowship,https://thefellowshipportal.com/programs/university-of-pennsylvania-complex-family-planning-fellowship,Complex Family Planning Fellowship,University of Pennsylvania,Obstetrics & Gynaecology,Complex family planning,Not stated on official page,Pennsylvania,Clinical Fellowship,2 years,1 August 2027 for the published cycle,The published 2026 application cycle has closed; confirm the next ERAS and NRMP cycle,"Completed Obstetrics and Gynaecology residency; ERAS, NRMP and institution-specific requirements apply",Check with programme,ACGME-accredited Complex Family Planning pathway,ERAS and NRMP Match,Not stated on official page,Not stated on official page,Not stated on official page,Not stated on official page,1 October 2026,https://www.pennmedicine.org/departments-and-centers/obstetrics-and-gynecology/education-and-training/fellowship-programs/family-planning,pending,
/programs/university-of-pennsylvania-gynecologic-oncology-fellowship,https://thefellowshipportal.com/programs/university-of-pennsylvania-gynecologic-oncology-fellowship,Gynecologic Oncology Fellowship,University of Pennsylvania,Obstetrics & Gynaecology,Gynaecologic oncology,Not stated on official page,Pennsylvania,Clinical Fellowship,3 years,Annual academic intake; confirm exact date with programme,Follow the current ERAS and NRMP Gynecologic Oncology fellowship timeline,"Completed Obstetrics and Gynaecology residency; ERAS, NRMP and institution-specific requirements apply",Check with programme,Listed by the Society of Gynecologic Oncology; confirm current ACGME status,ERAS and NRMP Match,Not stated on official page,Not stated on official page,Not stated on official page,Not stated on official page,1 October 2026,https://www.pennmedicine.org/departments-and-centers/obstetrics-and-gynecology/education-and-training/fellowship-programs/gynecologic-oncology,pending,
/programs/university-of-pennsylvania-health-system-urogynecology-reconstructive-pelvic-surgery-fellowship,https://thefellowshipportal.com/programs/university-of-pennsylvania-health-system-urogynecology-reconstructive-pelvic-surgery-fellowship,Urogynecology & Reconstructive Pelvic Surgery Fellowship,University of Pennsylvania Health System,Obstetrics & Gynaecology,Urogynecology & reconstructive pelvic surgery,Not stated on official page,Pennsylvania,Clinical Fellowship,3 years for OBGYN pathways; confirm urology-entry options,Early August 2027 for the published cycle; confirm with programme,Participated in the 2026 ERAS and NRMP cycle; confirm the next cycle,"Completed eligible Obstetrics and Gynaecology or Urology residency; ERAS, NRMP and institution-specific requirements apply",Check with programme,Listed in the American Urogynecologic Society 2026 programme guide; confirm current ACGME status,ERAS and NRMP Match,1 position in the published 2026 cycle,Not stated on official page,Not stated on official page,Not stated on official page,1 October 2026,https://www3.pennmedicine.org/departments-and-centers/obstetrics-and-gynecology/education-and-training/fellowship-programs/urogynecology,pending,
/programs/university-of-pittsburgh-complex-family-planning-fellowship,https://thefellowshipportal.com/programs/university-of-pittsburgh-complex-family-planning-fellowship,Complex Family Planning Fellowship,University of Pittsburgh,Obstetrics & Gynaecology,Complex family planning,Not stated on official page,Pennsylvania,Clinical Fellowship,2 years,1 August 2027 for the published cycle,The published 2026 application cycle has closed; confirm the next ERAS and NRMP cycle,"Completed Obstetrics and Gynaecology residency; ERAS, NRMP and institution-specific requirements apply",Check with programme,ACGME-accredited Complex Family Planning pathway,ERAS and NRMP Match,Not stated on official page,Not stated on official page,Not stated on official page,Not stated on official page,1 October 2026,https://www.obgyn.pitt.edu/fellowships/complex-family-planning,pending,
/programs/university-of-pittsburgh-gynecologic-oncology-fellowship,https://thefellowshipportal.com/programs/university-of-pittsburgh-gynecologic-oncology-fellowship,Gynecologic Oncology Fellowship,University of Pittsburgh,Obstetrics & Gynaecology,Gynaecologic oncology,Not stated on official page,Pennsylvania,Clinical Fellowship,3 years,Annual academic intake; confirm exact date with programme,Follow the current ERAS and NRMP Gynecologic Oncology fellowship timeline,"Completed Obstetrics and Gynaecology residency; ERAS, NRMP and institution-specific requirements apply",Check with programme,Listed by the Society of Gynecologic Oncology; confirm current ACGME status,ERAS and NRMP Match,Not stated on official page,Not stated on official page,Not stated on official page,Not stated on official page,1 October 2026,https://www.obgyn.pitt.edu/fellowships/gynecologic-oncology,pending,
/programs/university-of-rochester-complex-family-planning-fellowship,https://thefellowshipportal.com/programs/university-of-rochester-complex-family-planning-fellowship,Complex Family Planning Fellowship,University of Rochester,Obstetrics & Gynaecology,Complex family planning,Not stated on official page,New York,Clinical Fellowship,2 years,1 August 2027 for the published cycle,The published 2026 application cycle has closed; confirm the next ERAS and NRMP cycle,"Completed Obstetrics and Gynaecology residency; ERAS, NRMP and institution-specific requirements apply",Check with programme,ACGME-accredited Complex Family Planning pathway,ERAS and NRMP Match,Not stated on official page,Not stated on official page,Not stated on official page,Not stated on official page,1 October 2026,https://www.urmc.rochester.edu/education/graduate-medical-education/prospective-fellows/complex-family-planning-fellowship,pending,
/programs/university-of-rochester-gynecologic-oncology-fellowship,https://thefellowshipportal.com/programs/university-of-rochester-gynecologic-oncology-fellowship,Gynecologic Oncology Fellowship,University of Rochester,Obstetrics & Gynaecology,Gynaecologic oncology,Not stated on official page,New York,Clinical Fellowship,3 years,Annual academic intake; confirm exact date with programme,Follow the current ERAS and NRMP Gynecologic Oncology fellowship timeline,"Completed Obstetrics and Gynaecology residency; ERAS, NRMP and institution-specific requirements apply",Check with programme,Listed by the Society of Gynecologic Oncology; confirm current ACGME status,ERAS and NRMP Match,Not stated on official page,Not stated on official page,Not stated on official page,Not stated on official page,1 October 2026,https://www.urmc.rochester.edu/education/graduate-medical-education/prospective-fellows/gynecologic-oncology-fellowship-program.aspx,pending,
/programs/university-of-rochester-medical-center-urogynecology-reconstructive-pelvic-surgery-fellowship,https://thefellowshipportal.com/programs/university-of-rochester-medical-center-urogynecology-reconstructive-pelvic-surgery-fellowship,Urogynecology & Reconstructive Pelvic Surgery Fellowship,University of Rochester Medical Center,Obstetrics & Gynaecology,Urogynecology & reconstructive pelvic surgery,Not stated on official page,New York,Clinical Fellowship,3 years for OBGYN pathways; confirm urology-entry options,Early August 2027 for the published cycle; confirm with programme,Not participating in the 2026 ERAS and NRMP cycle; contact the programme,"Completed eligible Obstetrics and Gynaecology or Urology residency; ERAS, NRMP and institution-specific requirements apply",Check with programme,Listed in the American Urogynecologic Society 2026 programme guide; confirm current ACGME status,Contact programme; not in the 2026 ERAS/NRMP cycle,Not stated in the 2026 AUGS guide,Not stated on official page,Not stated on official page,Not stated on official page,1 October 2026,https://www.urmc.rochester.edu/education/graduate-medical-education/prospective-fellows/urogynecology-reconstructive-pelvic-surgery,pending,
/programs/university-of-south-alabama-gynecologic-oncology-fellowship,https://thefellowshipportal.com/programs/university-of-south-alabama-gynecologic-oncology-fellowship,Gynecologic Oncology Fellowship,University of South Alabama,Obstetrics & Gynaecology,Gynaecologic oncology,Not stated on official page,Alabama,Clinical Fellowship,3 years,Annual academic intake; confirm exact date with programme,Follow the current ERAS and NRMP Gynecologic Oncology fellowship timeline,"Completed Obstetrics and Gynaecology residency; ERAS, NRMP and institution-specific requirements apply",Check with programme,Listed by the Society of Gynecologic Oncology; confirm current ACGME status,ERAS and NRMP Match,Not stated on official page,Not stated on official page,Not stated on official page,Not stated on official page,1 October 2026,https://www.southalabama.edu/colleges/com/departments/obgyn/oncology-fellowship.html,pending,
/programs/university-of-south-florida-morsani-college-of-medicine-moffitt-cancer-center-program-gynecologic-oncology-fellowship,https://thefellowshipportal.com/programs/university-of-south-florida-morsani-college-of-medicine-moffitt-cancer-center-program-gynecologic-oncology-fellowship,Gynecologic Oncology Fellowship,University of South Florida Morsani College of Medicine/Moffitt Cancer Center Program,Obstetrics & Gynaecology,Gynaecologic oncology,Not stated on official page,Florida,Clinical Fellowship,3 years,Annual academic intake; confirm exact date with programme,Follow the current ERAS and NRMP Gynecologic Oncology fellowship timeline,"Completed Obstetrics and Gynaecology residency; ERAS, NRMP and institution-specific requirements apply",Check with programme,Listed by the Society of Gynecologic Oncology; confirm current ACGME status,ERAS and NRMP Match,Not stated on official page,Not stated on official page,Not stated on official page,Not stated on official page,1 October 2026,https://www.moffitt.org/education/medical-education/our-training-programs/graduate-medical-education-residency-and-fellowship/gynecologic-oncology/,pending,
/programs/university-of-south-florida-morsani-college-of-medicine-urogynecology-reconstructive-pelvic-surgery-fellowship,https://thefellowshipportal.com/programs/university-of-south-florida-morsani-college-of-medicine-urogynecology-reconstructive-pelvic-surgery-fellowship,Urogynecology & Reconstructive Pelvic Surgery Fellowship,University of South Florida Morsani College of Medicine,Obstetrics & Gynaecology,Urogynecology & reconstructive pelvic surgery,Not stated on official page,Florida,Clinical Fellowship,3 years for OBGYN pathways; confirm urology-entry options,Early August 2027 for the published cycle; confirm with programme,Participated in the 2026 ERAS and NRMP cycle; confirm the next cycle,"Completed eligible Obstetrics and Gynaecology or Urology residency; ERAS, NRMP and institution-specific requirements apply",Check with programme,Listed in the American Urogynecologic Society 2026 programme guide; confirm current ACGME status,ERAS and NRMP Match,1 position in the published 2026 cycle,Not stated on official page,Not stated on official page,Not stated on official page,1 October 2026,https://health.usf.edu/medicine/obgyn/fellowships/pelvic-med/overview,pending,
/programs/university-of-southern-california-complex-family-planning-fellowship,https://thefellowshipportal.com/programs/university-of-southern-california-complex-family-planning-fellowship,Complex Family Planning Fellowship,University of Southern California,Obstetrics & Gynaecology,Complex family planning,Not stated on official page,California,Clinical Fellowship,2 years,1 August 2027 for the published cycle,The published 2026 application cycle has closed; confirm the next ERAS and NRMP cycle,"Completed Obstetrics and Gynaecology residency; ERAS, NRMP and institution-specific requirements apply",Check with programme,ACGME-accredited Complex Family Planning pathway,ERAS and NRMP Match,Not stated on official page,Not stated on official page,Not stated on official page,Not stated on official page,1 October 2026,https://keck.usc.edu/obstetrics-and-gynecology/complex-family-planning-fellowship-program,pending,
/programs/university-of-southern-california-gynecologic-oncology-fellowship,https://thefellowshipportal.com/programs/university-of-southern-california-gynecologic-oncology-fellowship,Gynecologic Oncology Fellowship,University of Southern California,Obstetrics & Gynaecology,Gynaecologic oncology,Not stated on official page,California,Clinical Fellowship,3 years,Annual academic intake; confirm exact date with programme,Follow the current ERAS and NRMP Gynecologic Oncology fellowship timeline,"Completed Obstetrics and Gynaecology residency; ERAS, NRMP and institution-specific requirements apply",Check with programme,Listed by the Society of Gynecologic Oncology; confirm current ACGME status,ERAS and NRMP Match,Not stated on official page,Not stated on official page,Not stated on official page,Not stated on official page,1 October 2026,https://keck.usc.edu/obstetrics-and-gynecology/training-education/fellowship-programs/,pending,
/programs/university-of-southern-california-lac-usc-medical-center-urogynecology-reconstructive-pelvic-surgery-fellowship,https://thefellowshipportal.com/programs/university-of-southern-california-lac-usc-medical-center-urogynecology-reconstructive-pelvic-surgery-fellowship,Urogynecology & Reconstructive Pelvic Surgery Fellowship,University of Southern California / LAC+USC Medical Center,Obstetrics & Gynaecology,Urogynecology & reconstructive pelvic surgery,Not stated on official page,California,Clinical Fellowship,3 years for OBGYN pathways; confirm urology-entry options,Early August 2027 for the published cycle; confirm with programme,Participated in the 2026 ERAS and NRMP cycle; confirm the next cycle,"Completed eligible Obstetrics and Gynaecology or Urology residency; ERAS, NRMP and institution-specific requirements apply",Check with programme,Listed in the American Urogynecologic Society 2026 programme guide; confirm current ACGME status,ERAS and NRMP Match,Not stated in the 2026 AUGS guide,Not stated on official page,Not stated on official page,Not stated on official page,1 October 2026,https://keck.usc.edu/urology/training-education/fellowship-programs/urogynecology-reconstructive-pelvic-surgery-urps-fellowship/,pending,
/programs/university-of-tennessee-west-clinic-cancer-center-gynecologic-oncology-fellowship,https://thefellowshipportal.com/programs/university-of-tennessee-west-clinic-cancer-center-gynecologic-oncology-fellowship,Gynecologic Oncology Fellowship,"University of Tennessee, West Clinic Cancer Center",Obstetrics & Gynaecology,Gynaecologic oncology,Not stated on official page,Tennessee,Clinical Fellowship,3 years,Annual academic intake; confirm exact date with programme,Follow the current ERAS and NRMP Gynecologic Oncology fellowship timeline,"Completed Obstetrics and Gynaecology residency; ERAS, NRMP and institution-specific requirements apply",Check with programme,Listed by the Society of Gynecologic Oncology; confirm current ACGME status,ERAS and NRMP Match,Not stated on official page,Not stated on official page,Not stated on official page,Not stated on official page,1 October 2026,https://uthsc.edu/ob-gyn/gynecologic/fellowship/index.php,pending,
/programs/university-of-texas-at-austin-dell-medical-school-urogynecology-reconstructive-pelvic-surgery-fellowship,https://thefellowshipportal.com/programs/university-of-texas-at-austin-dell-medical-school-urogynecology-reconstructive-pelvic-surgery-fellowship,Urogynecology & Reconstructive Pelvic Surgery Fellowship,University of Texas at Austin Dell Medical School,Obstetrics & Gynaecology,Urogynecology & reconstructive pelvic surgery,Not stated on official page,Texas,Clinical Fellowship,3 years for OBGYN pathways; confirm urology-entry options,Early August 2027 for the published cycle; confirm with programme,Participated in the 2026 ERAS and NRMP cycle; confirm the next cycle,"Completed eligible Obstetrics and Gynaecology or Urology residency; ERAS, NRMP and institution-specific requirements apply",Check with programme,Listed in the American Urogynecologic Society 2026 programme guide; confirm current ACGME status,ERAS and NRMP Match,1 position in the published 2026 cycle,Not stated on official page,Not stated on official page,Not stated on official page,1 October 2026,https://dellmed.utexas.edu/education/academics/graduate-medical-education/female-pelvic-medicine-and-reconstructive-surgery-fellowship,pending,
/programs/university-of-texas-hsc-san-antonio-gynecologic-oncology-fellowship,https://thefellowshipportal.com/programs/university-of-texas-hsc-san-antonio-gynecologic-oncology-fellowship,Gynecologic Oncology Fellowship,University of Texas HSC San Antonio,Obstetrics & Gynaecology,Gynaecologic oncology,Not stated on official page,Texas,Clinical Fellowship,3 years,Annual academic intake; confirm exact date with programme,Follow the current ERAS and NRMP Gynecologic Oncology fellowship timeline,"Completed Obstetrics and Gynaecology residency; ERAS, NRMP and institution-specific requirements apply",Check with programme,Listed by the Society of Gynecologic Oncology; confirm current ACGME status,ERAS and NRMP Match,Not stated on official page,Not stated on official page,Not stated on official page,Not stated on official page,1 October 2026,https://lsom.uthscsa.edu/obgyn/education/fellowship-in-gynecologic-oncology/,pending,
/programs/university-of-texas-md-anderson-cancer-center-gynecologic-oncology-fellowship,https://thefellowshipportal.com/programs/university-of-texas-md-anderson-cancer-center-gynecologic-oncology-fellowship,Gynecologic Oncology Fellowship,"University of Texas, MD Anderson Cancer Center",Obstetrics & Gynaecology,Gynaecologic oncology,Not stated on official page,Texas,Clinical Fellowship,3 years,Annual academic intake; confirm exact date with programme,Follow the current ERAS and NRMP Gynecologic Oncology fellowship timeline,"Completed Obstetrics and Gynaecology residency; ERAS, NRMP and institution-specific requirements apply",Check with programme,Listed by the Society of Gynecologic Oncology; confirm current ACGME status,ERAS and NRMP Match,Not stated on official page,Not stated on official page,Not stated on official page,Not stated on official page,1 October 2026,https://www.mdanderson.org/education-training/clinical-research-training/graduate-medical-education/residencies-fellowships/gynecologic-oncology.html,pending,
/programs/university-of-texas-medical-branch-urogynecology-reconstructive-pelvic-surgery-fellowship,https://thefellowshipportal.com/programs/university-of-texas-medical-branch-urogynecology-reconstructive-pelvic-surgery-fellowship,Urogynecology & Reconstructive Pelvic Surgery Fellowship,University of Texas Medical Branch,Obstetrics & Gynaecology,Urogynecology & reconstructive pelvic surgery,Not stated on official page,Texas,Clinical Fellowship,3 years for OBGYN pathways; confirm urology-entry options,Early August 2027 for the published cycle; confirm with programme,Participated in the 2026 ERAS and NRMP cycle; confirm the next cycle,"Completed eligible Obstetrics and Gynaecology or Urology residency; ERAS, NRMP and institution-specific requirements apply",Check with programme,Listed in the American Urogynecologic Society 2026 programme guide; confirm current ACGME status,ERAS and NRMP Match,1 position in the published 2026 cycle,Not stated on official page,Not stated on official page,Not stated on official page,1 October 2026,https://www.utmb.edu/obgyn/educationhome/female-pelvic-medicine-and-reconstructive-surgery-fellowship,pending,
/programs/university-of-texas-southwestern-medical-center-gynecologic-oncology-fellowship,https://thefellowshipportal.com/programs/university-of-texas-southwestern-medical-center-gynecologic-oncology-fellowship,Gynecologic Oncology Fellowship,University of Texas Southwestern Medical Center,Obstetrics & Gynaecology,Gynaecologic oncology,Not stated on official page,Texas,Clinical Fellowship,3 years,Annual academic intake; confirm exact date with programme,Follow the current ERAS and NRMP Gynecologic Oncology fellowship timeline,"Completed Obstetrics and Gynaecology residency; ERAS, NRMP and institution-specific requirements apply",Check with programme,Listed by the Society of Gynecologic Oncology; confirm current ACGME status,ERAS and NRMP Match,Not stated on official page,Not stated on official page,Not stated on official page,Not stated on official page,1 October 2026,"https://www.utsouthwestern.edu/education/medical-school/departments/obstetrics-gynecology/divisions/gynecologic-oncology/fellowship/#:~:text=The%20Gynecologic%20Oncology%20Fellowship%20is,is%20accredited%20by%20the%20TMB.",pending,
/programs/university-of-utah-complex-family-planning-fellowship,https://thefellowshipportal.com/programs/university-of-utah-complex-family-planning-fellowship,Complex Family Planning Fellowship,University of Utah,Obstetrics & Gynaecology,Complex family planning,Not stated on official page,Utah,Clinical Fellowship,2 years,1 August 2027 for the published cycle,The published 2026 application cycle has closed; confirm the next ERAS and NRMP cycle,"Completed Obstetrics and Gynaecology residency; ERAS, NRMP and institution-specific requirements apply",Check with programme,ACGME-accredited Complex Family Planning pathway,ERAS and NRMP Match,Not stated on official page,Not stated on official page,Not stated on official page,Not stated on official page,1 October 2026,https://medicine.utah.edu/obgyn/academics-education/fellowship-family-planning,pending,
/programs/university-of-virginia-gynecologic-oncology-fellowship,https://thefellowshipportal.com/programs/university-of-virginia-gynecologic-oncology-fellowship,Gynecologic Oncology Fellowship,University of Virginia,Obstetrics & Gynaecology,Gynaecologic oncology,Not stated on official page,Virginia,Clinical Fellowship,3 years,Annual academic intake; confirm exact date with programme,Follow the current ERAS and NRMP Gynecologic Oncology fellowship timeline,"Completed Obstetrics and Gynaecology residency; ERAS, NRMP and institution-specific requirements apply",Check with programme,Listed by the Society of Gynecologic Oncology; confirm current ACGME status,ERAS and NRMP Match,Not stated on official page,Not stated on official page,Not stated on official page,Not stated on official page,1 October 2026,https://med.virginia.edu/obgyn/programs/oncology-fellowship/,pending,
/programs/university-of-washington-complex-family-planning-fellowship,https://thefellowshipportal.com/programs/university-of-washington-complex-family-planning-fellowship,Complex Family Planning Fellowship,University of Washington,Obstetrics & Gynaecology,Complex family planning,Not stated on official page,Washington,Clinical Fellowship,2 years,1 August 2027 for the published cycle,The published 2026 application cycle has closed; confirm the next ERAS and NRMP cycle,"Completed Obstetrics and Gynaecology residency; ERAS, NRMP and institution-specific requirements apply",Check with programme,ACGME-accredited Complex Family Planning pathway,ERAS and NRMP Match,Not stated on official page,Not stated on official page,Not stated on official page,Not stated on official page,1 October 2026,https://obgyn.uw.edu/divisions/complex-family-planning,pending,
/programs/university-of-washington-gynecologic-oncology-fellowship,https://thefellowshipportal.com/programs/university-of-washington-gynecologic-oncology-fellowship,Gynecologic Oncology Fellowship,University of Washington,Obstetrics & Gynaecology,Gynaecologic oncology,"Department of Obstetrics and Gynecology, University of Washington School of Medicine",Washington,Clinical Fellowship,"3 years (12 months research + 24 months clinical); a 4-year clinician-scientist track (24 months research, T32-supported, + 24 months clinical) is also offered",Not stated on official page,2026 cycle (SGO common dates): ERAS deadline Monday 6 April 2026; in-person interviews 12 June and 17 July 2026. Next cycle not yet posted.,US citizen or permanent resident who has completed an ACGME-accredited Obstetrics and Gynecology residency by the fellowship start date,Not accepted: applicants must be US citizens or permanent residents; H-1B and J-1 visa holders cannot be accepted (T32 funding requirements),Listed by the Society of Gynecologic Oncology; confirm current ACGME status,ERAS application plus programme supplemental questions; ERAS and NRMP Match,Not stated on official page,Salary and benefits per UW Graduate Medical Education; four-year track research years supported by a T32 grant shared with Fred Hutchinson Cancer Center,None: applications from H-1B and J-1 visa holders cannot be accepted,Not stated on official page,3 October 2026,https://obgyn.uw.edu/education/fellowships/gynecologic-oncology,updated,Original URL redirected to the department homepage; replaced with current programme page. Three-year and new four-year (T32) tracks offered.
/programs/university-of-wisconsin-gynecologic-oncology-fellowship,https://thefellowshipportal.com/programs/university-of-wisconsin-gynecologic-oncology-fellowship,Gynecologic Oncology Fellowship,University of Wisconsin,Obstetrics & Gynaecology,Gynaecologic oncology,"Department of Obstetrics and Gynecology, University of Wisconsin School of Medicine and Public Health",Wisconsin,Clinical Fellowship,3 years (1 research year followed by 2 clinical years),Not stated on official page,2026 cycle: ERAS deadline 6 April 2026; interview invitations 11 May 2026; interviews 30 July and 6 August 2026. Next cycle not yet posted.,"Completed Obstetrics and Gynaecology residency; ERAS application with three letters (incl. SGO SLOE and residency PD), personal statement, MSPE, USMLE/COMLEX scores, transcripts/diploma, photo, ECFMG status report if applicable",No explicit policy; application requirements include an ECFMG Status Report (if applicable),ACGME,ERAS and NRMP Match,Not stated on official page,Salary and benefits per UW School of Medicine and Public Health GME Office,Not stated on official page,Not stated on official page,3 October 2026,https://www.obgyn.wisc.edu/fellowship/gyn-onc | https://www.obgyn.wisc.edu/fellowship/gyn-onc-applications,updated,
/programs/university-of-wisconsin-urogynecology-reconstructive-pelvic-surgery-fellowship,https://thefellowshipportal.com/programs/university-of-wisconsin-urogynecology-reconstructive-pelvic-surgery-fellowship,Urogynecology & Reconstructive Pelvic Surgery Fellowship,University of Wisconsin,Obstetrics & Gynaecology,Urogynecology & reconstructive pelvic surgery,"Department of Obstetrics and Gynecology, University of Wisconsin School of Medicine and Public Health",Wisconsin,Clinical Fellowship,3 years for Obstetrics and Gynecology graduates; 2 or 3 years for Urology graduates,Early August 2027 for the published cycle; confirm with programme,2026 cycle: ERAS deadline 26 January 2026; first-round interview invites 17 February 2026; interviews 2 and 9 April 2026. Next cycle not yet posted.,"Completed an ACGME-accredited Obstetrics and Gynecology or Urology residency in good standing, or OBGYN/Urology training in an RCPSC-accredited programme in Canada",No explicit policy; application requirements include an ECFMG Status Report (if applicable),ACGME,ERAS and NRMP Match,1 per year,Not stated on official page,Not stated on official page,Not stated on official page,3 October 2026,https://www.obgyn.wisc.edu/fellowship/urogynecology | https://www.obgyn.wisc.edu/fellowship/urogyn-apply,updated,
/programs/upmc-urogynecology-reconstructive-pelvic-surgery-fellowship,https://thefellowshipportal.com/programs/upmc-urogynecology-reconstructive-pelvic-surgery-fellowship,Urogynecology & Reconstructive Pelvic Surgery Fellowship,UPMC,Obstetrics & Gynaecology,Urogynecology & reconstructive pelvic surgery,"Department of Obstetrics, Gynecology and Reproductive Sciences, University of Pittsburgh / UPMC Magee-Womens Hospital",Pennsylvania,Clinical Fellowship,3 years for Obstetrics and Gynecology residents; 2 years for Urology residents,Early August 2027 for the published cycle; confirm with programme,ERAS December cycle; 26 January application deadline for first-round interviews (AUGS key dates); first-round offers 17 February; interviews April/May,Graduate of an ACGME-accredited residency in Obstetrics and Gynecology or Urology,Not stated on official page,ACGME,"ERAS (SLOE from urogynecology, SLOE from residency PD, plus 1 additional letter) and NRMP Match",2 per year (6 fellows total),Not stated on official page,Not stated on official page,Not stated on official page,3 October 2026,https://www.obgyn.pitt.edu/fellowships | https://www.obgyn.pitt.edu/fellowships/urogynecology-and-reconstructive-pelvic-surgery,updated,Added programme-specific page.
/programs/urogynecology-reconstructive-pelvic-surgery-fellowship-stanford,https://thefellowshipportal.com/programs/urogynecology-reconstructive-pelvic-surgery-fellowship-stanford,Urogynecology & Reconstructive Pelvic Surgery Fellowship,Stanford Medicine,Obstetrics & Gynaecology,Urogynaecology,"Division of Gynecology, Department of Obstetrics & Gynecology (joint with Stanford Urology)",California,Clinical Fellowship,2 years,Annual academic intake,"Recruitment alternates by year (2025: gynecology fellow, last posted interview date 18 April 2025; 2026: urology fellow). Next cycle not posted.",Completed eligible Obstetrics and Gynaecology or Urology training; accreditation requirements apply,Not stated on official page,ACGME (ABU/ABOG),Not stated on official page,"1 fellow per year, alternating: OBGYN-trained fellow recruited in odd years, urology-trained fellow in even years",Not stated on official page,Not stated on official page,Not stated on official page,3 October 2026,https://med.stanford.edu/obgyn/divisions/gyn/fellowships.html,updated,
/programs/vanderbilt-adult-cardiothoracic-anesthesia,https://thefellowshipportal.com/programs/vanderbilt-adult-cardiothoracic-anesthesia,Adult Cardiothoracic Anesthesia Fellowship,Vanderbilt University Medical Center,Anaesthesiology,Adult cardiothoracic anaesthesia,"Department of Anesthesiology, Vanderbilt University Medical Center",Tennessee,Clinical Fellowship,1 year,Not stated on official page,Applications via SF Match accepted from November through 31 January,Not stated on official page,Institutional GME requirement: holders of a foreign medical degree need a valid ECFMG certificate; no programme-specific policy stated,ACGME,SF Match,5 per year,Salary not stated; CME budget provided for conference attendance,Not stated on programme page; VUMC GME appointment requirements state foreign nationals must hold a valid J-1 or H-1B visa,Not stated on official page,3 October 2026,https://www.vumc.org/anesthesiology/cardiothoracic-fellowship,updated,
/programs/vanderbilt-critical-care-medicine,https://thefellowshipportal.com/programs/vanderbilt-critical-care-medicine,Anesthesiology Critical Care Medicine Fellowship,Vanderbilt University Medical Center,Anaesthesiology,Critical care anaesthesia,"Department of Anesthesiology, Vanderbilt University Medical Center",Tennessee,Clinical Fellowship,1–2 years,Not stated on official page,SF Match; application registration opens in November,"The page accepts applications from anesthesiology residents, emergency-medicine residents and PGY-3 surgery residents.",Institutional GME requirement: holders of a foreign medical degree need a valid ECFMG certificate; no programme-specific policy stated,ACGME,SF Match,Not stated on official page,Not stated on official page,Not stated on programme page; VUMC GME appointment requirements state foreign nationals must hold a valid J-1 or H-1B visa,Not stated on official page,3 October 2026,https://www.vumc.org/anesthesiology/anesthesiology-critical-care-medicine-fellowship,updated,
/programs/vanderbilt-global-anesthesiology,https://thefellowshipportal.com/programs/vanderbilt-global-anesthesiology,Global Anesthesiology Fellowship,Vanderbilt University Medical Center,Anaesthesiology,Global health equity,"Department of Anesthesiology, Vanderbilt University Medical Center",Tennessee,Combined Fellowship,1–2 years; the two-year option can include an MPH,Not stated on official page,Not stated on official page,Completed approved internship and ACGME-accredited anesthesiology residency before starting; board eligible or board certified.,Institutional GME requirement: holders of a foreign medical degree need a valid ECFMG certificate; no programme-specific policy stated,"Non-ACGME, as listed in the departmental fellowship index.",Use the downloadable programme application; contact the programme administrator.,Not stated on official page,"Salary equivalent to Clinical Instructor rank over 12 months; relocation allowance $2,000 single/$3,000 family; CME fund; supported by the Department of Anesthesiology and research funding",Not stated on programme page; VUMC GME appointment requirements state foreign nationals must hold a valid J-1 or H-1B visa,Not stated on official page,3 October 2026,https://www.vumc.org/anesthesiology/global-anesthesiology-fellowship,updated,
/programs/vanderbilt-neuroanesthesiology,https://thefellowshipportal.com/programs/vanderbilt-neuroanesthesiology,Neuroanesthesiology Fellowship,Vanderbilt University Medical Center,Anaesthesiology,Neuroanaesthesia,"Department of Anesthesiology, Vanderbilt University Medical Center",Tennessee,Clinical Instructorship,1 year,Not stated on official page,Not stated on official page,"Completed an ACGME-accredited anesthesiology residency, or current anesthesiology resident in good standing completing residency before the start date; must be able to obtain a Tennessee medical licence",Institutional GME requirement: holders of a foreign medical degree need a valid ECFMG certificate; no programme-specific policy stated,ICPNT,Submit the programme application and supporting documents directly to the administrator.,1 per year,Not stated on official page,Not stated on programme page; VUMC GME appointment requirements state foreign nationals must hold a valid J-1 or H-1B visa,Eligible to practise medicine in Tennessee.,3 October 2026,https://www.vumc.org/anesthesiology/neuroanesthesiology-fellowship,updated,
/programs/vanderbilt-perioperative-medicine,https://thefellowshipportal.com/programs/vanderbilt-perioperative-medicine,Perioperative Medicine Fellowship,Vanderbilt University Medical Center,Anaesthesiology,Perioperative medicine,"Department of Anesthesiology, Vanderbilt University Medical Center",Tennessee,Clinical Fellowship,1 year,Not stated on official page,Not stated on official page,Complete an ACGME-accredited anesthesiology or general-surgery residency before the fellowship.,Institutional GME requirement: holders of a foreign medical degree need a valid ECFMG certificate; no programme-specific policy stated,"Non-ACGME, as listed in the departmental fellowship index.",Direct application to the programme administrator. The dedicated page retains 2020/2021 application-year text; confirm the current intake and process with the programme.,Up to 4 per year,Not stated on official page,Not stated on programme page; VUMC GME appointment requirements state foreign nationals must hold a valid J-1 or H-1B visa,Not stated on official page,3 October 2026,https://www.vumc.org/anesthesiology/perioperative-medicine-fellowship,updated,Programme page still advertises 2020/2021 intakes; no current cycle posted.
/programs/vanderbilt-regional-anesthesia-acute-pain,https://thefellowshipportal.com/programs/vanderbilt-regional-anesthesia-acute-pain,Regional Anesthesia and Acute Pain Medicine Fellowship,Vanderbilt University Medical Center,Anaesthesiology,Regional anaesthesia & acute pain,"Department of Anesthesiology, Vanderbilt University Medical Center",Tennessee,Clinical Fellowship,1 year,Not stated on official page,Not stated on official page,Not stated on official page,Institutional GME requirement: holders of a foreign medical degree need a valid ECFMG certificate; no programme-specific policy stated,ACGME,SF Match,3 per year,"Salary over $80,000 per year (PGY-5 scale, updated annually by VUMC GME) plus CME and conference stipends; standard GME benefits; moonlighting available",Not stated on programme page; VUMC GME appointment requirements state foreign nationals must hold a valid J-1 or H-1B visa,Tennessee medical licence required for moonlighting,3 October 2026,https://www.vumc.org/anesthesiology/regional-anesthesia-and-acute-pain-medicine-fellowship,updated,
/programs/vanderbilt-university-gynecologic-oncology-fellowship,https://thefellowshipportal.com/programs/vanderbilt-university-gynecologic-oncology-fellowship,Gynecologic Oncology Fellowship,Vanderbilt University,Obstetrics & Gynaecology,Gynaecologic oncology,"Department of Obstetrics and Gynecology, Vanderbilt University Medical Center",Tennessee,Clinical Fellowship,"3 years (first year primarily research, years 2-3 clinical)",Not stated on official page,2026 cycle (SGO guidelines): ERAS deadline 6 April 2026; interview offers 11 May 2026; virtual interviews 17 July and 28 August 2026. Next cycle not yet posted.,Completed an ACGME- or AOA-accredited Obstetrics and Gynecology residency in good standing,Institutional GME requirement: holders of a foreign medical degree need a valid ECFMG certificate; no programme-specific policy stated,ACGME,ERAS (including SGO Gynecologic Oncologist SLOE) and NRMP Match,1 per year,Not stated on official page,Not stated on programme page; VUMC GME appointment requirements state foreign nationals must hold a valid J-1 or H-1B visa,Not stated on official page,3 October 2026,https://www.vumc.org/obgyn/fellowships,updated,
/programs/vanderbilt-university-medical-center-urogynecology-reconstructive-pelvic-surgery-fellowship,https://thefellowshipportal.com/programs/vanderbilt-university-medical-center-urogynecology-reconstructive-pelvic-surgery-fellowship,Urogynecology & Reconstructive Pelvic Surgery Fellowship,Vanderbilt University Medical Center,Obstetrics & Gynaecology,Urogynecology & reconstructive pelvic surgery,"Department of Obstetrics and Gynecology, Vanderbilt University Medical Center",Tennessee,Clinical Fellowship,3 years for OBGYN pathways; confirm urology-entry options,Early August 2027 for the published cycle; confirm with programme,Participated in the 2026 ERAS and NRMP cycle; confirm the next cycle,"Completed eligible Obstetrics and Gynaecology or Urology residency; ERAS, NRMP and institution-specific requirements apply",Institutional GME requirement: holders of a foreign medical degree need a valid ECFMG certificate; no programme-specific policy stated,ACGME (since 2013); recognised by AUGS,ERAS and NRMP Match,1 position in the published 2026 cycle,Not stated on official page,Not stated on programme page; VUMC GME appointment requirements state foreign nationals must hold a valid J-1 or H-1B visa,Not stated on official page,3 October 2026,https://www.vumc.org/obgyn/fellowships/urogynecology-and-reconstructive-pelvic-surgery,updated,Page states the programme historically took one Urology and one OBGYN fellow per year; since 2023 a separate OBGYN fellowship. Deadline/start not on page.
/programs/vision-rehabilitation-fellowship-wilmer,https://thefellowshipportal.com/programs/vision-rehabilitation-fellowship-wilmer,Vision Rehabilitation Fellowship,Johns Hopkins Medicine,Ophthalmology,Low vision & rehabilitation,Wilmer Eye Institute,Maryland,Advanced Training Programme,1 year,1 July,See the current official application cycle,Ophthalmologists or optometrists with a strong foundation in primary eye care,Limited,Johns Hopkins Graduate Medical Education Committee,Direct application to Wilmer,Not stated on the official page,Not stated on the official page,Check with programme,US licensure required for interview consideration,1 October 2026,https://www.hopkinsmedicine.org/wilmer/education/clinical-training/fellowships/vision-rehabilitation,not_researched,
/programs/vision-research-training-program-stanford,https://thefellowshipportal.com/programs/vision-research-training-program-stanford,NEI T32 Vision Research Training Program,Stanford Medicine,Ophthalmology,Clinical research,Department of Ophthalmology,California,Postdoctoral Fellowship,1 year,By arrangement,See the current official application cycle,"Completed MD, PhD or equivalent doctorate plus US citizenship or permanent residence and a Stanford vision-research mentor",Limited,National Eye Institute T32,Direct programme application,Three scholars stated,NEI NRSA institutional training grant,Not available under the stated citizenship and permanent-residence eligibility,"Clinical duties, if any, require applicable eligibility",1 October 2026,https://med.stanford.edu/ophthalmology/research/grants.html,not_researched,
/programs/vitreoretinal-surgery-fellowship-stanford,https://thefellowshipportal.com/programs/vitreoretinal-surgery-fellowship-stanford,Vitreoretinal Surgery Fellowship,Stanford Medicine,Ophthalmology,Vitreoretinal surgery,Department of Ophthalmology,California,Clinical Fellowship,2 years,Annual academic intake,Follow the current SF Match timeline,Completed ophthalmology residency; SF Match and institutional requirements apply,Check with programme,AUPO-compliant fellowship,SF Match plus programme materials,Four fellows trained concurrently,Not stated on the official page,Check with programme,California clinical appointment requirements apply,1 October 2026,https://med.stanford.edu/ophthalmology/education/fellowships---advanced-training/vitreoretinal_surgery_fellowship.html,not_researched,
/programs/wake-forest-university-gynecologic-oncology-fellowship,https://thefellowshipportal.com/programs/wake-forest-university-gynecologic-oncology-fellowship,Gynecologic Oncology Fellowship,Wake Forest University,Obstetrics & Gynaecology,Gynaecologic oncology,Not stated on official page,North Carolina,Clinical Fellowship,3 years,Annual academic intake; confirm exact date with programme,Follow the current ERAS and NRMP Gynecologic Oncology fellowship timeline,"Completed Obstetrics and Gynaecology residency; ERAS, NRMP and institution-specific requirements apply",Check with programme,Listed by the Society of Gynecologic Oncology; confirm current ACGME status,ERAS and NRMP Match,Not stated on official page,Not stated on official page,Not stated on official page,Not stated on official page,1 October 2026,https://school.wakehealth.edu/Education-and-Training/Residencies-and-Fellowships/Gynecologic-Oncology-Fellowship,not_researched,
/programs/wake-forest-university-urogynecology-reconstructive-pelvic-surgery-fellowship,https://thefellowshipportal.com/programs/wake-forest-university-urogynecology-reconstructive-pelvic-surgery-fellowship,Urogynecology & Reconstructive Pelvic Surgery Fellowship,Wake Forest University,Obstetrics & Gynaecology,Urogynecology & reconstructive pelvic surgery,Not stated on official page,North Carolina,Clinical Fellowship,3 years for OBGYN pathways; confirm urology-entry options,Early August 2027 for the published cycle; confirm with programme,Participated in the 2026 ERAS and NRMP cycle; confirm the next cycle,"Completed eligible Obstetrics and Gynaecology or Urology residency; ERAS, NRMP and institution-specific requirements apply",Check with programme,Listed in the American Urogynecologic Society 2026 programme guide; confirm current ACGME status,ERAS and NRMP Match,1 position in the published 2026 cycle,Not stated on official page,Not stated on official page,Not stated on official page,1 October 2026,https://school.wakehealth.edu/education-and-training/residencies-and-fellowships/female-pelvic-medicine-reconstructive-surgery-fellowship,not_researched,
/programs/washington-adult-cardiothoracic-anesthesiology,https://thefellowshipportal.com/programs/washington-adult-cardiothoracic-anesthesiology,Adult Cardiothoracic Anesthesiology Fellowship,University of Washington,Anaesthesiology,Adult cardiothoracic anaesthesia,Not stated on official page,Washington,Clinical Fellowship,1 year,Confirm current intake with the programme,Confirm current intake with the programme,Not stated on official page,Check with programme,ACGME,"SF Match, with additional documents submitted directly to the programme.",Not stated on official page,Salary follows the UW GME schedule.,Not stated on official page,Not stated on official page,1 October 2026,https://anesthesiology.uw.edu/education/fellowship-program/adult-cardiothoracic-anesthesiology-fellowship/,not_researched,
/programs/washington-critical-care-medicine,https://thefellowshipportal.com/programs/washington-critical-care-medicine,Critical Care Medicine Fellowship,University of Washington,Anaesthesiology,Critical care anaesthesia,Not stated on official page,Washington,Clinical Fellowship,1 year; a two-year emergency-medicine pathway is offered,Confirm current intake with the programme,Confirm current intake with the programme,"Applicants require qualifying accredited residency training; the page invites anesthesiology, emergency medicine, obstetrics and surgical graduates. Washington licence eligibility and US work authorization are required.",Check with programme,ACGME,SF Match,Not stated on official page,Salary follows the UW GME schedule.,Not stated on official page,Eligible for a Washington State provider licence.,1 October 2026,https://anesthesiology.uw.edu/education/fellowship-program/critical-care-medicine/,not_researched,
/programs/washington-liver-transplant-anesthesiology,https://thefellowshipportal.com/programs/washington-liver-transplant-anesthesiology,Liver Transplant Anesthesiology Fellowship,University of Washington,Anaesthesiology,Liver transplant anaesthesia,Not stated on official page,Washington,Clinical Instructorship,1 year,Confirm current intake with the programme,Confirm current intake with the programme,Not stated on official page,Check with programme,Non-ACGME,See official programme page,1–2 per year,Not stated on official page,Not stated on official page,Not stated on official page,1 October 2026,https://anesthesiology.uw.edu/education/fellowship-program/liver-transplant-anesthesia-fellowship/,not_researched,
/programs/washington-neuroanesthesiology,https://thefellowshipportal.com/programs/washington-neuroanesthesiology,Neuroanesthesiology Fellowship,University of Washington,Anaesthesiology,Neuroanaesthesia,Not stated on official page,Washington,Clinical Instructorship,1 year,Confirm current intake with the programme,Confirm current intake with the programme,"Application requires a current medical licence, all three USMLE steps and ECFMG documentation if applicable.",Check with programme,ICPNT; non-ACGME,Direct faculty-fellowship application and supporting documents to the programme administrator.,2 per year,Not stated on official page,Not stated on official page,Not stated on official page,1 October 2026,https://anesthesiology.uw.edu/education/fellowship-program/neuroanesthesiology/,not_researched,
/programs/washington-obstetric-anesthesiology,https://thefellowshipportal.com/programs/washington-obstetric-anesthesiology,Obstetric Anesthesiology Fellowship,University of Washington,Anaesthesiology,Obstetric anaesthesia,Not stated on official page,Washington,Clinical Fellowship,1 year,Confirm current intake with the programme,Confirm current intake with the programme,Not stated on official page,Check with programme,ACGME,See official programme page,Not stated on official page,Not stated on official page,Not stated on official page,Not stated on official page,1 October 2026,https://anesthesiology.uw.edu/education/fellowship-program/obstetric-anesthesiology-fellowship/,not_researched,
/programs/washington-pediatric-regional-anesthesiology,https://thefellowshipportal.com/programs/washington-pediatric-regional-anesthesiology,Pediatric Regional Anesthesiology Fellowship,University of Washington,Anaesthesiology,Regional anaesthesia & acute pain,Not stated on official page,Washington,Clinical Instructorship,1 year,Confirm current intake with the programme,Confirm current intake with the programme,Completed an ACGME pediatric-anesthesia fellowship or equivalent training; international medical graduates must pass all three USMLE steps.,Check with programme,Not stated on official page,Official faculty-fellowship application and supporting documents.,Not stated on official page,Not stated on official page,Not stated on official page,Not stated on official page,1 October 2026,https://anesthesiology.uw.edu/education/fellowship-program/pediatric-regional-anesthesiology-fellowship/,not_researched,
/programs/washington-t32-anesthesiology-research,https://thefellowshipportal.com/programs/washington-t32-anesthesiology-research,T32 Research Fellowship,University of Washington,Anaesthesiology,Clinical research,Not stated on official page,Washington,Research Fellowship,At least 2 years; extension to a third year is possible,Confirm current intake with the programme,Confirm current intake with the programme,MD or comparable degree from an accredited domestic or foreign institution; US citizenship or permanent residency required.,Limited,Not stated on official page,See official programme page,3 supported positions; typically 1–2 openings annually.,NIH training-grant salary uses the NIH scale according to prior training.,Not stated on official page,Not stated on official page,1 October 2026,https://anesthesiology.uw.edu/education/fellowship-program/t32-research-fellowship/,not_researched,
/programs/washington-trauma-anesthesiology,https://thefellowshipportal.com/programs/washington-trauma-anesthesiology,Trauma Anesthesiology Fellowship,University of Washington,Anaesthesiology,Trauma anaesthesia,Not stated on official page,Washington,Clinical Instructorship,12 months; two additional orientation months are recommended for fellows new to US practice,Confirm current intake with the programme,Confirm current intake with the programme,"Foreign graduates must document an accepted medical school, anesthesiology residency and unrestricted licence in their country of residence. Application includes USMLE steps 1–3 and ECFMG documentation when applicable.",Check with programme,Non-ACGME,Direct application to the programme administrator.,Not stated on official page,Not stated on official page,"H-1B sponsorship may be offered in limited, exceptional cases for highly qualified candidates.",Not stated on official page,1 October 2026,https://anesthesiology.uw.edu/education/fellowship-program/trauma-anesthesiology-fellowship/,not_researched,
/programs/washington-university-in-st-louis-complex-family-planning-fellowship,https://thefellowshipportal.com/programs/washington-university-in-st-louis-complex-family-planning-fellowship,Complex Family Planning Fellowship,Washington University in St. Louis,Obstetrics & Gynaecology,Complex family planning,Not stated on official page,Missouri,Clinical Fellowship,2 years,1 August 2027 for the published cycle,The published 2026 application cycle has closed; confirm the next ERAS and NRMP cycle,"Completed Obstetrics and Gynaecology residency; ERAS, NRMP and institution-specific requirements apply",Check with programme,ACGME-accredited Complex Family Planning pathway,ERAS and NRMP Match,Not stated on official page,Not stated on official page,Not stated on official page,Not stated on official page,1 October 2026,https://obgyn.wustl.edu/education/fellowships/family-planning-fellowship/,not_researched,
/programs/washington-university-in-st-louis-gynecologic-oncology-fellowship,https://thefellowshipportal.com/programs/washington-university-in-st-louis-gynecologic-oncology-fellowship,Gynecologic Oncology Fellowship,Washington University in St. Louis,Obstetrics & Gynaecology,Gynaecologic oncology,Not stated on official page,Missouri,Clinical Fellowship,3 years,Annual academic intake; confirm exact date with programme,Follow the current ERAS and NRMP Gynecologic Oncology fellowship timeline,"Completed Obstetrics and Gynaecology residency; ERAS, NRMP and institution-specific requirements apply",Check with programme,Listed by the Society of Gynecologic Oncology; confirm current ACGME status,ERAS and NRMP Match,Not stated on official page,Not stated on official page,Not stated on official page,Not stated on official page,1 October 2026,https://obgyn.wustl.edu/education/fellowships/gynecologic-oncology-fellowship/,not_researched,
/programs/washington-university-in-st-louis-urogynecology-reconstructive-pelvic-surgery-fellowship,https://thefellowshipportal.com/programs/washington-university-in-st-louis-urogynecology-reconstructive-pelvic-surgery-fellowship,Urogynecology & Reconstructive Pelvic Surgery Fellowship,Washington University in St. Louis,Obstetrics & Gynaecology,Urogynecology & reconstructive pelvic surgery,Not stated on official page,Missouri,Clinical Fellowship,3 years for OBGYN pathways; confirm urology-entry options,Early August 2027 for the published cycle; confirm with programme,Participated in the 2026 ERAS and NRMP cycle; confirm the next cycle,"Completed eligible Obstetrics and Gynaecology or Urology residency; ERAS, NRMP and institution-specific requirements apply",Check with programme,Listed in the American Urogynecologic Society 2026 programme guide; confirm current ACGME status,ERAS and NRMP Match,1 position in the published 2026 cycle,Not stated on official page,Not stated on official page,Not stated on official page,1 October 2026,https://obgyn.wustl.edu/education/fellowships/female-pelvic-medicine-and-reconstructive-surgery-fellowship/,not_researched,
/programs/wayne-state-university-gynecologic-oncology-fellowship,https://thefellowshipportal.com/programs/wayne-state-university-gynecologic-oncology-fellowship,Gynecologic Oncology Fellowship,Wayne State University,Obstetrics & Gynaecology,Gynaecologic oncology,Not stated on official page,Michigan,Clinical Fellowship,3 years,Annual academic intake; confirm exact date with programme,Follow the current ERAS and NRMP Gynecologic Oncology fellowship timeline,"Completed Obstetrics and Gynaecology residency; ERAS, NRMP and institution-specific requirements apply",Check with programme,Listed by the Society of Gynecologic Oncology; confirm current ACGME status,ERAS and NRMP Match,Not stated on official page,Not stated on official page,Not stated on official page,Not stated on official page,1 October 2026,https://obgyn.med.wayne.edu/fellowships/gyn-onc,not_researched,
/programs/weill-cornell-complex-family-planning-fellowship,https://thefellowshipportal.com/programs/weill-cornell-complex-family-planning-fellowship,Complex Family Planning Fellowship,Weill Cornell,Obstetrics & Gynaecology,Complex family planning,Not stated on official page,New York,Clinical Fellowship,2 years,1 August 2027 for the published cycle,The published 2026 application cycle has closed; confirm the next ERAS and NRMP cycle,"Completed Obstetrics and Gynaecology residency; ERAS, NRMP and institution-specific requirements apply",Check with programme,ACGME-accredited Complex Family Planning pathway,ERAS and NRMP Match,Not stated on official page,Not stated on official page,Not stated on official page,Not stated on official page,1 October 2026,https://obgyn.weillcornell.org/medical-education/fellowship-programs/fellowship-complex-family-planning,not_researched,
/programs/women-and-infants-hospital-brown-university-gynecologic-oncology-fellowship,https://thefellowshipportal.com/programs/women-and-infants-hospital-brown-university-gynecologic-oncology-fellowship,Gynecologic Oncology Fellowship,"Women and Infants Hospital, Brown University",Obstetrics & Gynaecology,Gynaecologic oncology,Not stated on official page,Rhode Island,Clinical Fellowship,3 years,Annual academic intake; confirm exact date with programme,Follow the current ERAS and NRMP Gynecologic Oncology fellowship timeline,"Completed Obstetrics and Gynaecology residency; ERAS, NRMP and institution-specific requirements apply",Check with programme,Listed by the Society of Gynecologic Oncology; confirm current ACGME status,ERAS and NRMP Match,Not stated on official page,Not stated on official page,Not stated on official page,Not stated on official page,1 October 2026,https://www.womenandinfants.org/for-physicians/gyn-oncology-fellowship.cfm,not_researched,
/programs/women-and-infants-hospital-brown-university-urogynecology-reconstructive-pelvic-surgery-fellowship,https://thefellowshipportal.com/programs/women-and-infants-hospital-brown-university-urogynecology-reconstructive-pelvic-surgery-fellowship,Urogynecology & Reconstructive Pelvic Surgery Fellowship,"Women and Infants Hospital, Brown University",Obstetrics & Gynaecology,Urogynecology & reconstructive pelvic surgery,Not stated on official page,Rhode Island,Clinical Fellowship,3 years for OBGYN pathways; confirm urology-entry options,Early August 2027 for the published cycle; confirm with programme,Participated in the 2026 ERAS and NRMP cycle; confirm the next cycle,"Completed eligible Obstetrics and Gynaecology or Urology residency; ERAS, NRMP and institution-specific requirements apply",Check with programme,Listed in the American Urogynecologic Society 2026 programme guide; confirm current ACGME status,ERAS and NRMP Match,1 position in the published 2026 cycle,Not stated on official page,Not stated on official page,Not stated on official page,1 October 2026,https://obgynresidency.med.brown.edu/urogynecology-and-reconstructive-pelvic-surgery-fellowship,not_researched,
/programs/yale-university-complex-family-planning-fellowship,https://thefellowshipportal.com/programs/yale-university-complex-family-planning-fellowship,Complex Family Planning Fellowship,Yale University,Obstetrics & Gynaecology,Complex family planning,Not stated on official page,Connecticut,Clinical Fellowship,2 years,1 August 2027 for the published cycle,The published 2026 application cycle has closed; confirm the next ERAS and NRMP cycle,"Completed Obstetrics and Gynaecology residency; ERAS, NRMP and institution-specific requirements apply",Check with programme,ACGME-accredited Complex Family Planning pathway,ERAS and NRMP Match,Not stated on official page,Not stated on official page,Not stated on official page,Not stated on official page,1 October 2026,https://medicine.yale.edu/obgyn/education/fellowships/family-planning/,not_researched,
/programs/zucker-school-of-medicine-at-hofstra-northwell-complex-family-planning-fellowship,https://thefellowshipportal.com/programs/zucker-school-of-medicine-at-hofstra-northwell-complex-family-planning-fellowship,Complex Family Planning Fellowship,Zucker School of Medicine at Hofstra/Northwell,Obstetrics & Gynaecology,Complex family planning,Not stated on official page,New York,Clinical Fellowship,2 years,1 August 2027 for the published cycle,The published 2026 application cycle has closed; confirm the next ERAS and NRMP cycle,"Completed Obstetrics and Gynaecology residency; ERAS, NRMP and institution-specific requirements apply",Check with programme,ACGME-accredited Complex Family Planning pathway,ERAS and NRMP Match,Not stated on official page,Not stated on official page,Not stated on official page,Not stated on official page,1 October 2026,https://physicians.northwell.edu/education/graduate-medical-education/fellowship-complex-family-planning,not_researched,
/programs/zucker-school-of-medicine-at-hofstra-northwell-gynecologic-oncology-fellowship,https://thefellowshipportal.com/programs/zucker-school-of-medicine-at-hofstra-northwell-gynecologic-oncology-fellowship,Gynecologic Oncology Fellowship,Zucker School of Medicine at Hofstra/Northwell,Obstetrics & Gynaecology,Gynaecologic oncology,Not stated on official page,New York,Clinical Fellowship,3 years,Annual academic intake; confirm exact date with programme,Follow the current ERAS and NRMP Gynecologic Oncology fellowship timeline,"Completed Obstetrics and Gynaecology residency; ERAS, NRMP and institution-specific requirements apply",Check with programme,Listed by the Society of Gynecologic Oncology; confirm current ACGME status,ERAS and NRMP Match,Not stated on official page,Not stated on official page,Not stated on official page,Not stated on official page,1 October 2026,https://professionals.northwell.edu/graduate-medical-education/hofstra-northwell-gynecologic-oncology-fellowship-training-program,not_researched,
/programs/zucker-school-of-medicine-at-hofstra-northwell-urogynecology-reconstructive-pelvic-surgery-fellowship,https://thefellowshipportal.com/programs/zucker-school-of-medicine-at-hofstra-northwell-urogynecology-reconstructive-pelvic-surgery-fellowship,Urogynecology & Reconstructive Pelvic Surgery Fellowship,Zucker School of Medicine at Hofstra/Northwell,Obstetrics & Gynaecology,Urogynecology & reconstructive pelvic surgery,Not stated on official page,New York,Clinical Fellowship,3 years for OBGYN pathways; confirm urology-entry options,Early August 2027 for the published cycle; confirm with programme,Participated in the 2026 ERAS and NRMP cycle; confirm the next cycle,"Completed eligible Obstetrics and Gynaecology or Urology residency; ERAS, NRMP and institution-specific requirements apply",Check with programme,Listed in the American Urogynecologic Society 2026 programme guide; confirm current ACGME status,ERAS and NRMP Match,2 positions in the published 2026 cycle,Not stated on official page,Not stated on official page,Not stated on official page,1 October 2026,https://physicians.northwell.edu/education/graduate-medical-education/fellowship-female-pelvic-medicine-reconstructive-surgery,not_researched,
